work_id,unit_id,collection,format,status,error,n_parts_raw,n_parts_kept,collapse_ratio,n_events,n_rests,seconds
dcml-bach_en_fr_suites-bwv-806,dcml-bach_en_fr_suites-bwv-806--bwv806-01-prelude,dcml/bach_en_fr_suites,dcml_tsv,ok,,2,2,0.0,776,27,0.0
dcml-bach_en_fr_suites-bwv-806,dcml-bach_en_fr_suites-bwv-806--bwv806-02-allemande,dcml/bach_en_fr_suites,dcml_tsv,ok,,2,2,0.0,833,41,0.0
dcml-bach_en_fr_suites-bwv-806,dcml-bach_en_fr_suites-bwv-806--bwv806-03-courante-i,dcml/bach_en_fr_suites,dcml_tsv,ok,,2,2,0.0,375,21,0.0
dcml-bach_en_fr_suites-bwv-806,dcml-bach_en_fr_suites-bwv-806--bwv806-04-courante-ii,dcml/bach_en_fr_suites,dcml_tsv,ok,,2,2,0.0,396,6,0.0
dcml-bach_en_fr_suites-bwv-806,dcml-bach_en_fr_suites-bwv-806--bwv806-05-double-i,dcml/bach_en_fr_suites,dcml_tsv,ok,,2,2,0.0,469,11,0.0
dcml-bach_en_fr_suites-bwv-806,dcml-bach_en_fr_suites-bwv-806--bwv806-06-double-ii,dcml/bach_en_fr_suites,dcml_tsv,ok,,2,2,0.0,474,13,0.0
dcml-bach_en_fr_suites-bwv-806,dcml-bach_en_fr_suites-bwv-806--bwv806-07-sarabande,dcml/bach_en_fr_suites,dcml_tsv,ok,,2,2,0.0,418,11,0.0
dcml-bach_en_fr_suites-bwv-806,dcml-bach_en_fr_suites-bwv-806--bwv806-08-bouree-i,dcml/bach_en_fr_suites,dcml_tsv,ok,,2,2,0.0,572,14,0.0
dcml-bach_en_fr_suites-bwv-806,dcml-bach_en_fr_suites-bwv-806--bwv806-09-bouree-ii,dcml/bach_en_fr_suites,dcml_tsv,ok,,2,2,0.0,435,0,0.0
dcml-bach_en_fr_suites-bwv-806,dcml-bach_en_fr_suites-bwv-806--bwv806-10-gigue,dcml/bach_en_fr_suites,dcml_tsv,ok,,2,2,0.0,791,2,0.0
dcml-bach_en_fr_suites-bwv-807,dcml-bach_en_fr_suites-bwv-807--bwv807-01-prelude,dcml/bach_en_fr_suites,dcml_tsv,ok,,2,2,0.0,3074,75,0.0
dcml-bach_en_fr_suites-bwv-807,dcml-bach_en_fr_suites-bwv-807--bwv807-02-allemande,dcml/bach_en_fr_suites,dcml_tsv,ok,,2,2,0.0,630,15,0.0
dcml-bach_en_fr_suites-bwv-807,dcml-bach_en_fr_suites-bwv-807--bwv807-03-courante,dcml/bach_en_fr_suites,dcml_tsv,ok,,2,2,0.0,437,7,0.0
dcml-bach_en_fr_suites-bwv-807,dcml-bach_en_fr_suites-bwv-807--bwv807-04-sarabande,dcml/bach_en_fr_suites,dcml_tsv,ok,,2,2,0.0,342,6,0.0
dcml-bach_en_fr_suites-bwv-807,dcml-bach_en_fr_suites-bwv-807--bwv807-04a-agrements-de-la-sarabande,dcml/bach_en_fr_suites,dcml_tsv,ok,,2,2,0.0,421,13,0.0
dcml-bach_en_fr_suites-bwv-807,dcml-bach_en_fr_suites-bwv-807--bwv807-05-bourree-i,dcml/bach_en_fr_suites,dcml_tsv,ok,,2,2,0.0,711,1,0.0
dcml-bach_en_fr_suites-bwv-807,dcml-bach_en_fr_suites-bwv-807--bwv807-06-bourree-ii,dcml/bach_en_fr_suites,dcml_tsv,ok,,2,2,0.0,301,5,0.0
dcml-bach_en_fr_suites-bwv-807,dcml-bach_en_fr_suites-bwv-807--bwv807-07-gigue,dcml/bach_en_fr_suites,dcml_tsv,ok,,2,2,0.0,787,10,0.0
dcml-bach_en_fr_suites-bwv-808,dcml-bach_en_fr_suites-bwv-808--bwv808-01-prelude,dcml/bach_en_fr_suites,dcml_tsv,ok,,2,2,0.0,2107,40,0.0
dcml-bach_en_fr_suites-bwv-808,dcml-bach_en_fr_suites-bwv-808--bwv808-02-allemande,dcml/bach_en_fr_suites,dcml_tsv,ok,,2,2,0.0,592,18,0.0
dcml-bach_en_fr_suites-bwv-808,dcml-bach_en_fr_suites-bwv-808--bwv808-03-courante,dcml/bach_en_fr_suites,dcml_tsv,ok,,2,2,0.0,563,15,0.0
dcml-bach_en_fr_suites-bwv-808,dcml-bach_en_fr_suites-bwv-808--bwv808-04-sarabande,dcml/bach_en_fr_suites,dcml_tsv,ok,,2,2,0.0,233,12,0.0
dcml-bach_en_fr_suites-bwv-808,dcml-bach_en_fr_suites-bwv-808--bwv808-04a-agrements-de-la-sarabande,dcml/bach_en_fr_suites,dcml_tsv,ok,,2,2,0.0,314,19,0.0
dcml-bach_en_fr_suites-bwv-808,dcml-bach_en_fr_suites-bwv-808--bwv808-05-gavotte-i,dcml/bach_en_fr_suites,dcml_tsv,ok,,2,2,0.0,372,8,0.0
dcml-bach_en_fr_suites-bwv-808,dcml-bach_en_fr_suites-bwv-808--bwv808-06-gavotte-ii,dcml/bach_en_fr_suites,dcml_tsv,ok,,2,2,0.0,160,4,0.0
dcml-bach_en_fr_suites-bwv-808,dcml-bach_en_fr_suites-bwv-808--bwv808-07-gigue,dcml/bach_en_fr_suites,dcml_tsv,ok,,2,2,0.0,837,32,0.0
dcml-bach_en_fr_suites-bwv-809,dcml-bach_en_fr_suites-bwv-809--bwv809-01-prelude,dcml/bach_en_fr_suites,dcml_tsv,ok,,2,2,0.0,2805,119,0.1
dcml-bach_en_fr_suites-bwv-809,dcml-bach_en_fr_suites-bwv-809--bwv809-02-allemande,dcml/bach_en_fr_suites,dcml_tsv,ok,,2,2,0.0,705,29,0.0
dcml-bach_en_fr_suites-bwv-809,dcml-bach_en_fr_suites-bwv-809--bwv809-03-courante,dcml/bach_en_fr_suites,dcml_tsv,ok,,2,2,0.0,332,11,0.0
dcml-bach_en_fr_suites-bwv-809,dcml-bach_en_fr_suites-bwv-809--bwv809-04-sarabande,dcml/bach_en_fr_suites,dcml_tsv,ok,,2,2,0.0,299,4,0.0
dcml-bach_en_fr_suites-bwv-809,dcml-bach_en_fr_suites-bwv-809--bwv809-05-menuett-i,dcml/bach_en_fr_suites,dcml_tsv,ok,,2,2,0.0,307,0,0.0
dcml-bach_en_fr_suites-bwv-809,dcml-bach_en_fr_suites-bwv-809--bwv809-06-menuett-ii,dcml/bach_en_fr_suites,dcml_tsv,ok,,2,2,0.0,303,14,0.0
dcml-bach_en_fr_suites-bwv-809,dcml-bach_en_fr_suites-bwv-809--bwv809-07-gigue,dcml/bach_en_fr_suites,dcml_tsv,ok,,2,2,0.0,1020,22,0.0
dcml-bach_en_fr_suites-bwv-810,dcml-bach_en_fr_suites-bwv-810--bwv810-01-prelude,dcml/bach_en_fr_suites,dcml_tsv,ok,,2,2,0.0,3192,132,0.0
dcml-bach_en_fr_suites-bwv-810,dcml-bach_en_fr_suites-bwv-810--bwv810-02-allemande,dcml/bach_en_fr_suites,dcml_tsv,ok,,2,2,0.0,685,29,0.0
dcml-bach_en_fr_suites-bwv-810,dcml-bach_en_fr_suites-bwv-810--bwv810-03-courante,dcml/bach_en_fr_suites,dcml_tsv,ok,,2,2,0.0,485,45,0.0
dcml-bach_en_fr_suites-bwv-810,dcml-bach_en_fr_suites-bwv-810--bwv810-04-sarabande,dcml/bach_en_fr_suites,dcml_tsv,ok,,2,2,0.0,404,20,0.0
dcml-bach_en_fr_suites-bwv-810,dcml-bach_en_fr_suites-bwv-810--bwv810-05-passepied-i,dcml/bach_en_fr_suites,dcml_tsv,ok,,2,2,0.0,697,3,0.0
dcml-bach_en_fr_suites-bwv-810,dcml-bach_en_fr_suites-bwv-810--bwv810-06-passepied-ii,dcml/bach_en_fr_suites,dcml_tsv,ok,,2,2,0.0,207,1,0.0
dcml-bach_en_fr_suites-bwv-810,dcml-bach_en_fr_suites-bwv-810--bwv810-07-gigue,dcml/bach_en_fr_suites,dcml_tsv,ok,,2,2,0.0,856,20,0.0
dcml-bach_en_fr_suites-bwv-811,dcml-bach_en_fr_suites-bwv-811--bwv811-01-prelude,dcml/bach_en_fr_suites,dcml_tsv,ok,,2,2,0.0,4432,179,0.4
dcml-bach_en_fr_suites-bwv-811,dcml-bach_en_fr_suites-bwv-811--bwv811-02-allemande,dcml/bach_en_fr_suites,dcml_tsv,ok,,2,2,0.0,683,51,0.0
dcml-bach_en_fr_suites-bwv-811,dcml-bach_en_fr_suites-bwv-811--bwv811-03-courante,dcml/bach_en_fr_suites,dcml_tsv,ok,,2,2,0.0,607,13,0.0
dcml-bach_en_fr_suites-bwv-811,dcml-bach_en_fr_suites-bwv-811--bwv811-04-sarabande,dcml/bach_en_fr_suites,dcml_tsv,ok,,2,2,0.0,257,1,0.0
dcml-bach_en_fr_suites-bwv-811,dcml-bach_en_fr_suites-bwv-811--bwv811-05-double,dcml/bach_en_fr_suites,dcml_tsv,ok,,2,2,0.0,474,63,0.0
dcml-bach_en_fr_suites-bwv-811,dcml-bach_en_fr_suites-bwv-811--bwv811-06-gavotte-i,dcml/bach_en_fr_suites,dcml_tsv,ok,,2,2,0.0,473,1,0.0
dcml-bach_en_fr_suites-bwv-811,dcml-bach_en_fr_suites-bwv-811--bwv811-07-gavotte-ii,dcml/bach_en_fr_suites,dcml_tsv,ok,,2,2,0.0,339,0,0.0
dcml-bach_en_fr_suites-bwv-811,dcml-bach_en_fr_suites-bwv-811--bwv811-08-gigue,dcml/bach_en_fr_suites,dcml_tsv,ok,,2,2,0.0,1006,198,0.0
dcml-bach_en_fr_suites-bwv-812,dcml-bach_en_fr_suites-bwv-812--bwv812-01-allemande,dcml/bach_en_fr_suites,dcml_tsv,ok,,2,2,0.0,552,34,0.0
dcml-bach_en_fr_suites-bwv-812,dcml-bach_en_fr_suites-bwv-812--bwv812-02-courante,dcml/bach_en_fr_suites,dcml_tsv,ok,,2,2,0.0,445,29,0.0
dcml-bach_en_fr_suites-bwv-812,dcml-bach_en_fr_suites-bwv-812--bwv812-03-sarabande,dcml/bach_en_fr_suites,dcml_tsv,ok,,2,2,0.0,310,7,0.0
dcml-bach_en_fr_suites-bwv-812,dcml-bach_en_fr_suites-bwv-812--bwv812-04-menuett-i,dcml/bach_en_fr_suites,dcml_tsv,ok,,2,2,0.0,251,11,0.0
dcml-bach_en_fr_suites-bwv-812,dcml-bach_en_fr_suites-bwv-812--bwv812-05-menuett-ii,dcml/bach_en_fr_suites,dcml_tsv,ok,,2,2,0.0,426,3,0.0
dcml-bach_en_fr_suites-bwv-812,dcml-bach_en_fr_suites-bwv-812--bwv812-06-gigue,dcml/bach_en_fr_suites,dcml_tsv,ok,,2,2,0.0,556,17,0.0
dcml-bach_en_fr_suites-bwv-813,dcml-bach_en_fr_suites-bwv-813--bwv813-01-allemande,dcml/bach_en_fr_suites,dcml_tsv,ok,,2,2,0.0,506,41,0.0
dcml-bach_en_fr_suites-bwv-813,dcml-bach_en_fr_suites-bwv-813--bwv813-02-courante,dcml/bach_en_fr_suites,dcml_tsv,ok,,2,2,0.0,500,15,0.0
dcml-bach_en_fr_suites-bwv-813,dcml-bach_en_fr_suites-bwv-813--bwv813-03-sarabande,dcml/bach_en_fr_suites,dcml_tsv,ok,,2,2,0.0,352,10,0.0
dcml-bach_en_fr_suites-bwv-813,dcml-bach_en_fr_suites-bwv-813--bwv813-04-air,dcml/bach_en_fr_suites,dcml_tsv,ok,,2,2,0.0,389,0,0.0
dcml-bach_en_fr_suites-bwv-813,dcml-bach_en_fr_suites-bwv-813--bwv813-05-menuett,dcml/bach_en_fr_suites,dcml_tsv,ok,,2,2,0.0,261,7,0.0
dcml-bach_en_fr_suites-bwv-813,dcml-bach_en_fr_suites-bwv-813--bwv813-06-gigue,dcml/bach_en_fr_suites,dcml_tsv,ok,,2,2,0.0,416,3,0.0
dcml-bach_en_fr_suites-bwv-814,dcml-bach_en_fr_suites-bwv-814--bwv814-01-allemande,dcml/bach_en_fr_suites,dcml_tsv,ok,,2,2,0.0,511,12,0.0
dcml-bach_en_fr_suites-bwv-814,dcml-bach_en_fr_suites-bwv-814--bwv814-02-courante,dcml/bach_en_fr_suites,dcml_tsv,ok,,2,2,0.0,515,17,0.0
dcml-bach_en_fr_suites-bwv-814,dcml-bach_en_fr_suites-bwv-814--bwv814-03-sarabande,dcml/bach_en_fr_suites,dcml_tsv,ok,,2,2,0.0,352,9,0.0
dcml-bach_en_fr_suites-bwv-814,dcml-bach_en_fr_suites-bwv-814--bwv814-04-gavotte,dcml/bach_en_fr_suites,dcml_tsv,ok,,2,2,0.0,378,4,0.0
dcml-bach_en_fr_suites-bwv-814,dcml-bach_en_fr_suites-bwv-814--bwv814-05-menuett,dcml/bach_en_fr_suites,dcml_tsv,ok,,2,2,0.0,321,0,0.0
dcml-bach_en_fr_suites-bwv-814,dcml-bach_en_fr_suites-bwv-814--bwv814-06-trio,dcml/bach_en_fr_suites,dcml_tsv,ok,,2,2,0.0,218,0,0.0
dcml-bach_en_fr_suites-bwv-814,dcml-bach_en_fr_suites-bwv-814--bwv814-07-gigue,dcml/bach_en_fr_suites,dcml_tsv,ok,,2,2,0.0,643,2,0.0
dcml-bach_en_fr_suites-bwv-815,dcml-bach_en_fr_suites-bwv-815--bwv815-01-allemande,dcml/bach_en_fr_suites,dcml_tsv,ok,,2,2,0.0,429,16,0.0
dcml-bach_en_fr_suites-bwv-815,dcml-bach_en_fr_suites-bwv-815--bwv815-02-courante,dcml/bach_en_fr_suites,dcml_tsv,ok,,2,2,0.0,503,3,0.0
dcml-bach_en_fr_suites-bwv-815,dcml-bach_en_fr_suites-bwv-815--bwv815-03-sarabande,dcml/bach_en_fr_suites,dcml_tsv,ok,,2,2,0.0,306,10,0.0
dcml-bach_en_fr_suites-bwv-815,dcml-bach_en_fr_suites-bwv-815--bwv815-04-gavotte,dcml/bach_en_fr_suites,dcml_tsv,ok,,2,2,0.0,272,3,0.0
dcml-bach_en_fr_suites-bwv-815,dcml-bach_en_fr_suites-bwv-815--bwv815-05-air,dcml/bach_en_fr_suites,dcml_tsv,ok,,2,2,0.0,475,20,0.0
dcml-bach_en_fr_suites-bwv-815,dcml-bach_en_fr_suites-bwv-815--bwv815-06-menuett,dcml/bach_en_fr_suites,dcml_tsv,ok,,2,2,0.0,157,0,0.0
dcml-bach_en_fr_suites-bwv-815,dcml-bach_en_fr_suites-bwv-815--bwv815-07-gigue,dcml/bach_en_fr_suites,dcml_tsv,ok,,2,2,0.0,651,16,0.0
dcml-bach_en_fr_suites-bwv-816,dcml-bach_en_fr_suites-bwv-816--bwv816-01-allemande,dcml/bach_en_fr_suites,dcml_tsv,ok,,2,2,0.0,581,26,0.0
dcml-bach_en_fr_suites-bwv-816,dcml-bach_en_fr_suites-bwv-816--bwv816-02-courante,dcml/bach_en_fr_suites,dcml_tsv,ok,,2,2,0.0,588,12,0.0
dcml-bach_en_fr_suites-bwv-816,dcml-bach_en_fr_suites-bwv-816--bwv816-03-sarabande,dcml/bach_en_fr_suites,dcml_tsv,ok,,2,2,0.0,410,20,0.0
dcml-bach_en_fr_suites-bwv-816,dcml-bach_en_fr_suites-bwv-816--bwv816-04-gavotte,dcml/bach_en_fr_suites,dcml_tsv,ok,,2,2,0.0,313,5,0.0
dcml-bach_en_fr_suites-bwv-816,dcml-bach_en_fr_suites-bwv-816--bwv816-05-bourree,dcml/bach_en_fr_suites,dcml_tsv,ok,,2,2,0.0,380,2,0.0
dcml-bach_en_fr_suites-bwv-816,dcml-bach_en_fr_suites-bwv-816--bwv816-06-loure,dcml/bach_en_fr_suites,dcml_tsv,ok,,2,2,0.0,271,18,0.0
dcml-bach_en_fr_suites-bwv-816,dcml-bach_en_fr_suites-bwv-816--bwv816-07-gigue,dcml/bach_en_fr_suites,dcml_tsv,ok,,2,2,0.0,1147,28,0.0
dcml-bach_en_fr_suites-bwv-817,dcml-bach_en_fr_suites-bwv-817--bwv817-01-allemande,dcml/bach_en_fr_suites,dcml_tsv,ok,,2,2,0.0,663,9,0.0
dcml-bach_en_fr_suites-bwv-817,dcml-bach_en_fr_suites-bwv-817--bwv817-02-courante,dcml/bach_en_fr_suites,dcml_tsv,ok,,2,2,0.0,487,29,0.0
dcml-bach_en_fr_suites-bwv-817,dcml-bach_en_fr_suites-bwv-817--bwv817-03-sarabande,dcml/bach_en_fr_suites,dcml_tsv,ok,,2,2,0.0,256,12,0.0
dcml-bach_en_fr_suites-bwv-817,dcml-bach_en_fr_suites-bwv-817--bwv817-04-gavotte,dcml/bach_en_fr_suites,dcml_tsv,ok,,2,2,0.0,253,14,0.0
dcml-bach_en_fr_suites-bwv-817,dcml-bach_en_fr_suites-bwv-817--bwv817-05-polonaise,dcml/bach_en_fr_suites,dcml_tsv,ok,,2,2,0.0,285,0,0.0
dcml-bach_en_fr_suites-bwv-817,dcml-bach_en_fr_suites-bwv-817--bwv817-06-bourree,dcml/bach_en_fr_suites,dcml_tsv,ok,,2,2,0.0,542,1,0.0
dcml-bach_en_fr_suites-bwv-817,dcml-bach_en_fr_suites-bwv-817--bwv817-07-gigue,dcml/bach_en_fr_suites,dcml_tsv,ok,,2,2,0.0,664,24,0.0
dcml-bach_en_fr_suites-bwv-817,dcml-bach_en_fr_suites-bwv-817--bwv817-08-menuett,dcml/bach_en_fr_suites,dcml_tsv,ok,,2,2,0.0,196,14,0.0
dcml-bach_solo-bwv-1001,dcml-bach_solo-bwv-1001--bwv1001-01-adagio,dcml/bach_solo,dcml_tsv,ok,,1,1,0.0,473,40,0.0
dcml-bach_solo-bwv-1001,dcml-bach_solo-bwv-1001--bwv1001-02-fuga,dcml/bach_solo,dcml_tsv,ok,,1,1,0.0,1424,116,0.0
dcml-bach_solo-bwv-1001,dcml-bach_solo-bwv-1001--bwv1001-03-siciliano,dcml/bach_solo,dcml_tsv,ok,,1,1,0.0,444,48,0.0
dcml-bach_solo-bwv-1001,dcml-bach_solo-bwv-1001--bwv1001-04-presto,dcml/bach_solo,dcml_tsv,ok,,1,1,0.0,806,1,0.0
dcml-bach_solo-bwv-1002,dcml-bach_solo-bwv-1002--bwv1002-01-allemanda,dcml/bach_solo,dcml_tsv,ok,,1,1,0.0,533,23,0.0
dcml-bach_solo-bwv-1002,dcml-bach_solo-bwv-1002--bwv1002-02-double,dcml/bach_solo,dcml_tsv,ok,,1,1,0.0,380,0,0.0
dcml-bach_solo-bwv-1002,dcml-bach_solo-bwv-1002--bwv1002-03-corrente,dcml/bach_solo,dcml_tsv,ok,,1,1,0.0,476,0,0.0
dcml-bach_solo-bwv-1002,dcml-bach_solo-bwv-1002--bwv1002-04-double,dcml/bach_solo,dcml_tsv,ok,,1,1,0.0,955,0,0.0
dcml-bach_solo-bwv-1002,dcml-bach_solo-bwv-1002--bwv1002-05-sarabande,dcml/bach_solo,dcml_tsv,ok,,1,1,0.0,263,7,0.0
dcml-bach_solo-bwv-1002,dcml-bach_solo-bwv-1002--bwv1002-06-double,dcml/bach_solo,dcml_tsv,ok,,1,1,0.0,299,0,0.0
dcml-bach_solo-bwv-1002,dcml-bach_solo-bwv-1002--bwv1002-07-tempodiborea,dcml/bach_solo,dcml_tsv,ok,,1,1,0.0,521,24,0.0
dcml-bach_solo-bwv-1002,dcml-bach_solo-bwv-1002--bwv1002-08-double,dcml/bach_solo,dcml_tsv,ok,,1,1,0.0,554,0,0.0
dcml-bach_solo-bwv-1003,dcml-bach_solo-bwv-1003--bwv1003-01-grave,dcml/bach_solo,dcml_tsv,ok,,1,1,0.0,538,31,0.0
dcml-bach_solo-bwv-1003,dcml-bach_solo-bwv-1003--bwv1003-02-fuga,dcml/bach_solo,dcml_tsv,ok,,1,1,0.0,2338,202,0.0
dcml-bach_solo-bwv-1003,dcml-bach_solo-bwv-1003--bwv1003-03-andante,dcml/bach_solo,dcml_tsv,ok,,1,1,0.0,423,22,0.0
dcml-bach_solo-bwv-1003,dcml-bach_solo-bwv-1003--bwv1003-04-allegro,dcml/bach_solo,dcml_tsv,ok,,1,1,0.0,1021,0,0.0
dcml-bach_solo-bwv-1004,dcml-bach_solo-bwv-1004--bwv1004-01-allemande,dcml/bach_solo,dcml_tsv,ok,,1,1,0.0,541,1,0.0
dcml-bach_solo-bwv-1004,dcml-bach_solo-bwv-1004--bwv1004-02-courante,dcml/bach_solo,dcml_tsv,ok,,1,1,0.0,425,0,0.0
dcml-bach_solo-bwv-1005,dcml-bach_solo-bwv-1005--bwv1005-02-fuga,dcml/bach_solo,dcml_tsv,ok,,1,1,0.0,2676,55,0.1
dcml-bach_solo-bwv-1006,dcml-bach_solo-bwv-1006--bwv1006-04-menuett,dcml/bach_solo,dcml_tsv,ok,,1,1,0.0,377,10,0.0
dcml-bach_solo-bwv-1006,dcml-bach_solo-bwv-1006--bwv1006-05-bouree,dcml/bach_solo,dcml_tsv,ok,,1,1,0.0,269,0,0.0
dcml-bach_solo-bwv-1006,dcml-bach_solo-bwv-1006--bwv1006-06-gigue,dcml/bach_solo,dcml_tsv,ok,,1,1,0.0,333,0,0.0
dcml-bach_solo-bwv-1007,dcml-bach_solo-bwv-1007--bwv1007-01-prelude,dcml/bach_solo,dcml_tsv,ok,,1,1,0.0,702,0,0.0
dcml-bach_solo-bwv-1007,dcml-bach_solo-bwv-1007--bwv1007-02-allemande,dcml/bach_solo,dcml_tsv,ok,,1,1,0.0,472,2,0.0
dcml-bach_solo-bwv-1007,dcml-bach_solo-bwv-1007--bwv1007-03-courante,dcml/bach_solo,dcml_tsv,ok,,1,1,0.0,408,1,0.0
dcml-bach_solo-bwv-1007,dcml-bach_solo-bwv-1007--bwv1007-04-sarabande,dcml/bach_solo,dcml_tsv,ok,,1,1,0.0,153,2,0.0
dcml-bach_solo-bwv-1007,dcml-bach_solo-bwv-1007--bwv1007-05-menueti,dcml/bach_solo,dcml_tsv,ok,,1,1,0.0,134,1,0.0
dcml-bach_solo-bwv-1007,dcml-bach_solo-bwv-1007--bwv1007-06-menuetii,dcml/bach_solo,dcml_tsv,ok,,1,1,0.0,126,0,0.0
dcml-bach_solo-bwv-1007,dcml-bach_solo-bwv-1007--bwv1007-07-gique,dcml/bach_solo,dcml_tsv,ok,,1,1,0.0,213,0,0.0
dcml-bach_solo-bwv-1008,dcml-bach_solo-bwv-1008--bwv1008-01-prelude,dcml/bach_solo,dcml_tsv,ok,,1,1,0.0,635,1,0.0
dcml-bach_solo-bwv-1008,dcml-bach_solo-bwv-1008--bwv1008-02-allemande,dcml/bach_solo,dcml_tsv,ok,,1,1,0.0,373,3,0.0
dcml-bach_solo-bwv-1008,dcml-bach_solo-bwv-1008--bwv1008-03-courante,dcml/bach_solo,dcml_tsv,ok,,1,1,0.0,370,0,0.0
dcml-bach_solo-bwv-1008,dcml-bach_solo-bwv-1008--bwv1008-04-sarabande,dcml/bach_solo,dcml_tsv,ok,,1,1,0.0,204,1,0.0
dcml-bach_solo-bwv-1008,dcml-bach_solo-bwv-1008--bwv1008-05-menueti,dcml/bach_solo,dcml_tsv,ok,,1,1,0.0,140,3,0.0
dcml-bach_solo-bwv-1008,dcml-bach_solo-bwv-1008--bwv1008-06-menuetii,dcml/bach_solo,dcml_tsv,ok,,1,1,0.0,118,0,0.0
dcml-bach_solo-bwv-1008,dcml-bach_solo-bwv-1008--bwv1008-07-gique,dcml/bach_solo,dcml_tsv,ok,,1,1,0.0,407,0,0.0
dcml-bach_solo-bwv-1009,dcml-bach_solo-bwv-1009--bwv1009-01-prelude,dcml/bach_solo,dcml_tsv,ok,,1,1,0.0,1004,3,0.0
dcml-bach_solo-bwv-1009,dcml-bach_solo-bwv-1009--bwv1009-02-allemande,dcml/bach_solo,dcml_tsv,ok,,1,1,0.0,482,1,0.0
dcml-bach_solo-bwv-1009,dcml-bach_solo-bwv-1009--bwv1009-03-courante,dcml/bach_solo,dcml_tsv,ok,,1,1,0.0,492,1,0.0
dcml-bach_solo-bwv-1009,dcml-bach_solo-bwv-1009--bwv1009-04-sarabande,dcml/bach_solo,dcml_tsv,ok,,1,1,0.0,214,2,0.0
dcml-bach_solo-bwv-1009,dcml-bach_solo-bwv-1009--bwv1009-05-bourreei,dcml/bach_solo,dcml_tsv,ok,,1,1,0.0,189,0,0.0
dcml-bach_solo-bwv-1009,dcml-bach_solo-bwv-1009--bwv1009-06-bourreeii,dcml/bach_solo,dcml_tsv,ok,,1,1,0.0,157,0,0.0
dcml-bach_solo-bwv-1009,dcml-bach_solo-bwv-1009--bwv1009-07-gique,dcml/bach_solo,dcml_tsv,ok,,1,1,0.0,521,0,0.0
dcml-bach_solo-bwv-1010,dcml-bach_solo-bwv-1010--bwv1010-01-prelude,dcml/bach_solo,dcml_tsv,ok,,1,1,0.0,823,3,0.0
dcml-bach_solo-bwv-1010,dcml-bach_solo-bwv-1010--bwv1010-02-allemande,dcml/bach_solo,dcml_tsv,ok,,1,1,0.0,531,0,0.0
dcml-bach_solo-bwv-1010,dcml-bach_solo-bwv-1010--bwv1010-03-courante,dcml/bach_solo,dcml_tsv,ok,,1,1,0.0,462,1,0.0
dcml-bach_solo-bwv-1010,dcml-bach_solo-bwv-1010--bwv1010-04-sarabande,dcml/bach_solo,dcml_tsv,ok,,1,1,0.0,194,3,0.0
dcml-bach_solo-bwv-1010,dcml-bach_solo-bwv-1010--bwv1010-05-bourreei,dcml/bach_solo,dcml_tsv,ok,,1,1,0.0,405,0,0.0
dcml-bach_solo-bwv-1010,dcml-bach_solo-bwv-1010--bwv1010-06-bourreeii,dcml/bach_solo,dcml_tsv,ok,,1,1,0.0,61,6,0.0
dcml-bach_solo-bwv-1010,dcml-bach_solo-bwv-1010--bwv1010-07-gique,dcml/bach_solo,dcml_tsv,ok,,1,1,0.0,483,0,0.0
dcml-bach_solo-bwv-1011,dcml-bach_solo-bwv-1011--bwv1011-01-prelude,dcml/bach_solo,dcml_tsv,ok,,1,1,0.0,1370,5,0.0
dcml-bach_solo-bwv-1011,dcml-bach_solo-bwv-1011--bwv1011-02-allemande,dcml/bach_solo,dcml_tsv,ok,,1,1,0.0,399,8,0.0
dcml-bach_solo-bwv-1011,dcml-bach_solo-bwv-1011--bwv1011-03-courante,dcml/bach_solo,dcml_tsv,ok,,1,1,0.0,266,15,0.0
dcml-bach_solo-bwv-1011,dcml-bach_solo-bwv-1011--bwv1011-04-sarabande,dcml/bach_solo,dcml_tsv,ok,,1,1,0.0,108,0,0.0
dcml-bach_solo-bwv-1011,dcml-bach_solo-bwv-1011--bwv1011-05-gavottei,dcml/bach_solo,dcml_tsv,ok,,1,1,0.0,308,13,0.0
dcml-bach_solo-bwv-1011,dcml-bach_solo-bwv-1011--bwv1011-06-gavotteii,dcml/bach_solo,dcml_tsv,ok,,1,1,0.0,241,0,0.0
dcml-bach_solo-bwv-1011,dcml-bach_solo-bwv-1011--bwv1011-07-gique,dcml/bach_solo,dcml_tsv,ok,,1,1,0.0,219,0,0.0
dcml-bach_solo-bwv-1012,dcml-bach_solo-bwv-1012--bwv1012-01-prelude,dcml/bach_solo,dcml_tsv,ok,,1,1,0.0,1325,14,0.0
dcml-bach_solo-bwv-1012,dcml-bach_solo-bwv-1012--bwv1012-02-allemande,dcml/bach_solo,dcml_tsv,ok,,1,1,0.0,542,14,0.0
dcml-bach_solo-bwv-1012,dcml-bach_solo-bwv-1012--bwv1012-03-courante,dcml/bach_solo,dcml_tsv,ok,,1,1,0.0,639,1,0.0
dcml-bach_solo-bwv-1012,dcml-bach_solo-bwv-1012--bwv1012-04-sarabande,dcml/bach_solo,dcml_tsv,ok,,1,1,0.0,302,9,0.0
dcml-bach_solo-bwv-1012,dcml-bach_solo-bwv-1012--bwv1012-05-gavottei,dcml/bach_solo,dcml_tsv,ok,,1,1,0.0,259,14,0.0
dcml-bach_solo-bwv-1012,dcml-bach_solo-bwv-1012--bwv1012-06-gavotteii,dcml/bach_solo,dcml_tsv,ok,,1,1,0.0,212,3,0.0
dcml-bach_solo-bwv-1012,dcml-bach_solo-bwv-1012--bwv1012-07-gique,dcml/bach_solo,dcml_tsv,ok,,1,1,0.0,648,2,0.0
dcml-bach_solo-bwv-1013,dcml-bach_solo-bwv-1013--bwv1013-01-allemande,dcml/bach_solo,dcml_tsv,ok,,1,1,0.0,759,1,0.0
dcml-bach_solo-bwv-1013,dcml-bach_solo-bwv-1013--bwv1013-02-corrente,dcml/bach_solo,dcml_tsv,ok,,1,1,0.0,669,0,0.0
dcml-bach_solo-bwv-1013,dcml-bach_solo-bwv-1013--bwv1013-03-sarabande,dcml/bach_solo,dcml_tsv,ok,,1,1,0.0,301,0,0.0
dcml-bach_solo-bwv-1013,dcml-bach_solo-bwv-1013--bwv1013-04-bourreeanglaise,dcml/bach_solo,dcml_tsv,ok,,1,1,0.0,412,0,0.0
dcml-bartok_bagatelles-op-6-sz-38-bb-50,dcml-bartok_bagatelles-op-6-sz-38-bb-50--op06n01,dcml/bartok_bagatelles,dcml_tsv,ok,,2,2,0.0,135,5,0.0
dcml-bartok_bagatelles-op-6-sz-38-bb-50,dcml-bartok_bagatelles-op-6-sz-38-bb-50--op06n02,dcml/bartok_bagatelles,dcml_tsv,ok,,2,2,0.0,335,36,0.0
dcml-bartok_bagatelles-op-6-sz-38-bb-50,dcml-bartok_bagatelles-op-6-sz-38-bb-50--op06n03,dcml/bartok_bagatelles,dcml_tsv,ok,,2,2,0.0,383,2,0.0
dcml-bartok_bagatelles-op-6-sz-38-bb-50,dcml-bartok_bagatelles-op-6-sz-38-bb-50--op06n04,dcml/bartok_bagatelles,dcml_tsv,ok,,2,2,0.0,110,2,0.0
dcml-bartok_bagatelles-op-6-sz-38-bb-50,dcml-bartok_bagatelles-op-6-sz-38-bb-50--op06n05,dcml/bartok_bagatelles,dcml_tsv,ok,,2,2,0.0,467,5,0.0
dcml-bartok_bagatelles-op-6-sz-38-bb-50,dcml-bartok_bagatelles-op-6-sz-38-bb-50--op06n06,dcml/bartok_bagatelles,dcml_tsv,ok,,2,2,0.0,117,5,0.0
dcml-bartok_bagatelles-op-6-sz-38-bb-50,dcml-bartok_bagatelles-op-6-sz-38-bb-50--op06n07,dcml/bartok_bagatelles,dcml_tsv,ok,,2,2,0.0,608,38,0.0
dcml-bartok_bagatelles-op-6-sz-38-bb-50,dcml-bartok_bagatelles-op-6-sz-38-bb-50--op06n08,dcml/bartok_bagatelles,dcml_tsv,ok,,2,2,0.0,234,61,0.0
dcml-bartok_bagatelles-op-6-sz-38-bb-50,dcml-bartok_bagatelles-op-6-sz-38-bb-50--op06n09,dcml/bartok_bagatelles,dcml_tsv,ok,,2,2,0.0,622,210,0.0
dcml-bartok_bagatelles-op-6-sz-38-bb-50,dcml-bartok_bagatelles-op-6-sz-38-bb-50--op06n10,dcml/bartok_bagatelles,dcml_tsv,ok,,2,2,0.0,1154,85,0.0
dcml-bartok_bagatelles-op-6-sz-38-bb-50,dcml-bartok_bagatelles-op-6-sz-38-bb-50--op06n11,dcml/bartok_bagatelles,dcml_tsv,ok,,2,2,0.0,352,82,0.0
dcml-bartok_bagatelles-op-6-sz-38-bb-50,dcml-bartok_bagatelles-op-6-sz-38-bb-50--op06n12,dcml/bartok_bagatelles,dcml_tsv,ok,,2,2,0.0,549,48,0.0
dcml-bartok_bagatelles-op-6-sz-38-bb-50,dcml-bartok_bagatelles-op-6-sz-38-bb-50--op06n13,dcml/bartok_bagatelles,dcml_tsv,ok,,2,2,0.0,200,34,0.0
dcml-bartok_bagatelles-op-6-sz-38-bb-50,dcml-bartok_bagatelles-op-6-sz-38-bb-50--op06n14,dcml/bartok_bagatelles,dcml_tsv,ok,,2,2,0.0,953,97,0.0
dcml-beethoven_piano_sonatas-op-10-1,dcml-beethoven_piano_sonatas-op-10-1--05-1,dcml/beethoven_piano_sonatas,dcml_tsv,ok,,2,2,0.0,1651,151,0.0
dcml-beethoven_piano_sonatas-op-10-1,dcml-beethoven_piano_sonatas-op-10-1--05-2,dcml/beethoven_piano_sonatas,dcml_tsv,ok,,2,2,0.0,1197,142,0.0
dcml-beethoven_piano_sonatas-op-10-1,dcml-beethoven_piano_sonatas-op-10-1--05-3,dcml/beethoven_piano_sonatas,dcml_tsv,ok,,2,2,0.0,1409,149,0.0
dcml-beethoven_piano_sonatas-op-10-2,dcml-beethoven_piano_sonatas-op-10-2--06-1,dcml/beethoven_piano_sonatas,dcml_tsv,ok,,2,2,0.0,2006,335,0.0
dcml-beethoven_piano_sonatas-op-10-2,dcml-beethoven_piano_sonatas-op-10-2--06-2,dcml/beethoven_piano_sonatas,dcml_tsv,ok,,2,2,0.0,846,82,0.0
dcml-beethoven_piano_sonatas-op-10-2,dcml-beethoven_piano_sonatas-op-10-2--06-3,dcml/beethoven_piano_sonatas,dcml_tsv,ok,,2,2,0.0,1629,24,0.0
dcml-beethoven_piano_sonatas-op-10-3,dcml-beethoven_piano_sonatas-op-10-3--07-1,dcml/beethoven_piano_sonatas,dcml_tsv,ok,,2,2,0.0,3009,213,0.0
dcml-beethoven_piano_sonatas-op-10-3,dcml-beethoven_piano_sonatas-op-10-3--07-2,dcml/beethoven_piano_sonatas,dcml_tsv,ok,,2,2,0.0,1591,191,0.0
dcml-beethoven_piano_sonatas-op-10-3,dcml-beethoven_piano_sonatas-op-10-3--07-3,dcml/beethoven_piano_sonatas,dcml_tsv,ok,,2,2,0.0,604,30,0.0
dcml-beethoven_piano_sonatas-op-10-3,dcml-beethoven_piano_sonatas-op-10-3--07-4,dcml/beethoven_piano_sonatas,dcml_tsv,ok,,2,2,0.0,1776,168,0.0
dcml-beethoven_piano_sonatas-op-106,dcml-beethoven_piano_sonatas-op-106--29-1,dcml/beethoven_piano_sonatas,dcml_tsv,ok,,2,2,0.0,4326,348,0.1
dcml-beethoven_piano_sonatas-op-106,dcml-beethoven_piano_sonatas-op-106--29-2,dcml/beethoven_piano_sonatas,dcml_tsv,ok,,2,2,0.0,1252,296,0.0
dcml-beethoven_piano_sonatas-op-106,dcml-beethoven_piano_sonatas-op-106--29-3,dcml/beethoven_piano_sonatas,dcml_tsv,ok,,2,2,0.0,3435,220,0.1
dcml-beethoven_piano_sonatas-op-106,dcml-beethoven_piano_sonatas-op-106--29-4,dcml/beethoven_piano_sonatas,dcml_tsv,ok,,2,2,0.0,6042,539,0.1
dcml-beethoven_piano_sonatas-op-109,dcml-beethoven_piano_sonatas-op-109--30-1,dcml/beethoven_piano_sonatas,dcml_tsv,ok,,2,2,0.0,1292,168,0.0
dcml-beethoven_piano_sonatas-op-109,dcml-beethoven_piano_sonatas-op-109--30-2,dcml/beethoven_piano_sonatas,dcml_tsv,ok,,2,2,0.0,1295,87,0.0
dcml-beethoven_piano_sonatas-op-109,dcml-beethoven_piano_sonatas-op-109--30-3,dcml/beethoven_piano_sonatas,dcml_tsv,ok,,2,2,0.0,3334,281,0.1
dcml-beethoven_piano_sonatas-op-110,dcml-beethoven_piano_sonatas-op-110--31-1,dcml/beethoven_piano_sonatas,dcml_tsv,ok,,2,2,0.0,2032,84,0.0
dcml-beethoven_piano_sonatas-op-110,dcml-beethoven_piano_sonatas-op-110--31-2,dcml/beethoven_piano_sonatas,dcml_tsv,ok,,2,2,0.0,627,75,0.0
dcml-beethoven_piano_sonatas-op-110,dcml-beethoven_piano_sonatas-op-110--31-3,dcml/beethoven_piano_sonatas,dcml_tsv,ok,,2,2,0.0,2706,118,0.1
dcml-beethoven_piano_sonatas-op-111,dcml-beethoven_piano_sonatas-op-111--32-1,dcml/beethoven_piano_sonatas,dcml_tsv,ok,,2,2,0.0,3062,219,0.1
dcml-beethoven_piano_sonatas-op-111,dcml-beethoven_piano_sonatas-op-111--32-2,dcml/beethoven_piano_sonatas,dcml_tsv,ok,,2,2,0.0,4872,125,0.1
dcml-beethoven_piano_sonatas-op-13,dcml-beethoven_piano_sonatas-op-13--08-1,dcml/beethoven_piano_sonatas,dcml_tsv,ok,,2,2,0.0,3246,208,0.1
dcml-beethoven_piano_sonatas-op-13,dcml-beethoven_piano_sonatas-op-13--08-2,dcml/beethoven_piano_sonatas,dcml_tsv,ok,,2,2,0.0,1195,42,0.0
dcml-beethoven_piano_sonatas-op-13,dcml-beethoven_piano_sonatas-op-13--08-3,dcml/beethoven_piano_sonatas,dcml_tsv,ok,,2,2,0.0,2084,156,0.0
dcml-beethoven_piano_sonatas-op-14-1,dcml-beethoven_piano_sonatas-op-14-1--09-1,dcml/beethoven_piano_sonatas,dcml_tsv,ok,,2,2,0.0,1848,155,0.0
dcml-beethoven_piano_sonatas-op-14-1,dcml-beethoven_piano_sonatas-op-14-1--09-2,dcml/beethoven_piano_sonatas,dcml_tsv,ok,,2,2,0.0,1032,71,0.0
dcml-beethoven_piano_sonatas-op-14-1,dcml-beethoven_piano_sonatas-op-14-1--09-3,dcml/beethoven_piano_sonatas,dcml_tsv,ok,,2,2,0.0,1547,83,0.0
dcml-beethoven_piano_sonatas-op-14-2,dcml-beethoven_piano_sonatas-op-14-2--10-1,dcml/beethoven_piano_sonatas,dcml_tsv,ok,,2,2,0.0,2382,91,0.0
dcml-beethoven_piano_sonatas-op-14-2,dcml-beethoven_piano_sonatas-op-14-2--10-2,dcml/beethoven_piano_sonatas,dcml_tsv,ok,,2,2,0.0,1027,346,0.0
dcml-beethoven_piano_sonatas-op-14-2,dcml-beethoven_piano_sonatas-op-14-2--10-3,dcml/beethoven_piano_sonatas,dcml_tsv,ok,,2,2,0.0,1858,148,0.0
dcml-beethoven_piano_sonatas-op-2-1,dcml-beethoven_piano_sonatas-op-2-1--01-1,dcml/beethoven_piano_sonatas,dcml_tsv,ok,,2,2,0.0,1366,146,0.0
dcml-beethoven_piano_sonatas-op-2-1,dcml-beethoven_piano_sonatas-op-2-1--01-2,dcml/beethoven_piano_sonatas,dcml_tsv,ok,,2,2,0.0,1091,102,0.0
dcml-beethoven_piano_sonatas-op-2-1,dcml-beethoven_piano_sonatas-op-2-1--01-3,dcml/beethoven_piano_sonatas,dcml_tsv,ok,,2,2,0.0,499,44,0.0
dcml-beethoven_piano_sonatas-op-2-1,dcml-beethoven_piano_sonatas-op-2-1--01-4,dcml/beethoven_piano_sonatas,dcml_tsv,ok,,2,2,0.0,2361,154,0.0
dcml-beethoven_piano_sonatas-op-2-2,dcml-beethoven_piano_sonatas-op-2-2--02-1,dcml/beethoven_piano_sonatas,dcml_tsv,ok,,2,2,0.0,2416,215,0.0
dcml-beethoven_piano_sonatas-op-2-2,dcml-beethoven_piano_sonatas-op-2-2--02-2,dcml/beethoven_piano_sonatas,dcml_tsv,ok,,2,2,0.0,1028,155,0.0
dcml-beethoven_piano_sonatas-op-2-2,dcml-beethoven_piano_sonatas-op-2-2--02-3,dcml/beethoven_piano_sonatas,dcml_tsv,ok,,2,2,0.0,486,71,0.0
dcml-beethoven_piano_sonatas-op-2-2,dcml-beethoven_piano_sonatas-op-2-2--02-4,dcml/beethoven_piano_sonatas,dcml_tsv,ok,,2,2,0.0,2987,171,0.0
dcml-beethoven_piano_sonatas-op-2-3,dcml-beethoven_piano_sonatas-op-2-3--03-1,dcml/beethoven_piano_sonatas,dcml_tsv,ok,,2,2,0.0,3224,210,0.1
dcml-beethoven_piano_sonatas-op-2-3,dcml-beethoven_piano_sonatas-op-2-3--03-2,dcml/beethoven_piano_sonatas,dcml_tsv,ok,,2,2,0.0,1189,176,0.0
dcml-beethoven_piano_sonatas-op-2-3,dcml-beethoven_piano_sonatas-op-2-3--03-3,dcml/beethoven_piano_sonatas,dcml_tsv,ok,,2,2,0.0,889,84,0.0
dcml-beethoven_piano_sonatas-op-2-3,dcml-beethoven_piano_sonatas-op-2-3--03-4,dcml/beethoven_piano_sonatas,dcml_tsv,ok,,2,2,0.0,2616,213,0.1
dcml-beethoven_piano_sonatas-op-22,dcml-beethoven_piano_sonatas-op-22--11-1,dcml/beethoven_piano_sonatas,dcml_tsv,ok,,2,2,0.0,3242,165,0.1
dcml-beethoven_piano_sonatas-op-22,dcml-beethoven_piano_sonatas-op-22--11-2,dcml/beethoven_piano_sonatas,dcml_tsv,ok,,2,2,0.0,1543,113,0.0
dcml-beethoven_piano_sonatas-op-22,dcml-beethoven_piano_sonatas-op-22--11-3,dcml/beethoven_piano_sonatas,dcml_tsv,ok,,2,2,0.0,636,58,0.0
dcml-beethoven_piano_sonatas-op-22,dcml-beethoven_piano_sonatas-op-22--11-4,dcml/beethoven_piano_sonatas,dcml_tsv,ok,,2,2,0.0,3029,116,0.0
dcml-beethoven_piano_sonatas-op-26,dcml-beethoven_piano_sonatas-op-26--12-1,dcml/beethoven_piano_sonatas,dcml_tsv,ok,,2,2,0.0,2286,317,0.1
dcml-beethoven_piano_sonatas-op-26,dcml-beethoven_piano_sonatas-op-26--12-2,dcml/beethoven_piano_sonatas,dcml_tsv,ok,,2,2,0.0,547,72,0.0
dcml-beethoven_piano_sonatas-op-26,dcml-beethoven_piano_sonatas-op-26--12-3,dcml/beethoven_piano_sonatas,dcml_tsv,ok,,2,2,0.0,1075,69,0.0
dcml-beethoven_piano_sonatas-op-26,dcml-beethoven_piano_sonatas-op-26--12-4,dcml/beethoven_piano_sonatas,dcml_tsv,ok,,2,2,0.0,1936,58,0.0
dcml-beethoven_piano_sonatas-op-27-1,dcml-beethoven_piano_sonatas-op-27-1--13-1,dcml/beethoven_piano_sonatas,dcml_tsv,ok,,2,2,0.0,1248,82,0.0
dcml-beethoven_piano_sonatas-op-27-1,dcml-beethoven_piano_sonatas-op-27-1--13-2,dcml/beethoven_piano_sonatas,dcml_tsv,ok,,2,2,0.0,804,106,0.0
dcml-beethoven_piano_sonatas-op-27-1,dcml-beethoven_piano_sonatas-op-27-1--13-3,dcml/beethoven_piano_sonatas,dcml_tsv,ok,,2,2,0.0,490,3,0.0
dcml-beethoven_piano_sonatas-op-27-1,dcml-beethoven_piano_sonatas-op-27-1--13-4,dcml/beethoven_piano_sonatas,dcml_tsv,ok,,2,2,0.0,3079,51,0.1
dcml-beethoven_piano_sonatas-op-27-2,dcml-beethoven_piano_sonatas-op-27-2--14-1,dcml/beethoven_piano_sonatas,dcml_tsv,ok,,2,2,0.0,1054,19,0.0
dcml-beethoven_piano_sonatas-op-27-2,dcml-beethoven_piano_sonatas-op-27-2--14-2,dcml/beethoven_piano_sonatas,dcml_tsv,ok,,2,2,0.0,233,37,0.0
dcml-beethoven_piano_sonatas-op-27-2,dcml-beethoven_piano_sonatas-op-27-2--14-3,dcml/beethoven_piano_sonatas,dcml_tsv,ok,,2,2,0.0,3880,78,0.1
dcml-beethoven_piano_sonatas-op-28,dcml-beethoven_piano_sonatas-op-28--15-1,dcml/beethoven_piano_sonatas,dcml_tsv,ok,,2,2,0.0,3437,177,0.1
dcml-beethoven_piano_sonatas-op-28,dcml-beethoven_piano_sonatas-op-28--15-2,dcml/beethoven_piano_sonatas,dcml_tsv,ok,,2,2,0.0,1463,70,0.0
dcml-beethoven_piano_sonatas-op-28,dcml-beethoven_piano_sonatas-op-28--15-3,dcml/beethoven_piano_sonatas,dcml_tsv,ok,,2,2,0.0,413,83,0.0
dcml-beethoven_piano_sonatas-op-28,dcml-beethoven_piano_sonatas-op-28--15-4,dcml/beethoven_piano_sonatas,dcml_tsv,ok,,2,2,0.0,2329,247,0.0
dcml-beethoven_piano_sonatas-op-31-1,dcml-beethoven_piano_sonatas-op-31-1--16-1,dcml/beethoven_piano_sonatas,dcml_tsv,ok,,2,2,0.0,2510,296,0.1
dcml-beethoven_piano_sonatas-op-31-1,dcml-beethoven_piano_sonatas-op-31-1--16-2,dcml/beethoven_piano_sonatas,dcml_tsv,ok,,2,2,0.0,2876,158,0.1
dcml-beethoven_piano_sonatas-op-31-1,dcml-beethoven_piano_sonatas-op-31-1--16-3,dcml/beethoven_piano_sonatas,dcml_tsv,ok,,2,2,0.0,3558,177,0.1
dcml-beethoven_piano_sonatas-op-31-2,dcml-beethoven_piano_sonatas-op-31-2--17-1,dcml/beethoven_piano_sonatas,dcml_tsv,ok,,2,2,0.0,2273,131,0.0
dcml-beethoven_piano_sonatas-op-31-2,dcml-beethoven_piano_sonatas-op-31-2--17-2,dcml/beethoven_piano_sonatas,dcml_tsv,ok,,2,2,0.0,1191,145,0.0
dcml-beethoven_piano_sonatas-op-31-2,dcml-beethoven_piano_sonatas-op-31-2--17-3,dcml/beethoven_piano_sonatas,dcml_tsv,ok,,2,2,0.0,3483,358,0.1
dcml-beethoven_piano_sonatas-op-31-3,dcml-beethoven_piano_sonatas-op-31-3--18-1,dcml/beethoven_piano_sonatas,dcml_tsv,ok,,2,2,0.0,2407,236,0.0
dcml-beethoven_piano_sonatas-op-31-3,dcml-beethoven_piano_sonatas-op-31-3--18-2,dcml/beethoven_piano_sonatas,dcml_tsv,ok,,2,2,0.0,1875,206,0.0
dcml-beethoven_piano_sonatas-op-31-3,dcml-beethoven_piano_sonatas-op-31-3--18-3,dcml/beethoven_piano_sonatas,dcml_tsv,ok,,2,2,0.0,629,39,0.0
dcml-beethoven_piano_sonatas-op-31-3,dcml-beethoven_piano_sonatas-op-31-3--18-4,dcml/beethoven_piano_sonatas,dcml_tsv,ok,,2,2,0.0,2543,463,0.0
dcml-beethoven_piano_sonatas-op-49-1,dcml-beethoven_piano_sonatas-op-49-1--19-1,dcml/beethoven_piano_sonatas,dcml_tsv,ok,,2,2,0.0,1080,41,0.0
dcml-beethoven_piano_sonatas-op-49-1,dcml-beethoven_piano_sonatas-op-49-1--19-2,dcml/beethoven_piano_sonatas,dcml_tsv,ok,,2,2,0.0,1737,131,0.0
dcml-beethoven_piano_sonatas-op-49-2,dcml-beethoven_piano_sonatas-op-49-2--20-1,dcml/beethoven_piano_sonatas,dcml_tsv,ok,,2,2,0.0,1507,89,0.0
dcml-beethoven_piano_sonatas-op-49-2,dcml-beethoven_piano_sonatas-op-49-2--20-2,dcml/beethoven_piano_sonatas,dcml_tsv,ok,,2,2,0.0,1092,84,0.0
dcml-beethoven_piano_sonatas-op-53,dcml-beethoven_piano_sonatas-op-53--21-1,dcml/beethoven_piano_sonatas,dcml_tsv,ok,,2,2,0.0,5315,161,0.1
dcml-beethoven_piano_sonatas-op-53,dcml-beethoven_piano_sonatas-op-53--21-2,dcml/beethoven_piano_sonatas,dcml_tsv,ok,,2,2,0.0,366,45,0.0
dcml-beethoven_piano_sonatas-op-53,dcml-beethoven_piano_sonatas-op-53--21-3,dcml/beethoven_piano_sonatas,dcml_tsv,ok,,2,2,0.0,5324,464,0.1
dcml-beethoven_piano_sonatas-op-57,dcml-beethoven_piano_sonatas-op-57--23-1,dcml/beethoven_piano_sonatas,dcml_tsv,ok,,2,2,0.0,4562,402,0.1
dcml-beethoven_piano_sonatas-op-57,dcml-beethoven_piano_sonatas-op-57--23-2,dcml/beethoven_piano_sonatas,dcml_tsv,ok,,2,2,0.0,1114,91,0.0
dcml-beethoven_piano_sonatas-op-57,dcml-beethoven_piano_sonatas-op-57--23-3,dcml/beethoven_piano_sonatas,dcml_tsv,ok,,2,2,0.0,3754,273,0.1
dcml-beethoven_piano_sonatas-op-7,dcml-beethoven_piano_sonatas-op-7--04-1,dcml/beethoven_piano_sonatas,dcml_tsv,ok,,2,2,0.0,3078,231,0.1
dcml-beethoven_piano_sonatas-op-7,dcml-beethoven_piano_sonatas-op-7--04-2,dcml/beethoven_piano_sonatas,dcml_tsv,ok,,2,2,0.0,902,149,0.0
dcml-beethoven_piano_sonatas-op-7,dcml-beethoven_piano_sonatas-op-7--04-3,dcml/beethoven_piano_sonatas,dcml_tsv,ok,,2,2,0.0,1340,57,0.0
dcml-beethoven_piano_sonatas-op-7,dcml-beethoven_piano_sonatas-op-7--04-4,dcml/beethoven_piano_sonatas,dcml_tsv,ok,,2,2,0.0,2838,160,0.1
dcml-beethoven_piano_sonatas-op-78,dcml-beethoven_piano_sonatas-op-78--24-1,dcml/beethoven_piano_sonatas,dcml_tsv,ok,,2,2,0.0,1615,112,0.1
dcml-beethoven_piano_sonatas-op-78,dcml-beethoven_piano_sonatas-op-78--24-2,dcml/beethoven_piano_sonatas,dcml_tsv,ok,,2,2,0.0,1600,260,0.0
dcml-beethoven_piano_sonatas-op-81a,dcml-beethoven_piano_sonatas-op-81a--26-1,dcml/beethoven_piano_sonatas,dcml_tsv,ok,,2,2,0.0,2009,126,0.0
dcml-beethoven_piano_sonatas-op-81a,dcml-beethoven_piano_sonatas-op-81a--26-2,dcml/beethoven_piano_sonatas,dcml_tsv,ok,,2,2,0.0,624,47,0.0
dcml-beethoven_piano_sonatas-op-81a,dcml-beethoven_piano_sonatas-op-81a--26-3,dcml/beethoven_piano_sonatas,dcml_tsv,ok,,2,2,0.0,2711,249,0.1
dcml-c_schumann_lieder-op-13,dcml-c_schumann_lieder-op-13--op13no1-ich-stand-in-dunklen-traumen,dcml/c_schumann_lieder,dcml_tsv,ok,,3,3,0.0,568,5,0.0
dcml-c_schumann_lieder-op-13,dcml-c_schumann_lieder-op-13--op13no2-sie-liebten-sich-beide,dcml/c_schumann_lieder,dcml_tsv,ok,,3,3,0.0,341,31,0.0
dcml-c_schumann_lieder-op-13,dcml-c_schumann_lieder-op-13--op13no3-liebeszauber,dcml/c_schumann_lieder,dcml_tsv,ok,,3,3,0.0,1490,42,0.0
dcml-c_schumann_lieder-op-13,dcml-c_schumann_lieder-op-13--op13no4-der-mond-kommt-still-gegangen,dcml/c_schumann_lieder,dcml_tsv,ok,,3,3,0.0,421,41,0.0
dcml-c_schumann_lieder-op-13,dcml-c_schumann_lieder-op-13--op13no5-ich-hab-in-deinem-auge,dcml/c_schumann_lieder,dcml_tsv,ok,,3,3,0.0,424,11,0.0
dcml-c_schumann_lieder-op-13,dcml-c_schumann_lieder-op-13--op13no6-die-stille-lotosblume,dcml/c_schumann_lieder,dcml_tsv,ok,,3,3,0.0,681,56,0.0
dcml-c_schumann_lieder-op-23,dcml-c_schumann_lieder-op-23--op23no1-was-weinst-du-blumlein,dcml/c_schumann_lieder,dcml_tsv,ok,,3,3,0.0,410,75,0.0
dcml-c_schumann_lieder-op-23,dcml-c_schumann_lieder-op-23--op23no2-an-einem-lichten-morgen,dcml/c_schumann_lieder,dcml_tsv,ok,,3,3,0.0,761,121,0.0
dcml-c_schumann_lieder-op-23,dcml-c_schumann_lieder-op-23--op23no3-geheimes-flustern-hier-und-dort,dcml/c_schumann_lieder,dcml_tsv,ok,,3,3,0.0,492,44,0.0
dcml-c_schumann_lieder-op-23,dcml-c_schumann_lieder-op-23--op23no4-auf-einem-grunen-hugel,dcml/c_schumann_lieder,dcml_tsv,ok,,3,3,0.0,255,20,0.0
dcml-c_schumann_lieder-op-23,dcml-c_schumann_lieder-op-23--op23no5-das-ist-ein-tag-der-klingen-mag,dcml/c_schumann_lieder,dcml_tsv,ok,,3,3,0.0,387,66,0.0
dcml-c_schumann_lieder-op-23,dcml-c_schumann_lieder-op-23--op23no6-o-lust-o-lust,dcml/c_schumann_lieder,dcml_tsv,ok,,3,3,0.0,583,81,0.0
dcml-chopin_mazurkas-bi134,dcml-chopin_mazurkas-bi134--bi134,dcml/chopin_mazurkas,dcml_tsv,ok,,2,2,0.0,867,37,0.0
dcml-chopin_mazurkas-bi140,dcml-chopin_mazurkas-bi140--bi140,dcml/chopin_mazurkas,dcml_tsv,ok,,2,2,0.0,1004,56,0.0
dcml-chopin_mazurkas-bi16-1,dcml-chopin_mazurkas-bi16-1--bi16-1,dcml/chopin_mazurkas,dcml_tsv,ok,,2,2,0.0,261,35,0.0
dcml-chopin_mazurkas-bi16-2,dcml-chopin_mazurkas-bi16-2--bi16-2,dcml/chopin_mazurkas,dcml_tsv,ok,,2,2,0.0,248,19,0.0
dcml-chopin_mazurkas-bi71,dcml-chopin_mazurkas-bi71--bi71,dcml/chopin_mazurkas,dcml_tsv,ok,,2,2,0.0,515,62,0.0
dcml-chopin_mazurkas-bi73,dcml-chopin_mazurkas-bi73--bi73,dcml/chopin_mazurkas,dcml_tsv,ok,,2,2,0.0,227,9,0.0
dcml-chopin_mazurkas-bi85,dcml-chopin_mazurkas-bi85--bi85,dcml/chopin_mazurkas,dcml_tsv,ok,,2,2,0.0,495,11,0.0
dcml-chopin_mazurkas-op-17,dcml-chopin_mazurkas-op-17--bi77-1op17-1,dcml/chopin_mazurkas,dcml_tsv,ok,,2,2,0.0,464,51,0.0
dcml-chopin_mazurkas-op-17,dcml-chopin_mazurkas-op-17--bi77-2op17-2,dcml/chopin_mazurkas,dcml_tsv,ok,,2,2,0.0,536,51,0.0
dcml-chopin_mazurkas-op-17,dcml-chopin_mazurkas-op-17--bi77-3op17-3,dcml/chopin_mazurkas,dcml_tsv,ok,,2,2,0.0,653,63,0.0
dcml-chopin_mazurkas-op-17,dcml-chopin_mazurkas-op-17--bi77-4op17-4,dcml/chopin_mazurkas,dcml_tsv,ok,,2,2,0.0,961,90,0.0
dcml-chopin_mazurkas-op-24,dcml-chopin_mazurkas-op-24--bi89-1op24-1,dcml/chopin_mazurkas,dcml_tsv,ok,,2,2,0.0,454,52,0.0
dcml-chopin_mazurkas-op-24,dcml-chopin_mazurkas-op-24--bi89-2op24-2,dcml/chopin_mazurkas,dcml_tsv,ok,,2,2,0.0,862,36,0.0
dcml-chopin_mazurkas-op-24,dcml-chopin_mazurkas-op-24--bi89-3op24-3,dcml/chopin_mazurkas,dcml_tsv,ok,,2,2,0.0,322,39,0.0
dcml-chopin_mazurkas-op-24,dcml-chopin_mazurkas-op-24--bi89-4op24-4,dcml/chopin_mazurkas,dcml_tsv,ok,,2,2,0.0,1137,80,0.0
dcml-chopin_mazurkas-op-30,dcml-chopin_mazurkas-op-30--bi105-1op30-1,dcml/chopin_mazurkas,dcml_tsv,ok,,2,2,0.0,417,49,0.0
dcml-chopin_mazurkas-op-30,dcml-chopin_mazurkas-op-30--bi105-2op30-2,dcml/chopin_mazurkas,dcml_tsv,ok,,2,2,0.0,534,25,0.0
dcml-chopin_mazurkas-op-30,dcml-chopin_mazurkas-op-30--bi105-3op30-3,dcml/chopin_mazurkas,dcml_tsv,ok,,2,2,0.0,609,87,0.0
dcml-chopin_mazurkas-op-30,dcml-chopin_mazurkas-op-30--bi105-4op30-4,dcml/chopin_mazurkas,dcml_tsv,ok,,2,2,0.0,1019,146,0.0
dcml-chopin_mazurkas-op-33,dcml-chopin_mazurkas-op-33--bi115-1op33-1,dcml/chopin_mazurkas,dcml_tsv,ok,,2,2,0.0,316,37,0.0
dcml-chopin_mazurkas-op-33,dcml-chopin_mazurkas-op-33--bi115-2op33-2,dcml/chopin_mazurkas,dcml_tsv,ok,,2,2,0.0,1308,53,0.0
dcml-chopin_mazurkas-op-33,dcml-chopin_mazurkas-op-33--bi115-3op33-3,dcml/chopin_mazurkas,dcml_tsv,ok,,2,2,0.0,368,47,0.0
dcml-chopin_mazurkas-op-33,dcml-chopin_mazurkas-op-33--bi115-4op33-4,dcml/chopin_mazurkas,dcml_tsv,ok,,2,2,0.0,1379,118,0.0
dcml-chopin_mazurkas-op-41,dcml-chopin_mazurkas-op-41--bi122op41-2,dcml/chopin_mazurkas,dcml_tsv,ok,,2,2,0.0,541,26,0.0
dcml-chopin_mazurkas-op-41,dcml-chopin_mazurkas-op-41--bi126-1op41-4,dcml/chopin_mazurkas,dcml_tsv,ok,,2,2,0.0,581,35,0.0
dcml-chopin_mazurkas-op-41,dcml-chopin_mazurkas-op-41--bi126-3op41-1,dcml/chopin_mazurkas,dcml_tsv,ok,,2,2,0.0,1124,93,0.0
dcml-chopin_mazurkas-op-41,dcml-chopin_mazurkas-op-41--bi126-4op41-3,dcml/chopin_mazurkas,dcml_tsv,ok,,2,2,0.0,660,18,0.0
dcml-chopin_mazurkas-op-50,dcml-chopin_mazurkas-op-50--bi145-1op50-1,dcml/chopin_mazurkas,dcml_tsv,ok,,2,2,0.0,860,72,0.0
dcml-chopin_mazurkas-op-50,dcml-chopin_mazurkas-op-50--bi145-2op50-2,dcml/chopin_mazurkas,dcml_tsv,ok,,2,2,0.0,745,85,0.0
dcml-chopin_mazurkas-op-50,dcml-chopin_mazurkas-op-50--bi145-3op50-3,dcml/chopin_mazurkas,dcml_tsv,ok,,2,2,0.0,1464,84,0.0
dcml-chopin_mazurkas-op-56,dcml-chopin_mazurkas-op-56--bi153-1op56-1,dcml/chopin_mazurkas,dcml_tsv,ok,,2,2,0.0,1677,205,0.0
dcml-chopin_mazurkas-op-56,dcml-chopin_mazurkas-op-56--bi153-2op56-2,dcml/chopin_mazurkas,dcml_tsv,ok,,2,2,0.0,634,27,0.0
dcml-chopin_mazurkas-op-56,dcml-chopin_mazurkas-op-56--bi153-3op56-3,dcml/chopin_mazurkas,dcml_tsv,ok,,2,2,0.0,1708,142,0.0
dcml-chopin_mazurkas-op-59,dcml-chopin_mazurkas-op-59--bi157-1op59-1,dcml/chopin_mazurkas,dcml_tsv,ok,,2,2,0.0,1045,57,0.0
dcml-chopin_mazurkas-op-59,dcml-chopin_mazurkas-op-59--bi157-2op59-2,dcml/chopin_mazurkas,dcml_tsv,ok,,2,2,0.0,796,49,0.0
dcml-chopin_mazurkas-op-59,dcml-chopin_mazurkas-op-59--bi157-3op59-3,dcml/chopin_mazurkas,dcml_tsv,ok,,2,2,0.0,1370,67,0.0
dcml-chopin_mazurkas-op-6,dcml-chopin_mazurkas-op-6--bi60-1op06-1,dcml/chopin_mazurkas,dcml_tsv,ok,,2,2,0.0,652,40,0.0
dcml-chopin_mazurkas-op-6,dcml-chopin_mazurkas-op-6--bi60-2op06-2,dcml/chopin_mazurkas,dcml_tsv,ok,,2,2,0.0,556,48,0.0
dcml-chopin_mazurkas-op-6,dcml-chopin_mazurkas-op-6--bi60-3op06-3,dcml/chopin_mazurkas,dcml_tsv,ok,,2,2,0.0,629,54,0.0
dcml-chopin_mazurkas-op-6,dcml-chopin_mazurkas-op-6--bi60-4op06-4,dcml/chopin_mazurkas,dcml_tsv,ok,,2,2,0.0,230,9,0.0
dcml-chopin_mazurkas-op-63,dcml-chopin_mazurkas-op-63--bi162-1op63-1,dcml/chopin_mazurkas,dcml_tsv,ok,,2,2,0.0,733,72,0.0
dcml-chopin_mazurkas-op-63,dcml-chopin_mazurkas-op-63--bi162-2op63-2,dcml/chopin_mazurkas,dcml_tsv,ok,,2,2,0.0,400,34,0.0
dcml-chopin_mazurkas-op-63,dcml-chopin_mazurkas-op-63--bi162-3op63-3,dcml/chopin_mazurkas,dcml_tsv,ok,,2,2,0.0,579,26,0.0
dcml-chopin_mazurkas-op-7,dcml-chopin_mazurkas-op-7--bi61-1op07-1,dcml/chopin_mazurkas,dcml_tsv,ok,,2,2,0.0,471,65,0.0
dcml-chopin_mazurkas-op-7,dcml-chopin_mazurkas-op-7--bi61-2op07-2,dcml/chopin_mazurkas,dcml_tsv,ok,,2,2,0.0,408,38,0.0
dcml-chopin_mazurkas-op-7,dcml-chopin_mazurkas-op-7--bi61-3op07-3,dcml/chopin_mazurkas,dcml_tsv,ok,,2,2,0.0,717,92,0.0
dcml-chopin_mazurkas-op-7,dcml-chopin_mazurkas-op-7--bi61-4op07-4,dcml/chopin_mazurkas,dcml_tsv,ok,,2,2,0.0,391,21,0.0
dcml-chopin_mazurkas-op-7,dcml-chopin_mazurkas-op-7--bi61-5op07-5,dcml/chopin_mazurkas,dcml_tsv,ok,,2,2,0.0,152,0,0.0
dcml-chopin_mazurkas-op-posth-67,dcml-chopin_mazurkas-op-posth-67--bi163op67-4,dcml/chopin_mazurkas,dcml_tsv,ok,,2,2,0.0,553,45,0.0
dcml-chopin_mazurkas-op-posth-67,dcml-chopin_mazurkas-op-posth-67--bi167op67-2,dcml/chopin_mazurkas,dcml_tsv,ok,,2,2,0.0,421,29,0.0
dcml-chopin_mazurkas-op-posth-67,dcml-chopin_mazurkas-op-posth-67--bi93-1op67-1,dcml/chopin_mazurkas,dcml_tsv,ok,,2,2,0.0,504,58,0.0
dcml-chopin_mazurkas-op-posth-67,dcml-chopin_mazurkas-op-posth-67--bi93-2op67-3,dcml/chopin_mazurkas,dcml_tsv,ok,,2,2,0.0,387,54,0.0
dcml-chopin_mazurkas-op-posth-68,dcml-chopin_mazurkas-op-posth-68--bi168op68-4,dcml/chopin_mazurkas,dcml_tsv,ok,,2,2,0.0,318,21,0.0
dcml-chopin_mazurkas-op-posth-68,dcml-chopin_mazurkas-op-posth-68--bi18op68-2,dcml/chopin_mazurkas,dcml_tsv,ok,,2,2,0.0,492,56,0.0
dcml-chopin_mazurkas-op-posth-68,dcml-chopin_mazurkas-op-posth-68--bi34op68-3,dcml/chopin_mazurkas,dcml_tsv,ok,,2,2,0.0,454,7,0.0
dcml-chopin_mazurkas-op-posth-68,dcml-chopin_mazurkas-op-posth-68--bi38op68-1,dcml/chopin_mazurkas,dcml_tsv,ok,,2,2,0.0,593,56,0.0
dcml-corelli-op-1-no-1,dcml-corelli-op-1-no-1--op01n01a,dcml/corelli,dcml_tsv,ok,,4,3,0.25,210,0,0.0
dcml-corelli-op-1-no-1,dcml-corelli-op-1-no-1--op01n01b,dcml/corelli,dcml_tsv,ok,,4,4,0.0,721,19,0.0
dcml-corelli-op-1-no-1,dcml-corelli-op-1-no-1--op01n01c,dcml/corelli,dcml_tsv,ok,,4,3,0.25,214,6,0.0
dcml-corelli-op-1-no-1,dcml-corelli-op-1-no-1--op01n01d,dcml/corelli,dcml_tsv,ok,,4,3,0.25,679,49,0.0
dcml-corelli-op-3-no-1,dcml-corelli-op-3-no-1--op03n01a,dcml/corelli,dcml_tsv,ok,,4,3,0.25,238,6,0.0
dcml-corelli-op-3-no-1,dcml-corelli-op-3-no-1--op03n01b,dcml/corelli,dcml_tsv,ok,,4,4,0.0,769,15,0.0
dcml-corelli-op-3-no-1,dcml-corelli-op-3-no-1--op03n01c,dcml/corelli,dcml_tsv,ok,,4,4,0.0,601,24,0.0
dcml-corelli-op-3-no-1,dcml-corelli-op-3-no-1--op03n01d,dcml/corelli,dcml_tsv,ok,,4,4,0.0,656,6,0.0
dcml-corelli-op-4-no-1,dcml-corelli-op-4-no-1--op04n01a,dcml/corelli,dcml_tsv,ok,,4,3,0.25,214,17,0.0
dcml-corelli-op-4-no-1,dcml-corelli-op-4-no-1--op04n01b,dcml/corelli,dcml_tsv,ok,,3,3,0.0,407,32,0.0
dcml-corelli-op-4-no-1,dcml-corelli-op-4-no-1--op04n01c,dcml/corelli,dcml_tsv,ok,,3,3,0.0,232,7,0.0
dcml-corelli-op-4-no-1,dcml-corelli-op-4-no-1--op04n01d,dcml/corelli,dcml_tsv,ok,,4,3,0.25,439,16,0.0
dcml-couperin_concerts-c01n01-prelude,dcml-couperin_concerts-c01n01-prelude--c01n01-prelude,dcml/couperin_concerts,dcml_tsv,ok,,2,2,0.0,335,24,0.0
dcml-couperin_concerts-c01n02-allemande,dcml-couperin_concerts-c01n02-allemande--c01n02-allemande,dcml/couperin_concerts,dcml_tsv,ok,,2,2,0.0,312,13,0.0
dcml-couperin_concerts-c01n03-sarabande,dcml-couperin_concerts-c01n03-sarabande--c01n03-sarabande,dcml/couperin_concerts,dcml_tsv,ok,,2,2,0.0,248,13,0.0
dcml-couperin_concerts-c01n04-gavotte,dcml-couperin_concerts-c01n04-gavotte--c01n04-gavotte,dcml/couperin_concerts,dcml_tsv,ok,,2,2,0.0,181,3,0.0
dcml-couperin_concerts-c01n05-gigue,dcml-couperin_concerts-c01n05-gigue--c01n05-gigue,dcml/couperin_concerts,dcml_tsv,ok,,2,2,0.0,364,9,0.0
dcml-couperin_concerts-c01n06-menuet-en-trio,dcml-couperin_concerts-c01n06-menuet-en-trio--c01n06-menuet-en-trio,dcml/couperin_concerts,dcml_tsv,ok,,2,2,0.0,244,15,0.0
dcml-couperin_concerts-c02n01-prelude,dcml-couperin_concerts-c02n01-prelude--c02n01-prelude,dcml/couperin_concerts,dcml_tsv,ok,,2,2,0.0,272,28,0.0
dcml-couperin_concerts-c02n02-allemande-fuguee,dcml-couperin_concerts-c02n02-allemande-fuguee--c02n02-allemande-fuguee,dcml/couperin_concerts,dcml_tsv,ok,,2,2,0.0,422,9,0.0
dcml-couperin_concerts-c02n03-air-tendre,dcml-couperin_concerts-c02n03-air-tendre--c02n03-air-tendre,dcml/couperin_concerts,dcml_tsv,ok,,2,2,0.0,234,24,0.0
dcml-couperin_concerts-c02n04-air-contrefugue,dcml-couperin_concerts-c02n04-air-contrefugue--c02n04-air-contrefugue,dcml/couperin_concerts,dcml_tsv,ok,,2,2,0.0,648,2,0.0
dcml-couperin_concerts-c02n05-echos,dcml-couperin_concerts-c02n05-echos--c02n05-echos,dcml/couperin_concerts,dcml_tsv,ok,,2,2,0.0,719,63,0.0
dcml-couperin_concerts-c03n01-prelude,dcml-couperin_concerts-c03n01-prelude--c03n01-prelude,dcml/couperin_concerts,dcml_tsv,ok,,2,2,0.0,335,32,0.0
dcml-couperin_concerts-c03n02-allemande,dcml-couperin_concerts-c03n02-allemande--c03n02-allemande,dcml/couperin_concerts,dcml_tsv,ok,,2,2,0.0,338,19,0.0
dcml-couperin_concerts-c03n03-courante,dcml-couperin_concerts-c03n03-courante--c03n03-courante,dcml/couperin_concerts,dcml_tsv,ok,,2,2,0.0,351,14,0.0
dcml-couperin_concerts-c03n04-sarabande-grave,dcml-couperin_concerts-c03n04-sarabande-grave--c03n04-sarabande-grave,dcml/couperin_concerts,dcml_tsv,ok,,2,2,0.0,302,26,0.0
dcml-couperin_concerts-c03n05-gavotte,dcml-couperin_concerts-c03n05-gavotte--c03n05-gavotte,dcml/couperin_concerts,dcml_tsv,ok,,2,2,0.0,321,18,0.0
dcml-couperin_concerts-c03n06-musette-1,dcml-couperin_concerts-c03n06-musette-1--c03n06-musette-1,dcml/couperin_concerts,dcml_tsv,ok,,2,2,0.0,197,49,0.0
dcml-couperin_concerts-c03n07-musette-2,dcml-couperin_concerts-c03n07-musette-2--c03n07-musette-2,dcml/couperin_concerts,dcml_tsv,ok,,2,2,0.0,347,26,0.0
dcml-couperin_concerts-c03n08-chaconne-legere,dcml-couperin_concerts-c03n08-chaconne-legere--c03n08-chaconne-legere,dcml/couperin_concerts,dcml_tsv,ok,,2,2,0.0,1099,27,0.0
dcml-couperin_concerts-c04n01-prelude,dcml-couperin_concerts-c04n01-prelude--c04n01-prelude,dcml/couperin_concerts,dcml_tsv,ok,,2,2,0.0,214,13,0.0
dcml-couperin_concerts-c04n02-allemande,dcml-couperin_concerts-c04n02-allemande--c04n02-allemande,dcml/couperin_concerts,dcml_tsv,ok,,2,2,0.0,233,22,0.0
dcml-couperin_concerts-c04n03-courante-francoise,dcml-couperin_concerts-c04n03-courante-francoise--c04n03-courante-francoise,dcml/couperin_concerts,dcml_tsv,ok,,2,2,0.0,307,20,0.0
dcml-couperin_concerts-c04n04-courante-a-litalienne,dcml-couperin_concerts-c04n04-courante-a-litalienne--c04n04-courante-a-litalienne,dcml/couperin_concerts,dcml_tsv,ok,,2,2,0.0,810,11,0.0
dcml-couperin_concerts-c04n05-sarabande,dcml-couperin_concerts-c04n05-sarabande--c04n05-sarabande,dcml/couperin_concerts,dcml_tsv,ok,,2,2,0.0,152,12,0.0
dcml-couperin_concerts-c04n06-rigaudon,dcml-couperin_concerts-c04n06-rigaudon--c04n06-rigaudon,dcml/couperin_concerts,dcml_tsv,ok,,2,2,0.0,282,14,0.0
dcml-couperin_concerts-c04n07-forlane,dcml-couperin_concerts-c04n07-forlane--c04n07-forlane,dcml/couperin_concerts,dcml_tsv,ok,,2,2,0.0,560,10,0.0
dcml-couperin_concerts-c05n01-prelude,dcml-couperin_concerts-c05n01-prelude--c05n01-prelude,dcml/couperin_concerts,dcml_tsv,ok,,2,2,0.0,371,23,0.0
dcml-couperin_concerts-c05n02-allemande,dcml-couperin_concerts-c05n02-allemande--c05n02-allemande,dcml/couperin_concerts,dcml_tsv,ok,,2,2,0.0,525,15,0.0
dcml-couperin_concerts-c05n03-sarabande,dcml-couperin_concerts-c05n03-sarabande--c05n03-sarabande,dcml/couperin_concerts,dcml_tsv,ok,,2,2,0.0,162,9,0.0
dcml-couperin_concerts-c05n04-gavote,dcml-couperin_concerts-c05n04-gavote--c05n04-gavote,dcml/couperin_concerts,dcml_tsv,ok,,2,2,0.0,368,12,0.0
dcml-couperin_concerts-c05n05-musete,dcml-couperin_concerts-c05n05-musete--c05n05-musete,dcml/couperin_concerts,dcml_tsv,ok,,2,2,0.0,520,62,0.0
dcml-couperin_concerts-c06n01-grave,dcml-couperin_concerts-c06n01-grave--c06n01-grave,dcml/couperin_concerts,dcml_tsv,ok,,2,2,0.0,292,8,0.0
dcml-couperin_concerts-c06n02-allemande,dcml-couperin_concerts-c06n02-allemande--c06n02-allemande,dcml/couperin_concerts,dcml_tsv,ok,,2,2,0.0,516,18,0.0
dcml-couperin_concerts-c06n03-sarabande,dcml-couperin_concerts-c06n03-sarabande--c06n03-sarabande,dcml/couperin_concerts,dcml_tsv,ok,,2,2,0.0,424,14,0.0
dcml-couperin_concerts-c06n04-air-diable,dcml-couperin_concerts-c06n04-air-diable--c06n04-air-diable,dcml/couperin_concerts,dcml_tsv,ok,,2,2,0.0,397,16,0.0
dcml-couperin_concerts-c06n05-siciliene,dcml-couperin_concerts-c06n05-siciliene--c06n05-siciliene,dcml/couperin_concerts,dcml_tsv,ok,,2,2,0.0,468,9,0.0
dcml-couperin_concerts-c07n01-grave,dcml-couperin_concerts-c07n01-grave--c07n01-grave,dcml/couperin_concerts,dcml_tsv,ok,,2,2,0.0,238,8,0.0
dcml-couperin_concerts-c07n02-allemande,dcml-couperin_concerts-c07n02-allemande--c07n02-allemande,dcml/couperin_concerts,dcml_tsv,ok,,2,2,0.0,540,29,0.0
dcml-couperin_concerts-c07n03-sarabande,dcml-couperin_concerts-c07n03-sarabande--c07n03-sarabande,dcml/couperin_concerts,dcml_tsv,ok,,2,2,0.0,184,46,0.0
dcml-couperin_concerts-c07n04-fuguete,dcml-couperin_concerts-c07n04-fuguete--c07n04-fuguete,dcml/couperin_concerts,dcml_tsv,ok,,2,2,0.0,798,18,0.0
dcml-couperin_concerts-c07n05-gavote,dcml-couperin_concerts-c07n05-gavote--c07n05-gavote,dcml/couperin_concerts,dcml_tsv,ok,,2,2,0.0,255,11,0.0
dcml-couperin_concerts-c07n06-siciliene,dcml-couperin_concerts-c07n06-siciliene--c07n06-siciliene,dcml/couperin_concerts,dcml_tsv,ok,,2,2,0.0,276,8,0.0
dcml-couperin_concerts-c08n01-ouverture,dcml-couperin_concerts-c08n01-ouverture--c08n01-ouverture,dcml/couperin_concerts,dcml_tsv,ok,,2,2,0.0,763,26,0.0
dcml-couperin_concerts-c08n02-ritournele,dcml-couperin_concerts-c08n02-ritournele--c08n02-ritournele,dcml/couperin_concerts,dcml_tsv,ok,,3,3,0.0,588,32,0.0
dcml-couperin_concerts-c08n03-air,dcml-couperin_concerts-c08n03-air--c08n03-air,dcml/couperin_concerts,dcml_tsv,ok,,2,2,0.0,287,14,0.0
dcml-couperin_concerts-c08n04-air-tendre,dcml-couperin_concerts-c08n04-air-tendre--c08n04-air-tendre,dcml/couperin_concerts,dcml_tsv,ok,,2,2,0.0,131,2,0.0
dcml-couperin_concerts-c08n05-air-leger,dcml-couperin_concerts-c08n05-air-leger--c08n05-air-leger,dcml/couperin_concerts,dcml_tsv,ok,,2,2,0.0,230,1,0.0
dcml-couperin_concerts-c08n06-loure,dcml-couperin_concerts-c08n06-loure--c08n06-loure,dcml/couperin_concerts,dcml_tsv,ok,,2,2,0.0,287,7,0.0
dcml-couperin_concerts-c08n07-air,dcml-couperin_concerts-c08n07-air--c08n07-air,dcml/couperin_concerts,dcml_tsv,ok,,2,2,0.0,224,1,0.0
dcml-couperin_concerts-c08n08-sarabande,dcml-couperin_concerts-c08n08-sarabande--c08n08-sarabande,dcml/couperin_concerts,dcml_tsv,ok,,2,2,0.0,146,4,0.0
dcml-couperin_concerts-c08n09-air-leger,dcml-couperin_concerts-c08n09-air-leger--c08n09-air-leger,dcml/couperin_concerts,dcml_tsv,ok,,2,2,0.0,226,5,0.0
dcml-couperin_concerts-c08n10-air-lentement,dcml-couperin_concerts-c08n10-air-lentement--c08n10-air-lentement,dcml/couperin_concerts,dcml_tsv,ok,,2,2,0.0,363,10,0.0
dcml-couperin_concerts-c08n11-air-baccantes,dcml-couperin_concerts-c08n11-air-baccantes--c08n11-air-baccantes,dcml/couperin_concerts,dcml_tsv,ok,,2,2,0.0,223,4,0.0
dcml-couperin_concerts-c09n01-charme,dcml-couperin_concerts-c09n01-charme--c09n01-charme,dcml/couperin_concerts,dcml_tsv,ok,,2,2,0.0,389,19,0.0
dcml-couperin_concerts-c09n02-lenjouement,dcml-couperin_concerts-c09n02-lenjouement--c09n02-lenjouement,dcml/couperin_concerts,dcml_tsv,ok,,2,2,0.0,606,24,0.0
dcml-couperin_concerts-c09n03-graces,dcml-couperin_concerts-c09n03-graces--c09n03-graces,dcml/couperin_concerts,dcml_tsv,ok,,2,2,0.0,303,17,0.0
dcml-couperin_concerts-c09n04-lejene,dcml-couperin_concerts-c09n04-lejene--c09n04-lejene,dcml/couperin_concerts,dcml_tsv,ok,,2,2,0.0,347,33,0.0
dcml-couperin_concerts-c09n05-vivacite,dcml-couperin_concerts-c09n05-vivacite--c09n05-vivacite,dcml/couperin_concerts,dcml_tsv,ok,,2,2,0.0,671,22,0.0
dcml-couperin_concerts-c09n06-sarabande,dcml-couperin_concerts-c09n06-sarabande--c09n06-sarabande,dcml/couperin_concerts,dcml_tsv,ok,,2,2,0.0,201,8,0.0
dcml-couperin_concerts-c09n07-douceur,dcml-couperin_concerts-c09n07-douceur--c09n07-douceur,dcml/couperin_concerts,dcml_tsv,ok,,2,2,0.0,303,18,0.0
dcml-couperin_concerts-c09n08-caetera,dcml-couperin_concerts-c09n08-caetera--c09n08-caetera,dcml/couperin_concerts,dcml_tsv,ok,,2,2,0.0,307,15,0.0
dcml-couperin_concerts-c10n01-gravement,dcml-couperin_concerts-c10n01-gravement--c10n01-gravement,dcml/couperin_concerts,dcml_tsv,ok,,2,2,0.0,237,14,0.0
dcml-couperin_concerts-c10n02-air,dcml-couperin_concerts-c10n02-air--c10n02-air,dcml/couperin_concerts,dcml_tsv,ok,,2,2,0.0,419,17,0.0
dcml-couperin_concerts-c10n03-plainte,dcml-couperin_concerts-c10n03-plainte--c10n03-plainte,dcml/couperin_concerts,dcml_tsv,ok,,2,2,0.0,523,6,0.0
dcml-couperin_concerts-c10n04-tromba,dcml-couperin_concerts-c10n04-tromba--c10n04-tromba,dcml/couperin_concerts,dcml_tsv,ok,,2,2,0.0,382,12,0.0
dcml-couperin_concerts-c11n01-majestueusement,dcml-couperin_concerts-c11n01-majestueusement--c11n01-majestueusement,dcml/couperin_concerts,dcml_tsv,ok,,2,2,0.0,294,9,0.0
dcml-couperin_concerts-c11n02-allemande,dcml-couperin_concerts-c11n02-allemande--c11n02-allemande,dcml/couperin_concerts,dcml_tsv,ok,,2,2,0.0,466,22,0.0
dcml-couperin_concerts-c11n03-seconde-allemande,dcml-couperin_concerts-c11n03-seconde-allemande--c11n03-seconde-allemande,dcml/couperin_concerts,dcml_tsv,ok,,2,2,0.0,416,10,0.0
dcml-couperin_concerts-c11n04-courante,dcml-couperin_concerts-c11n04-courante--c11n04-courante,dcml/couperin_concerts,dcml_tsv,ok,,2,2,0.0,226,14,0.0
dcml-couperin_concerts-c11n05-seconde-courante,dcml-couperin_concerts-c11n05-seconde-courante--c11n05-seconde-courante,dcml/couperin_concerts,dcml_tsv,ok,,2,2,0.0,266,11,0.0
dcml-couperin_concerts-c11n06-sarabande,dcml-couperin_concerts-c11n06-sarabande--c11n06-sarabande,dcml/couperin_concerts,dcml_tsv,ok,,2,2,0.0,252,21,0.0
dcml-couperin_concerts-c11n07-gigue,dcml-couperin_concerts-c11n07-gigue--c11n07-gigue,dcml/couperin_concerts,dcml_tsv,ok,,2,2,0.0,452,10,0.0
dcml-couperin_concerts-c11n08-rondeau,dcml-couperin_concerts-c11n08-rondeau--c11n08-rondeau,dcml/couperin_concerts,dcml_tsv,ok,,2,2,0.0,410,23,0.0
dcml-couperin_concerts-c12n01-pointe,dcml-couperin_concerts-c12n01-pointe--c12n01-pointe,dcml/couperin_concerts,dcml_tsv,ok,,2,2,0.0,364,4,0.0
dcml-couperin_concerts-c12n02-badinage,dcml-couperin_concerts-c12n02-badinage--c12n02-badinage,dcml/couperin_concerts,dcml_tsv,ok,,2,2,0.0,758,28,0.0
dcml-couperin_concerts-c12n03-air,dcml-couperin_concerts-c12n03-air--c12n03-air,dcml/couperin_concerts,dcml_tsv,ok,,2,2,0.0,704,8,0.0
dcml-couperin_concerts-c13n01-unisson,dcml-couperin_concerts-c13n01-unisson--c13n01-unisson,dcml/couperin_concerts,dcml_tsv,ok,,2,2,0.0,383,13,0.0
dcml-couperin_concerts-c13n02-air,dcml-couperin_concerts-c13n02-air--c13n02-air,dcml/couperin_concerts,dcml_tsv,ok,,2,2,0.0,317,9,0.0
dcml-couperin_concerts-c13n03-sarabande,dcml-couperin_concerts-c13n03-sarabande--c13n03-sarabande,dcml/couperin_concerts,dcml_tsv,ok,,2,2,0.0,210,16,0.0
dcml-couperin_concerts-c13n04-chaconne,dcml-couperin_concerts-c13n04-chaconne--c13n04-chaconne,dcml/couperin_concerts,dcml_tsv,ok,,2,2,0.0,694,27,0.0
dcml-couperin_concerts-c14n01-gravement,dcml-couperin_concerts-c14n01-gravement--c14n01-gravement,dcml/couperin_concerts,dcml_tsv,ok,,2,2,0.0,267,15,0.0
dcml-couperin_concerts-c14n02-allemande,dcml-couperin_concerts-c14n02-allemande--c14n02-allemande,dcml/couperin_concerts,dcml_tsv,ok,,2,2,0.0,355,29,0.0
dcml-couperin_concerts-c14n03-sarabande,dcml-couperin_concerts-c14n03-sarabande--c14n03-sarabande,dcml/couperin_concerts,dcml_tsv,ok,,2,2,0.0,179,26,0.0
dcml-couperin_concerts-c14n04-fuguete,dcml-couperin_concerts-c14n04-fuguete--c14n04-fuguete,dcml/couperin_concerts,dcml_tsv,ok,,2,2,0.0,791,13,0.0
dcml-couperin_concerts-parnasse-01,dcml-couperin_concerts-parnasse-01--parnasse-01,dcml/couperin_concerts,dcml_tsv,ok,,3,3,0.0,334,12,0.0
dcml-couperin_concerts-parnasse-02,dcml-couperin_concerts-parnasse-02--parnasse-02,dcml/couperin_concerts,dcml_tsv,ok,,3,3,0.0,1154,28,0.0
dcml-couperin_concerts-parnasse-03,dcml-couperin_concerts-parnasse-03--parnasse-03,dcml/couperin_concerts,dcml_tsv,ok,,3,3,0.0,627,17,0.0
dcml-couperin_concerts-parnasse-04,dcml-couperin_concerts-parnasse-04--parnasse-04,dcml/couperin_concerts,dcml_tsv,ok,,3,3,0.0,602,19,0.0
dcml-couperin_concerts-parnasse-05,dcml-couperin_concerts-parnasse-05--parnasse-05,dcml/couperin_concerts,dcml_tsv,ok,,3,3,0.0,405,36,0.0
dcml-couperin_concerts-parnasse-06,dcml-couperin_concerts-parnasse-06--parnasse-06,dcml/couperin_concerts,dcml_tsv,ok,,3,3,0.0,439,18,0.0
dcml-couperin_concerts-parnasse-07,dcml-couperin_concerts-parnasse-07--parnasse-07,dcml/couperin_concerts,dcml_tsv,ok,,3,3,0.0,1257,70,0.0
dcml-cpe_bach_keyboard-wq-50-1,dcml-cpe_bach_keyboard-wq-50-1--wq50n01a,dcml/cpe_bach_keyboard,dcml_tsv,ok,,2,2,0.0,769,82,0.0
dcml-cpe_bach_keyboard-wq-50-1,dcml-cpe_bach_keyboard-wq-50-1--wq50n01b,dcml/cpe_bach_keyboard,dcml_tsv,ok,,2,2,0.0,163,18,0.0
dcml-cpe_bach_keyboard-wq-50-1,dcml-cpe_bach_keyboard-wq-50-1--wq50n01c,dcml/cpe_bach_keyboard,dcml_tsv,ok,,2,2,0.0,962,109,0.0
dcml-cpe_bach_keyboard-wq-50-2,dcml-cpe_bach_keyboard-wq-50-2--wq50n02a,dcml/cpe_bach_keyboard,dcml_tsv,ok,,2,2,0.0,1655,133,0.0
dcml-cpe_bach_keyboard-wq-50-2,dcml-cpe_bach_keyboard-wq-50-2--wq50n02b,dcml/cpe_bach_keyboard,dcml_tsv,ok,,2,2,0.0,369,46,0.0
dcml-cpe_bach_keyboard-wq-50-2,dcml-cpe_bach_keyboard-wq-50-2--wq50n02c,dcml/cpe_bach_keyboard,dcml_tsv,ok,,2,2,0.0,830,101,0.0
dcml-cpe_bach_keyboard-wq-50-3,dcml-cpe_bach_keyboard-wq-50-3--wq50n03a,dcml/cpe_bach_keyboard,dcml_tsv,ok,,2,2,0.0,2151,122,0.0
dcml-cpe_bach_keyboard-wq-50-3,dcml-cpe_bach_keyboard-wq-50-3--wq50n03b,dcml/cpe_bach_keyboard,dcml_tsv,ok,,2,2,0.0,390,47,0.0
dcml-cpe_bach_keyboard-wq-50-3,dcml-cpe_bach_keyboard-wq-50-3--wq50n03c,dcml/cpe_bach_keyboard,dcml_tsv,ok,,2,2,0.0,714,87,0.0
dcml-cpe_bach_keyboard-wq-50-4,dcml-cpe_bach_keyboard-wq-50-4--wq50n04a,dcml/cpe_bach_keyboard,dcml_tsv,ok,,2,2,0.0,1339,169,0.0
dcml-cpe_bach_keyboard-wq-50-4,dcml-cpe_bach_keyboard-wq-50-4--wq50n04b,dcml/cpe_bach_keyboard,dcml_tsv,ok,,2,2,0.0,295,44,0.0
dcml-cpe_bach_keyboard-wq-50-4,dcml-cpe_bach_keyboard-wq-50-4--wq50n04c,dcml/cpe_bach_keyboard,dcml_tsv,ok,,2,2,0.0,1477,149,0.0
dcml-cpe_bach_keyboard-wq-50-5,dcml-cpe_bach_keyboard-wq-50-5--wq50n05a,dcml/cpe_bach_keyboard,dcml_tsv,ok,,2,2,0.0,2110,159,0.0
dcml-cpe_bach_keyboard-wq-50-5,dcml-cpe_bach_keyboard-wq-50-5--wq50n05b,dcml/cpe_bach_keyboard,dcml_tsv,ok,,2,2,0.0,384,26,0.0
dcml-cpe_bach_keyboard-wq-50-5,dcml-cpe_bach_keyboard-wq-50-5--wq50n05c,dcml/cpe_bach_keyboard,dcml_tsv,ok,,2,2,0.0,1386,219,0.0
dcml-cpe_bach_keyboard-wq-50-6,dcml-cpe_bach_keyboard-wq-50-6--wq50n06,dcml/cpe_bach_keyboard,dcml_tsv,ok,,2,2,0.0,1818,297,0.0
dcml-cpe_bach_keyboard-wq-55-1,dcml-cpe_bach_keyboard-wq-55-1--wq55n01a,dcml/cpe_bach_keyboard,dcml_tsv,ok,,2,2,0.0,802,22,0.0
dcml-cpe_bach_keyboard-wq-55-1,dcml-cpe_bach_keyboard-wq-55-1--wq55n01b,dcml/cpe_bach_keyboard,dcml_tsv,ok,,2,2,0.0,372,43,0.0
dcml-cpe_bach_keyboard-wq-55-1,dcml-cpe_bach_keyboard-wq-55-1--wq55n01c,dcml/cpe_bach_keyboard,dcml_tsv,ok,,2,2,0.0,481,51,0.0
dcml-cpe_bach_keyboard-wq-55-2,dcml-cpe_bach_keyboard-wq-55-2--wq55n02a,dcml/cpe_bach_keyboard,dcml_tsv,ok,,2,2,0.0,1085,93,0.0
dcml-cpe_bach_keyboard-wq-55-2,dcml-cpe_bach_keyboard-wq-55-2--wq55n02b,dcml/cpe_bach_keyboard,dcml_tsv,ok,,2,2,0.0,627,97,0.0
dcml-cpe_bach_keyboard-wq-55-2,dcml-cpe_bach_keyboard-wq-55-2--wq55n02c,dcml/cpe_bach_keyboard,dcml_tsv,ok,,2,2,0.0,879,134,0.0
dcml-cpe_bach_keyboard-wq-55-3,dcml-cpe_bach_keyboard-wq-55-3--wq55n03a,dcml/cpe_bach_keyboard,dcml_tsv,ok,,2,2,0.0,446,61,0.0
dcml-cpe_bach_keyboard-wq-55-3,dcml-cpe_bach_keyboard-wq-55-3--wq55n03b,dcml/cpe_bach_keyboard,dcml_tsv,ok,,2,2,0.0,233,23,0.0
dcml-cpe_bach_keyboard-wq-55-3,dcml-cpe_bach_keyboard-wq-55-3--wq55n03c,dcml/cpe_bach_keyboard,dcml_tsv,ok,,2,2,0.0,593,14,0.0
dcml-cpe_bach_keyboard-wq-55-4,dcml-cpe_bach_keyboard-wq-55-4--wq55n04a,dcml/cpe_bach_keyboard,dcml_tsv,ok,,2,2,0.0,1988,263,0.0
dcml-cpe_bach_keyboard-wq-55-4,dcml-cpe_bach_keyboard-wq-55-4--wq55n04b,dcml/cpe_bach_keyboard,dcml_tsv,ok,,2,2,0.0,719,61,0.0
dcml-cpe_bach_keyboard-wq-55-4,dcml-cpe_bach_keyboard-wq-55-4--wq55n04c,dcml/cpe_bach_keyboard,dcml_tsv,ok,,2,2,0.0,1454,132,0.0
dcml-cpe_bach_keyboard-wq-55-5,dcml-cpe_bach_keyboard-wq-55-5--wq55n05a,dcml/cpe_bach_keyboard,dcml_tsv,ok,,2,2,0.0,551,40,0.0
dcml-cpe_bach_keyboard-wq-55-5,dcml-cpe_bach_keyboard-wq-55-5--wq55n05b,dcml/cpe_bach_keyboard,dcml_tsv,ok,,2,2,0.0,306,25,0.0
dcml-cpe_bach_keyboard-wq-55-5,dcml-cpe_bach_keyboard-wq-55-5--wq55n05c,dcml/cpe_bach_keyboard,dcml_tsv,ok,,2,2,0.0,327,52,0.0
dcml-cpe_bach_keyboard-wq-55-6,dcml-cpe_bach_keyboard-wq-55-6--wq55n06a,dcml/cpe_bach_keyboard,dcml_tsv,ok,,2,2,0.0,1197,152,0.0
dcml-cpe_bach_keyboard-wq-55-6,dcml-cpe_bach_keyboard-wq-55-6--wq55n06b,dcml/cpe_bach_keyboard,dcml_tsv,ok,,2,2,0.0,590,42,0.0
dcml-cpe_bach_keyboard-wq-55-6,dcml-cpe_bach_keyboard-wq-55-6--wq55n06c,dcml/cpe_bach_keyboard,dcml_tsv,ok,,2,2,0.0,1126,188,0.0
dcml-cpe_bach_keyboard-wq-56-2,dcml-cpe_bach_keyboard-wq-56-2--wq56n02a,dcml/cpe_bach_keyboard,dcml_tsv,ok,,2,2,0.0,806,42,0.0
dcml-cpe_bach_keyboard-wq-56-2,dcml-cpe_bach_keyboard-wq-56-2--wq56n02b,dcml/cpe_bach_keyboard,dcml_tsv,ok,,2,2,0.0,246,21,0.0
dcml-cpe_bach_keyboard-wq-56-2,dcml-cpe_bach_keyboard-wq-56-2--wq56n02c,dcml/cpe_bach_keyboard,dcml_tsv,ok,,2,2,0.0,818,63,0.0
dcml-cpe_bach_keyboard-wq-56-4,dcml-cpe_bach_keyboard-wq-56-4--wq56n04a,dcml/cpe_bach_keyboard,dcml_tsv,ok,,2,2,0.0,694,77,0.0
dcml-cpe_bach_keyboard-wq-56-4,dcml-cpe_bach_keyboard-wq-56-4--wq56n04b,dcml/cpe_bach_keyboard,dcml_tsv,ok,,2,2,0.0,485,62,0.0
dcml-cpe_bach_keyboard-wq-56-6,dcml-cpe_bach_keyboard-wq-56-6--wq56n06a,dcml/cpe_bach_keyboard,dcml_tsv,ok,,2,2,0.0,475,56,0.0
dcml-cpe_bach_keyboard-wq-56-6,dcml-cpe_bach_keyboard-wq-56-6--wq56n06b,dcml/cpe_bach_keyboard,dcml_tsv,ok,,2,2,0.0,584,107,0.0
dcml-cpe_bach_keyboard-wq-57-2,dcml-cpe_bach_keyboard-wq-57-2--wq57n02a,dcml/cpe_bach_keyboard,dcml_tsv,ok,,2,2,0.0,712,92,0.0
dcml-cpe_bach_keyboard-wq-57-2,dcml-cpe_bach_keyboard-wq-57-2--wq57n02b,dcml/cpe_bach_keyboard,dcml_tsv,ok,,2,2,0.0,368,42,0.0
dcml-cpe_bach_keyboard-wq-57-2,dcml-cpe_bach_keyboard-wq-57-2--wq57n02c,dcml/cpe_bach_keyboard,dcml_tsv,ok,,2,2,0.0,692,77,0.0
dcml-cpe_bach_keyboard-wq-57-4,dcml-cpe_bach_keyboard-wq-57-4--wq57n04a,dcml/cpe_bach_keyboard,dcml_tsv,ok,,2,2,0.0,1051,95,0.0
dcml-cpe_bach_keyboard-wq-57-4,dcml-cpe_bach_keyboard-wq-57-4--wq57n04b,dcml/cpe_bach_keyboard,dcml_tsv,ok,,2,2,0.0,477,44,0.0
dcml-cpe_bach_keyboard-wq-57-4,dcml-cpe_bach_keyboard-wq-57-4--wq57n04c,dcml/cpe_bach_keyboard,dcml_tsv,ok,,2,2,0.0,437,82,0.0
dcml-cpe_bach_keyboard-wq-57-6,dcml-cpe_bach_keyboard-wq-57-6--wq57n06a,dcml/cpe_bach_keyboard,dcml_tsv,ok,,2,2,0.0,1032,135,0.0
dcml-cpe_bach_keyboard-wq-57-6,dcml-cpe_bach_keyboard-wq-57-6--wq57n06b,dcml/cpe_bach_keyboard,dcml_tsv,ok,,2,2,0.0,650,82,0.0
dcml-cpe_bach_keyboard-wq-57-6,dcml-cpe_bach_keyboard-wq-57-6--wq57n06c,dcml/cpe_bach_keyboard,dcml_tsv,ok,,2,2,0.0,698,66,0.0
dcml-cpe_bach_keyboard-wq112n02,dcml-cpe_bach_keyboard-wq112n02--wq112n02,dcml/cpe_bach_keyboard,dcml_tsv,ok,,2,2,0.0,160,10,0.0
dcml-cpe_bach_keyboard-wq112n08,dcml-cpe_bach_keyboard-wq112n08--wq112n08,dcml/cpe_bach_keyboard,dcml_tsv,ok,,2,2,0.0,224,24,0.0
dcml-cpe_bach_keyboard-wq112n15,dcml-cpe_bach_keyboard-wq112n15--wq112n15,dcml/cpe_bach_keyboard,dcml_tsv,ok,,2,2,0.0,140,5,0.0
dcml-cpe_bach_keyboard-wq113n03,dcml-cpe_bach_keyboard-wq113n03--wq113n03,dcml/cpe_bach_keyboard,dcml_tsv,ok,,2,2,0.0,194,12,0.0
dcml-cpe_bach_keyboard-wq114n07,dcml-cpe_bach_keyboard-wq114n07--wq114n07,dcml/cpe_bach_keyboard,dcml_tsv,ok,,2,2,0.0,179,3,0.0
dcml-cpe_bach_keyboard-wq117n11,dcml-cpe_bach_keyboard-wq117n11--wq117n11,dcml/cpe_bach_keyboard,dcml_tsv,ok,,2,2,0.0,210,10,0.0
dcml-cpe_bach_keyboard-wq117n12,dcml-cpe_bach_keyboard-wq117n12--wq117n12,dcml/cpe_bach_keyboard,dcml_tsv,ok,,2,2,0.0,210,10,0.0
dcml-cpe_bach_keyboard-wq117n13,dcml-cpe_bach_keyboard-wq117n13--wq117n13,dcml/cpe_bach_keyboard,dcml_tsv,ok,,2,2,0.0,502,99,0.0
dcml-cpe_bach_keyboard-wq117n14,dcml-cpe_bach_keyboard-wq117n14--wq117n14,dcml/cpe_bach_keyboard,dcml_tsv,ok,,2,2,0.0,294,44,0.0
dcml-cpe_bach_keyboard-wq119n07,dcml-cpe_bach_keyboard-wq119n07--wq119n07,dcml/cpe_bach_keyboard,dcml_tsv,ok,,2,2,0.0,1663,80,0.0
dcml-cpe_bach_keyboard-wq56n01,dcml-cpe_bach_keyboard-wq56n01--wq56n01,dcml/cpe_bach_keyboard,dcml_tsv,ok,,2,2,0.0,2307,347,0.1
dcml-cpe_bach_keyboard-wq56n03,dcml-cpe_bach_keyboard-wq56n03--wq56n03,dcml/cpe_bach_keyboard,dcml_tsv,ok,,2,2,0.0,1697,275,0.0
dcml-cpe_bach_keyboard-wq56n05,dcml-cpe_bach_keyboard-wq56n05--wq56n05,dcml/cpe_bach_keyboard,dcml_tsv,ok,,2,2,0.0,1787,133,0.0
dcml-cpe_bach_keyboard-wq57n01,dcml-cpe_bach_keyboard-wq57n01--wq57n01,dcml/cpe_bach_keyboard,dcml_tsv,ok,,2,2,0.0,2116,262,0.0
dcml-cpe_bach_keyboard-wq57n03,dcml-cpe_bach_keyboard-wq57n03--wq57n03,dcml/cpe_bach_keyboard,dcml_tsv,ok,,2,2,0.0,1285,169,0.0
dcml-cpe_bach_keyboard-wq57n05,dcml-cpe_bach_keyboard-wq57n05--wq57n05,dcml/cpe_bach_keyboard,dcml_tsv,ok,,2,2,0.0,1866,181,0.0
dcml-debussy_suite_bergamasque-l-75,dcml-debussy_suite_bergamasque-l-75--l075-01-suite-prelude,dcml/debussy_suite_bergamasque,dcml_tsv,ok,,2,2,0.0,1300,67,0.0
dcml-debussy_suite_bergamasque-l-75,dcml-debussy_suite_bergamasque-l-75--l075-02-suite-menuet,dcml/debussy_suite_bergamasque,dcml_tsv,ok,,2,2,0.0,1671,96,0.0
dcml-debussy_suite_bergamasque-l-75,dcml-debussy_suite_bergamasque-l-75--l075-03-suite-clair,dcml/debussy_suite_bergamasque,dcml_tsv,ok,,2,2,0.0,1139,47,0.0
dcml-debussy_suite_bergamasque-l-75,dcml-debussy_suite_bergamasque-l-75--l075-04-suite-passepied,dcml/debussy_suite_bergamasque,dcml_tsv,ok,,2,2,0.0,1729,82,0.0
dcml-dvorak_silhouettes-op-8,dcml-dvorak_silhouettes-op-8--op08n01,dcml/dvorak_silhouettes,dcml_tsv,ok,,2,2,0.0,415,99,0.3
dcml-dvorak_silhouettes-op-8,dcml-dvorak_silhouettes-op-8--op08n02,dcml/dvorak_silhouettes,dcml_tsv,ok,,2,2,0.0,253,6,0.0
dcml-dvorak_silhouettes-op-8,dcml-dvorak_silhouettes-op-8--op08n03,dcml/dvorak_silhouettes,dcml_tsv,ok,,2,2,0.0,809,16,0.0
dcml-dvorak_silhouettes-op-8,dcml-dvorak_silhouettes-op-8--op08n04,dcml/dvorak_silhouettes,dcml_tsv,ok,,2,2,0.0,531,50,0.0
dcml-dvorak_silhouettes-op-8,dcml-dvorak_silhouettes-op-8--op08n05,dcml/dvorak_silhouettes,dcml_tsv,ok,,2,2,0.0,312,35,0.0
dcml-dvorak_silhouettes-op-8,dcml-dvorak_silhouettes-op-8--op08n06,dcml/dvorak_silhouettes,dcml_tsv,ok,,2,2,0.0,437,20,0.0
dcml-dvorak_silhouettes-op-8,dcml-dvorak_silhouettes-op-8--op08n07,dcml/dvorak_silhouettes,dcml_tsv,ok,,2,2,0.0,498,10,0.0
dcml-dvorak_silhouettes-op-8,dcml-dvorak_silhouettes-op-8--op08n08,dcml/dvorak_silhouettes,dcml_tsv,ok,,2,2,0.0,735,59,0.0
dcml-dvorak_silhouettes-op-8,dcml-dvorak_silhouettes-op-8--op08n09,dcml/dvorak_silhouettes,dcml_tsv,ok,,2,2,0.0,453,62,0.0
dcml-dvorak_silhouettes-op-8,dcml-dvorak_silhouettes-op-8--op08n10,dcml/dvorak_silhouettes,dcml_tsv,ok,,2,2,0.0,526,7,0.0
dcml-dvorak_silhouettes-op-8,dcml-dvorak_silhouettes-op-8--op08n11,dcml/dvorak_silhouettes,dcml_tsv,ok,,2,2,0.0,454,38,0.0
dcml-dvorak_silhouettes-op-8,dcml-dvorak_silhouettes-op-8--op08n12,dcml/dvorak_silhouettes,dcml_tsv,ok,,2,2,0.0,956,115,0.0
dcml-frescobaldi_fiori_musicali-op-12,dcml-frescobaldi_fiori_musicali-op-12--12-01-toccata-avanti-la-messa-della-domenica,dcml/frescobaldi_fiori_musicali,dcml_tsv,ok,,2,2,0.0,200,9,0.2
dcml-frescobaldi_fiori_musicali-op-12,dcml-frescobaldi_fiori_musicali-op-12--12-02-kyrie-della-domenica,dcml/frescobaldi_fiori_musicali,dcml_tsv,ok,,2,2,0.0,167,8,0.0
dcml-frescobaldi_fiori_musicali-op-12,dcml-frescobaldi_fiori_musicali-op-12--12-03-kyrie-tema-a,dcml/frescobaldi_fiori_musicali,dcml_tsv,ok,,2,2,0.0,169,8,0.0
dcml-frescobaldi_fiori_musicali-op-12,dcml-frescobaldi_fiori_musicali-op-12--12-04-christe-tema-b,dcml/frescobaldi_fiori_musicali,dcml_tsv,ok,,2,2,0.0,175,5,0.0
dcml-frescobaldi_fiori_musicali-op-12,dcml-frescobaldi_fiori_musicali-op-12--12-05-christe-tema-b-alio-modo,dcml/frescobaldi_fiori_musicali,dcml_tsv,ok,,2,2,0.0,156,4,0.0
dcml-frescobaldi_fiori_musicali-op-12,dcml-frescobaldi_fiori_musicali-op-12--12-06-christe-tema-b-alio-modo-ii,dcml/frescobaldi_fiori_musicali,dcml_tsv,ok,,2,2,0.0,164,2,0.0
dcml-frescobaldi_fiori_musicali-op-12,dcml-frescobaldi_fiori_musicali-op-12--12-07-christe-tema-b-alio-modo-iii,dcml/frescobaldi_fiori_musicali,dcml_tsv,ok,,2,2,0.0,153,6,0.0
dcml-frescobaldi_fiori_musicali-op-12,dcml-frescobaldi_fiori_musicali-op-12--12-08-kyrie-tema-c,dcml/frescobaldi_fiori_musicali,dcml_tsv,ok,,2,2,0.0,124,5,0.0
dcml-frescobaldi_fiori_musicali-op-12,dcml-frescobaldi_fiori_musicali-op-12--12-09-kyrie-tema-d-alio-modo-i,dcml/frescobaldi_fiori_musicali,dcml_tsv,ok,,2,2,0.0,224,10,0.0
dcml-frescobaldi_fiori_musicali-op-12,dcml-frescobaldi_fiori_musicali-op-12--12-10-kyrie-tema-d-alio-modo-ii,dcml/frescobaldi_fiori_musicali,dcml_tsv,ok,,2,2,0.0,210,7,0.0
dcml-frescobaldi_fiori_musicali-op-12,dcml-frescobaldi_fiori_musicali-op-12--12-11-kyrie-ultimo,dcml/frescobaldi_fiori_musicali,dcml_tsv,ok,,2,2,0.0,229,5,0.0
dcml-frescobaldi_fiori_musicali-op-12,dcml-frescobaldi_fiori_musicali-op-12--12-12-kyrie-tema-d-alio-modo-iii,dcml/frescobaldi_fiori_musicali,dcml_tsv,ok,,2,2,0.0,189,8,0.0
dcml-frescobaldi_fiori_musicali-op-12,dcml-frescobaldi_fiori_musicali-op-12--12-13-kyrie-tema-d-alio-modo-iv,dcml/frescobaldi_fiori_musicali,dcml_tsv,ok,,2,2,0.0,111,2,0.0
dcml-frescobaldi_fiori_musicali-op-12,dcml-frescobaldi_fiori_musicali-op-12--12-14-canzon-dopo-l-epistola,dcml/frescobaldi_fiori_musicali,dcml_tsv,ok,,2,2,0.0,754,47,0.0
dcml-frescobaldi_fiori_musicali-op-12,dcml-frescobaldi_fiori_musicali-op-12--12-15-recercar-dopo-il-credo,dcml/frescobaldi_fiori_musicali,dcml_tsv,ok,,2,2,0.0,598,18,0.0
dcml-frescobaldi_fiori_musicali-op-12,dcml-frescobaldi_fiori_musicali-op-12--12-16-toccata-cromaticha-per-l-elevatione,dcml/frescobaldi_fiori_musicali,dcml_tsv,ok,,2,2,0.0,528,17,0.0
dcml-frescobaldi_fiori_musicali-op-12,dcml-frescobaldi_fiori_musicali-op-12--12-17-canzon-post-il-comune,dcml/frescobaldi_fiori_musicali,dcml_tsv,ok,,2,2,0.0,1081,34,0.0
dcml-frescobaldi_fiori_musicali-op-12,dcml-frescobaldi_fiori_musicali-op-12--12-18-toccata-avanti-la-messa-delli-apostoli,dcml/frescobaldi_fiori_musicali,dcml_tsv,ok,,2,2,0.0,274,4,0.0
dcml-frescobaldi_fiori_musicali-op-12,dcml-frescobaldi_fiori_musicali-op-12--12-19-kyrie-tema-e-1,dcml/frescobaldi_fiori_musicali,dcml_tsv,ok,,2,2,0.0,179,5,0.0
dcml-frescobaldi_fiori_musicali-op-12,dcml-frescobaldi_fiori_musicali-op-12--12-20-kyrie-tema-e-2,dcml/frescobaldi_fiori_musicali,dcml_tsv,ok,,2,2,0.0,211,9,0.0
dcml-frescobaldi_fiori_musicali-op-12,dcml-frescobaldi_fiori_musicali-op-12--12-21-kyrie-tema-e-3,dcml/frescobaldi_fiori_musicali,dcml_tsv,ok,,2,2,0.0,268,8,0.0
dcml-frescobaldi_fiori_musicali-op-12,dcml-frescobaldi_fiori_musicali-op-12--12-22-christe-tema-f-1,dcml/frescobaldi_fiori_musicali,dcml_tsv,ok,,2,2,0.0,134,7,0.0
dcml-frescobaldi_fiori_musicali-op-12,dcml-frescobaldi_fiori_musicali-op-12--12-23-christe-tema-f-2,dcml/frescobaldi_fiori_musicali,dcml_tsv,ok,,2,2,0.0,170,4,0.0
dcml-frescobaldi_fiori_musicali-op-12,dcml-frescobaldi_fiori_musicali-op-12--12-24-kyrie-tema-g-1,dcml/frescobaldi_fiori_musicali,dcml_tsv,ok,,2,2,0.0,191,5,0.0
dcml-frescobaldi_fiori_musicali-op-12,dcml-frescobaldi_fiori_musicali-op-12--12-25-kyrie-tema-g-2,dcml/frescobaldi_fiori_musicali,dcml_tsv,ok,,2,2,0.0,223,7,0.0
dcml-frescobaldi_fiori_musicali-op-12,dcml-frescobaldi_fiori_musicali-op-12--12-26-kyrie-tema-h,dcml/frescobaldi_fiori_musicali,dcml_tsv,ok,,2,2,0.0,256,10,0.0
dcml-frescobaldi_fiori_musicali-op-12,dcml-frescobaldi_fiori_musicali-op-12--12-27-canzon-dopo-l-epistola,dcml/frescobaldi_fiori_musicali,dcml_tsv,ok,,2,2,0.0,999,27,0.0
dcml-frescobaldi_fiori_musicali-op-12,dcml-frescobaldi_fiori_musicali-op-12--12-28-toccata-avanti-il-recercar,dcml/frescobaldi_fiori_musicali,dcml_tsv,ok,,2,2,0.0,177,4,0.0
dcml-frescobaldi_fiori_musicali-op-12,dcml-frescobaldi_fiori_musicali-op-12--12-29-recercar-cromaticho-post-il-credo,dcml/frescobaldi_fiori_musicali,dcml_tsv,ok,,2,2,0.0,745,25,0.0
dcml-frescobaldi_fiori_musicali-op-12,dcml-frescobaldi_fiori_musicali-op-12--12-30-alto-recercar,dcml/frescobaldi_fiori_musicali,dcml_tsv,ok,,2,2,0.0,959,34,0.0
dcml-frescobaldi_fiori_musicali-op-12,dcml-frescobaldi_fiori_musicali-op-12--12-31-toccata-per-l-elevatione,dcml/frescobaldi_fiori_musicali,dcml_tsv,ok,,2,2,0.0,457,10,0.0
dcml-frescobaldi_fiori_musicali-op-12,dcml-frescobaldi_fiori_musicali-op-12--12-32-recercar-con-obligo-del-basso-come-appare,dcml/frescobaldi_fiori_musicali,dcml_tsv,ok,,2,2,0.0,776,33,0.0
dcml-frescobaldi_fiori_musicali-op-12,dcml-frescobaldi_fiori_musicali-op-12--12-33-canzon-quarti-toni-dopo-il-post-comune,dcml/frescobaldi_fiori_musicali,dcml_tsv,ok,,2,2,0.0,878,21,0.0
dcml-frescobaldi_fiori_musicali-op-12,dcml-frescobaldi_fiori_musicali-op-12--12-34-toccata-avanti-la-messa-della-madonna,dcml/frescobaldi_fiori_musicali,dcml_tsv,ok,,2,2,0.0,195,11,0.0
dcml-frescobaldi_fiori_musicali-op-12,dcml-frescobaldi_fiori_musicali-op-12--12-35-kyrie-tema-i,dcml/frescobaldi_fiori_musicali,dcml_tsv,ok,,2,2,0.0,126,4,0.0
dcml-frescobaldi_fiori_musicali-op-12,dcml-frescobaldi_fiori_musicali-op-12--12-36-kyrie-tema-k,dcml/frescobaldi_fiori_musicali,dcml_tsv,ok,,2,2,0.0,176,7,0.0
dcml-frescobaldi_fiori_musicali-op-12,dcml-frescobaldi_fiori_musicali-op-12--12-37-christe-tema-l,dcml/frescobaldi_fiori_musicali,dcml_tsv,ok,,2,2,0.0,177,9,0.0
dcml-frescobaldi_fiori_musicali-op-12,dcml-frescobaldi_fiori_musicali-op-12--12-38-christe-tema-m,dcml/frescobaldi_fiori_musicali,dcml_tsv,ok,,2,2,0.0,155,2,0.0
dcml-frescobaldi_fiori_musicali-op-12,dcml-frescobaldi_fiori_musicali-op-12--12-39-kyrie-tema-n,dcml/frescobaldi_fiori_musicali,dcml_tsv,ok,,2,2,0.0,136,5,0.0
dcml-frescobaldi_fiori_musicali-op-12,dcml-frescobaldi_fiori_musicali-op-12--12-40-kyrie-tema-o,dcml/frescobaldi_fiori_musicali,dcml_tsv,ok,,2,2,0.0,156,7,0.0
dcml-frescobaldi_fiori_musicali-op-12,dcml-frescobaldi_fiori_musicali-op-12--12-41-canzon-dopo-l-epistola,dcml/frescobaldi_fiori_musicali,dcml_tsv,ok,,2,2,0.0,616,11,0.0
dcml-frescobaldi_fiori_musicali-op-12,dcml-frescobaldi_fiori_musicali-op-12--12-42-recercar-dopo-il-credo,dcml/frescobaldi_fiori_musicali,dcml_tsv,ok,,2,2,0.0,594,25,0.0
dcml-frescobaldi_fiori_musicali-op-12,dcml-frescobaldi_fiori_musicali-op-12--12-43-toccata-avanti-il-recercar,dcml/frescobaldi_fiori_musicali,dcml_tsv,ok,,2,2,0.0,172,11,0.0
dcml-frescobaldi_fiori_musicali-op-12,dcml-frescobaldi_fiori_musicali-op-12--12-44-recercar-con-obligo-di-cantare-la-quinta-par,dcml/frescobaldi_fiori_musicali,dcml_tsv,ok,,2,2,0.0,689,27,0.0
dcml-frescobaldi_fiori_musicali-op-12,dcml-frescobaldi_fiori_musicali-op-12--12-45-toccata-per-l-elevatione,dcml/frescobaldi_fiori_musicali,dcml_tsv,ok,,2,2,0.0,284,6,0.0
dcml-grieg_lyric_pieces-op-12,dcml-grieg_lyric_pieces-op-12--op12n01,dcml/grieg_lyric_pieces,dcml_tsv,ok,,2,2,0.0,264,6,0.0
dcml-grieg_lyric_pieces-op-12,dcml-grieg_lyric_pieces-op-12--op12n02,dcml/grieg_lyric_pieces,dcml_tsv,ok,,2,2,0.0,416,43,0.0
dcml-grieg_lyric_pieces-op-12,dcml-grieg_lyric_pieces-op-12--op12n03,dcml/grieg_lyric_pieces,dcml_tsv,ok,,2,2,0.0,414,33,0.0
dcml-grieg_lyric_pieces-op-12,dcml-grieg_lyric_pieces-op-12--op12n04,dcml/grieg_lyric_pieces,dcml_tsv,ok,,2,2,0.0,507,36,0.0
dcml-grieg_lyric_pieces-op-12,dcml-grieg_lyric_pieces-op-12--op12n05,dcml/grieg_lyric_pieces,dcml_tsv,ok,,2,2,0.0,322,22,0.0
dcml-grieg_lyric_pieces-op-12,dcml-grieg_lyric_pieces-op-12--op12n06,dcml/grieg_lyric_pieces,dcml_tsv,ok,,2,2,0.0,365,8,0.0
dcml-grieg_lyric_pieces-op-12,dcml-grieg_lyric_pieces-op-12--op12n07,dcml/grieg_lyric_pieces,dcml_tsv,ok,,2,2,0.0,393,58,0.0
dcml-grieg_lyric_pieces-op-12,dcml-grieg_lyric_pieces-op-12--op12n08,dcml/grieg_lyric_pieces,dcml_tsv,ok,,2,2,0.0,200,8,0.0
dcml-grieg_lyric_pieces-op-38,dcml-grieg_lyric_pieces-op-38--op38n01,dcml/grieg_lyric_pieces,dcml_tsv,ok,,2,2,0.0,568,26,0.0
dcml-grieg_lyric_pieces-op-38,dcml-grieg_lyric_pieces-op-38--op38n02,dcml/grieg_lyric_pieces,dcml_tsv,ok,,2,2,0.0,255,2,0.0
dcml-grieg_lyric_pieces-op-38,dcml-grieg_lyric_pieces-op-38--op38n03,dcml/grieg_lyric_pieces,dcml_tsv,ok,,2,2,0.0,440,46,0.0
dcml-grieg_lyric_pieces-op-38,dcml-grieg_lyric_pieces-op-38--op38n04,dcml/grieg_lyric_pieces,dcml_tsv,ok,,2,2,0.0,418,44,0.0
dcml-grieg_lyric_pieces-op-38,dcml-grieg_lyric_pieces-op-38--op38n05,dcml/grieg_lyric_pieces,dcml_tsv,ok,,2,2,0.0,266,9,0.0
dcml-grieg_lyric_pieces-op-38,dcml-grieg_lyric_pieces-op-38--op38n06,dcml/grieg_lyric_pieces,dcml_tsv,ok,,2,2,0.0,450,25,0.0
dcml-grieg_lyric_pieces-op-38,dcml-grieg_lyric_pieces-op-38--op38n07,dcml/grieg_lyric_pieces,dcml_tsv,ok,,2,2,0.0,329,41,0.0
dcml-grieg_lyric_pieces-op-38,dcml-grieg_lyric_pieces-op-38--op38n08,dcml/grieg_lyric_pieces,dcml_tsv,ok,,2,2,0.0,526,18,0.0
dcml-grieg_lyric_pieces-op-43,dcml-grieg_lyric_pieces-op-43--op43n01,dcml/grieg_lyric_pieces,dcml_tsv,ok,,2,2,0.0,730,114,0.0
dcml-grieg_lyric_pieces-op-43,dcml-grieg_lyric_pieces-op-43--op43n02,dcml/grieg_lyric_pieces,dcml_tsv,ok,,2,2,0.0,370,11,0.0
dcml-grieg_lyric_pieces-op-43,dcml-grieg_lyric_pieces-op-43--op43n03,dcml/grieg_lyric_pieces,dcml_tsv,ok,,2,2,0.0,437,18,0.0
dcml-grieg_lyric_pieces-op-43,dcml-grieg_lyric_pieces-op-43--op43n04,dcml/grieg_lyric_pieces,dcml_tsv,ok,,2,2,0.0,395,107,0.0
dcml-grieg_lyric_pieces-op-43,dcml-grieg_lyric_pieces-op-43--op43n05,dcml/grieg_lyric_pieces,dcml_tsv,ok,,2,2,0.0,421,23,0.0
dcml-grieg_lyric_pieces-op-43,dcml-grieg_lyric_pieces-op-43--op43n06,dcml/grieg_lyric_pieces,dcml_tsv,ok,,3,3,0.0,739,117,0.0
dcml-grieg_lyric_pieces-op-47,dcml-grieg_lyric_pieces-op-47--op47n01,dcml/grieg_lyric_pieces,dcml_tsv,ok,,2,2,0.0,927,124,0.0
dcml-grieg_lyric_pieces-op-47,dcml-grieg_lyric_pieces-op-47--op47n02,dcml/grieg_lyric_pieces,dcml_tsv,ok,,2,2,0.0,1004,171,0.0
dcml-grieg_lyric_pieces-op-47,dcml-grieg_lyric_pieces-op-47--op47n03,dcml/grieg_lyric_pieces,dcml_tsv,ok,,2,2,0.0,1046,30,0.0
dcml-grieg_lyric_pieces-op-47,dcml-grieg_lyric_pieces-op-47--op47n04,dcml/grieg_lyric_pieces,dcml_tsv,ok,,2,2,0.0,244,6,0.0
dcml-grieg_lyric_pieces-op-47,dcml-grieg_lyric_pieces-op-47--op47n05,dcml/grieg_lyric_pieces,dcml_tsv,ok,,2,2,0.0,400,43,0.0
dcml-grieg_lyric_pieces-op-47,dcml-grieg_lyric_pieces-op-47--op47n06,dcml/grieg_lyric_pieces,dcml_tsv,ok,,2,2,0.0,516,40,0.0
dcml-grieg_lyric_pieces-op-47,dcml-grieg_lyric_pieces-op-47--op47n07,dcml/grieg_lyric_pieces,dcml_tsv,ok,,2,2,0.0,459,88,0.0
dcml-grieg_lyric_pieces-op-54,dcml-grieg_lyric_pieces-op-54--op54n01,dcml/grieg_lyric_pieces,dcml_tsv,ok,,2,2,0.0,434,40,0.0
dcml-grieg_lyric_pieces-op-54,dcml-grieg_lyric_pieces-op-54--op54n02,dcml/grieg_lyric_pieces,dcml_tsv,ok,,2,2,0.0,1029,213,0.0
dcml-grieg_lyric_pieces-op-54,dcml-grieg_lyric_pieces-op-54--op54n03,dcml/grieg_lyric_pieces,dcml_tsv,ok,,2,2,0.0,1596,130,0.0
dcml-grieg_lyric_pieces-op-54,dcml-grieg_lyric_pieces-op-54--op54n04,dcml/grieg_lyric_pieces,dcml_tsv,ok,,2,2,0.0,779,52,0.0
dcml-grieg_lyric_pieces-op-54,dcml-grieg_lyric_pieces-op-54--op54n05,dcml/grieg_lyric_pieces,dcml_tsv,ok,,2,2,0.0,1037,114,0.0
dcml-grieg_lyric_pieces-op-54,dcml-grieg_lyric_pieces-op-54--op54n06,dcml/grieg_lyric_pieces,dcml_tsv,ok,,2,2,0.0,279,28,0.0
dcml-grieg_lyric_pieces-op-57,dcml-grieg_lyric_pieces-op-57--op57n01,dcml/grieg_lyric_pieces,dcml_tsv,ok,,2,2,0.0,1457,58,0.0
dcml-grieg_lyric_pieces-op-57,dcml-grieg_lyric_pieces-op-57--op57n02,dcml/grieg_lyric_pieces,dcml_tsv,ok,,2,2,0.0,1265,117,0.0
dcml-grieg_lyric_pieces-op-57,dcml-grieg_lyric_pieces-op-57--op57n03,dcml/grieg_lyric_pieces,dcml_tsv,ok,,2,2,0.0,646,81,0.0
dcml-grieg_lyric_pieces-op-57,dcml-grieg_lyric_pieces-op-57--op57n04,dcml/grieg_lyric_pieces,dcml_tsv,ok,,2,2,0.0,634,106,0.0
dcml-grieg_lyric_pieces-op-57,dcml-grieg_lyric_pieces-op-57--op57n05,dcml/grieg_lyric_pieces,dcml_tsv,ok,,2,2,0.0,1128,341,0.0
dcml-grieg_lyric_pieces-op-57,dcml-grieg_lyric_pieces-op-57--op57n06,dcml/grieg_lyric_pieces,dcml_tsv,ok,,2,2,0.0,943,34,0.0
dcml-grieg_lyric_pieces-op-62,dcml-grieg_lyric_pieces-op-62--op62n01,dcml/grieg_lyric_pieces,dcml_tsv,ok,,2,2,0.0,599,220,0.0
dcml-grieg_lyric_pieces-op-62,dcml-grieg_lyric_pieces-op-62--op62n02,dcml/grieg_lyric_pieces,dcml_tsv,ok,,2,2,0.0,679,32,0.0
dcml-grieg_lyric_pieces-op-62,dcml-grieg_lyric_pieces-op-62--op62n03,dcml/grieg_lyric_pieces,dcml_tsv,ok,,2,2,0.0,705,64,0.0
dcml-grieg_lyric_pieces-op-62,dcml-grieg_lyric_pieces-op-62--op62n04,dcml/grieg_lyric_pieces,dcml_tsv,ok,,2,2,0.0,1331,107,0.0
dcml-grieg_lyric_pieces-op-62,dcml-grieg_lyric_pieces-op-62--op62n05,dcml/grieg_lyric_pieces,dcml_tsv,ok,,2,2,0.0,532,8,0.0
dcml-grieg_lyric_pieces-op-62,dcml-grieg_lyric_pieces-op-62--op62n06,dcml/grieg_lyric_pieces,dcml_tsv,ok,,2,2,0.0,1032,78,0.0
dcml-grieg_lyric_pieces-op-65,dcml-grieg_lyric_pieces-op-65--op65n01,dcml/grieg_lyric_pieces,dcml_tsv,ok,,2,2,0.0,1516,177,0.0
dcml-grieg_lyric_pieces-op-65,dcml-grieg_lyric_pieces-op-65--op65n02,dcml/grieg_lyric_pieces,dcml_tsv,ok,,2,2,0.0,398,19,0.0
dcml-grieg_lyric_pieces-op-65,dcml-grieg_lyric_pieces-op-65--op65n03,dcml/grieg_lyric_pieces,dcml_tsv,ok,,2,2,0.0,577,102,0.0
dcml-grieg_lyric_pieces-op-65,dcml-grieg_lyric_pieces-op-65--op65n04,dcml/grieg_lyric_pieces,dcml_tsv,ok,,2,2,0.0,623,82,0.0
dcml-grieg_lyric_pieces-op-65,dcml-grieg_lyric_pieces-op-65--op65n05,dcml/grieg_lyric_pieces,dcml_tsv,ok,,2,2,0.0,528,9,0.0
dcml-grieg_lyric_pieces-op-65,dcml-grieg_lyric_pieces-op-65--op65n06,dcml/grieg_lyric_pieces,dcml_tsv,ok,,2,2,0.0,2082,561,0.0
dcml-grieg_lyric_pieces-op-68,dcml-grieg_lyric_pieces-op-68--op68n01,dcml/grieg_lyric_pieces,dcml_tsv,ok,,2,2,0.0,359,31,0.0
dcml-grieg_lyric_pieces-op-68,dcml-grieg_lyric_pieces-op-68--op68n02,dcml/grieg_lyric_pieces,dcml_tsv,ok,,2,2,0.0,703,71,0.0
dcml-grieg_lyric_pieces-op-68,dcml-grieg_lyric_pieces-op-68--op68n03,dcml/grieg_lyric_pieces,dcml_tsv,ok,,2,2,0.0,671,66,0.0
dcml-grieg_lyric_pieces-op-68,dcml-grieg_lyric_pieces-op-68--op68n04,dcml/grieg_lyric_pieces,dcml_tsv,ok,,2,2,0.0,341,22,0.0
dcml-grieg_lyric_pieces-op-68,dcml-grieg_lyric_pieces-op-68--op68n05,dcml/grieg_lyric_pieces,dcml_tsv,ok,,2,2,0.0,415,31,0.0
dcml-grieg_lyric_pieces-op-68,dcml-grieg_lyric_pieces-op-68--op68n06,dcml/grieg_lyric_pieces,dcml_tsv,ok,,2,2,0.0,964,101,0.0
dcml-grieg_lyric_pieces-op-71,dcml-grieg_lyric_pieces-op-71--op71n01,dcml/grieg_lyric_pieces,dcml_tsv,ok,,2,2,0.0,843,51,0.0
dcml-grieg_lyric_pieces-op-71,dcml-grieg_lyric_pieces-op-71--op71n02,dcml/grieg_lyric_pieces,dcml_tsv,ok,,2,2,0.0,417,26,0.0
dcml-grieg_lyric_pieces-op-71,dcml-grieg_lyric_pieces-op-71--op71n03,dcml/grieg_lyric_pieces,dcml_tsv,ok,,2,2,0.0,538,41,0.0
dcml-grieg_lyric_pieces-op-71,dcml-grieg_lyric_pieces-op-71--op71n04,dcml/grieg_lyric_pieces,dcml_tsv,ok,,2,2,0.0,1069,62,0.0
dcml-grieg_lyric_pieces-op-71,dcml-grieg_lyric_pieces-op-71--op71n05,dcml/grieg_lyric_pieces,dcml_tsv,ok,,2,2,0.0,822,37,0.0
dcml-grieg_lyric_pieces-op-71,dcml-grieg_lyric_pieces-op-71--op71n06,dcml/grieg_lyric_pieces,dcml_tsv,ok,,2,2,0.0,313,26,0.0
dcml-grieg_lyric_pieces-op-71,dcml-grieg_lyric_pieces-op-71--op71n07,dcml/grieg_lyric_pieces,dcml_tsv,ok,,2,2,0.0,485,27,0.0
dcml-handel_keyboard-hwv-430,dcml-handel_keyboard-hwv-430--hwv430d-grobschmied-aria,dcml/handel_keyboard,dcml_tsv,ok,,2,2,0.0,177,9,0.3
dcml-handel_keyboard-hwv-430,dcml-handel_keyboard-hwv-430--hwv430d-grobschmied-var1,dcml/handel_keyboard,dcml_tsv,ok,,2,2,0.0,219,19,0.0
dcml-handel_keyboard-hwv-430,dcml-handel_keyboard-hwv-430--hwv430d-grobschmied-var2,dcml/handel_keyboard,dcml_tsv,ok,,2,2,0.0,226,5,0.0
dcml-handel_keyboard-hwv-430,dcml-handel_keyboard-hwv-430--hwv430d-grobschmied-var3,dcml/handel_keyboard,dcml_tsv,ok,,2,2,0.0,255,23,0.0
dcml-handel_keyboard-hwv-430,dcml-handel_keyboard-hwv-430--hwv430d-grobschmied-var4,dcml/handel_keyboard,dcml_tsv,ok,,2,2,0.0,305,4,0.0
dcml-handel_keyboard-hwv-430,dcml-handel_keyboard-hwv-430--hwv430d-grobschmied-var5,dcml/handel_keyboard,dcml_tsv,ok,,2,2,0.0,415,16,0.0
dcml-jc_bach_sonatas-op-17,dcml-jc_bach_sonatas-op-17--wa07op17no1a-minuetto-con-variatione,dcml/jc_bach_sonatas,dcml_tsv,ok,,2,2,0.0,1252,37,0.3
dcml-jc_bach_sonatas-op-17,dcml-jc_bach_sonatas-op-17--wa08op17no2a-allegro,dcml/jc_bach_sonatas,dcml_tsv,ok,,2,2,0.0,1147,113,0.0
dcml-jc_bach_sonatas-op-17,dcml-jc_bach_sonatas-op-17--wa08op17no2b-andante,dcml/jc_bach_sonatas,dcml_tsv,ok,,2,2,0.0,991,103,0.0
dcml-jc_bach_sonatas-op-17,dcml-jc_bach_sonatas-op-17--wa08op17no2c-prestissimo,dcml/jc_bach_sonatas,dcml_tsv,ok,,2,2,0.0,1573,171,0.0
dcml-jc_bach_sonatas-op-17,dcml-jc_bach_sonatas-op-17--wa09op17no3a-allegro-assai,dcml/jc_bach_sonatas,dcml_tsv,ok,,2,2,0.0,1888,105,0.0
dcml-jc_bach_sonatas-op-17,dcml-jc_bach_sonatas-op-17--wa09op17no3b-allegro,dcml/jc_bach_sonatas,dcml_tsv,ok,,2,2,0.0,1051,25,0.0
dcml-jc_bach_sonatas-op-17,dcml-jc_bach_sonatas-op-17--wa10op17no4a-allegro,dcml/jc_bach_sonatas,dcml_tsv,ok,,2,2,0.0,1532,149,0.0
dcml-jc_bach_sonatas-op-17,dcml-jc_bach_sonatas-op-17--wa10op17no4b-presto-assai,dcml/jc_bach_sonatas,dcml_tsv,ok,,2,2,0.0,830,23,0.0
dcml-jc_bach_sonatas-op-17,dcml-jc_bach_sonatas-op-17--wa11op17no5a-allegro,dcml/jc_bach_sonatas,dcml_tsv,ok,,2,2,0.0,1877,73,0.0
dcml-jc_bach_sonatas-op-17,dcml-jc_bach_sonatas-op-17--wa11op17no5b-presto,dcml/jc_bach_sonatas,dcml_tsv,ok,,2,2,0.0,1333,116,0.0
dcml-jc_bach_sonatas-op-17,dcml-jc_bach_sonatas-op-17--wa12op17no6a-allegro,dcml/jc_bach_sonatas,dcml_tsv,ok,,2,2,0.0,2064,165,0.0
dcml-jc_bach_sonatas-op-17,dcml-jc_bach_sonatas-op-17--wa12op17no6b-andante,dcml/jc_bach_sonatas,dcml_tsv,ok,,2,2,0.0,930,111,0.0
dcml-jc_bach_sonatas-op-17,dcml-jc_bach_sonatas-op-17--wa12op17no6c-prestissimo,dcml/jc_bach_sonatas,dcml_tsv,ok,,2,2,0.0,1689,87,0.0
dcml-jc_bach_sonatas-op-5,dcml-jc_bach_sonatas-op-5--wa01op05no1a-allegretto,dcml/jc_bach_sonatas,dcml_tsv,ok,,2,2,0.0,867,68,0.3
dcml-jc_bach_sonatas-op-5,dcml-jc_bach_sonatas-op-5--wa01op05no1b-tempo-di-minuetto,dcml/jc_bach_sonatas,dcml_tsv,ok,,2,2,0.0,662,77,0.0
dcml-jc_bach_sonatas-op-5,dcml-jc_bach_sonatas-op-5--wa02op05no2a-allegro-di-molto,dcml/jc_bach_sonatas,dcml_tsv,ok,,2,2,0.0,1616,170,0.0
dcml-jc_bach_sonatas-op-5,dcml-jc_bach_sonatas-op-5--wa02op05no2b-andante-di-molto,dcml/jc_bach_sonatas,dcml_tsv,ok,,2,2,0.0,609,45,0.0
dcml-jc_bach_sonatas-op-5,dcml-jc_bach_sonatas-op-5--wa02op05no2c-minuetto,dcml/jc_bach_sonatas,dcml_tsv,ok,,2,2,0.0,261,16,0.0
dcml-jc_bach_sonatas-op-5,dcml-jc_bach_sonatas-op-5--wa02op05no2d-minore,dcml/jc_bach_sonatas,dcml_tsv,ok,,2,2,0.0,253,19,0.0
dcml-jc_bach_sonatas-op-5,dcml-jc_bach_sonatas-op-5--wa03op05no3a-allegro,dcml/jc_bach_sonatas,dcml_tsv,ok,,2,2,0.0,1314,171,0.0
dcml-jc_bach_sonatas-op-5,dcml-jc_bach_sonatas-op-5--wa03op05no3b-allegretto,dcml/jc_bach_sonatas,dcml_tsv,ok,,2,2,0.0,971,122,0.0
dcml-jc_bach_sonatas-op-5,dcml-jc_bach_sonatas-op-5--wa04op05no4a-allegro,dcml/jc_bach_sonatas,dcml_tsv,ok,,2,2,0.0,1639,206,0.0
dcml-jc_bach_sonatas-op-5,dcml-jc_bach_sonatas-op-5--wa04op05no4b-rondeaux,dcml/jc_bach_sonatas,dcml_tsv,ok,,2,2,0.0,778,55,0.0
dcml-jc_bach_sonatas-op-5,dcml-jc_bach_sonatas-op-5--wa05op05no5a-allegro-assai,dcml/jc_bach_sonatas,dcml_tsv,ok,,2,2,0.0,2157,156,0.0
dcml-jc_bach_sonatas-op-5,dcml-jc_bach_sonatas-op-5--wa05op05no5b-adagio,dcml/jc_bach_sonatas,dcml_tsv,ok,,2,2,0.0,781,41,0.0
dcml-jc_bach_sonatas-op-5,dcml-jc_bach_sonatas-op-5--wa05op05no5c-prestissimo,dcml/jc_bach_sonatas,dcml_tsv,ok,,2,2,0.0,1257,34,0.0
dcml-jc_bach_sonatas-op-5,dcml-jc_bach_sonatas-op-5--wa06op05no6a-grave,dcml/jc_bach_sonatas,dcml_tsv,ok,,2,2,0.0,1128,67,0.0
dcml-jc_bach_sonatas-op-5,dcml-jc_bach_sonatas-op-5--wa06op05no6b-allegro-moderato,dcml/jc_bach_sonatas,dcml_tsv,ok,,2,2,0.0,1385,90,0.0
dcml-jc_bach_sonatas-op-5,dcml-jc_bach_sonatas-op-5--wa06op05no6c-allegretto,dcml/jc_bach_sonatas,dcml_tsv,ok,,2,2,0.0,731,58,0.0
dcml-kozeluh_sonatas-op-10-no-1,dcml-kozeluh_sonatas-op-10-no-1--11op10no1a,dcml/kozeluh_sonatas,dcml_tsv,ok,,2,2,0.0,3021,223,0.1
dcml-kozeluh_sonatas-op-13-no-2,dcml-kozeluh_sonatas-op-13-no-2--14op13no2a,dcml/kozeluh_sonatas,dcml_tsv,ok,,2,2,0.0,1515,66,0.0
dcml-kozeluh_sonatas-op-13-no-2,dcml-kozeluh_sonatas-op-13-no-2--14op13no2b,dcml/kozeluh_sonatas,dcml_tsv,ok,,2,2,0.0,614,49,0.0
dcml-kozeluh_sonatas-op-13-no-2,dcml-kozeluh_sonatas-op-13-no-2--14op13no2c,dcml/kozeluh_sonatas,dcml_tsv,ok,,2,2,0.0,749,81,0.0
dcml-kozeluh_sonatas-op-15-no-1,dcml-kozeluh_sonatas-op-15-no-1--16op15no1a,dcml/kozeluh_sonatas,dcml_tsv,ok,,2,2,0.0,544,31,0.0
dcml-kozeluh_sonatas-op-15-no-1,dcml-kozeluh_sonatas-op-15-no-1--16op15no1b,dcml/kozeluh_sonatas,dcml_tsv,ok,,2,2,0.0,2533,124,0.1
dcml-kozeluh_sonatas-op-15-no-1,dcml-kozeluh_sonatas-op-15-no-1--16op15no1c,dcml/kozeluh_sonatas,dcml_tsv,ok,,2,2,0.0,2176,230,0.0
dcml-kozeluh_sonatas-op-17-no-1,dcml-kozeluh_sonatas-op-17-no-1--19op17no1a,dcml/kozeluh_sonatas,dcml_tsv,ok,,2,2,0.0,491,57,0.0
dcml-kozeluh_sonatas-op-17-no-1,dcml-kozeluh_sonatas-op-17-no-1--19op17no1b,dcml/kozeluh_sonatas,dcml_tsv,ok,,2,2,0.0,2942,155,0.1
dcml-kozeluh_sonatas-op-17-no-1,dcml-kozeluh_sonatas-op-17-no-1--19op17no1c,dcml/kozeluh_sonatas,dcml_tsv,ok,,2,2,0.0,1793,152,0.0
dcml-kozeluh_sonatas-op-20-no-1,dcml-kozeluh_sonatas-op-20-no-1--22op20no1a,dcml/kozeluh_sonatas,dcml_tsv,ok,,2,2,0.0,1867,131,0.0
dcml-kozeluh_sonatas-op-20-no-1,dcml-kozeluh_sonatas-op-20-no-1--22op20no1b,dcml/kozeluh_sonatas,dcml_tsv,ok,,2,2,0.0,606,66,0.0
dcml-kozeluh_sonatas-op-20-no-1,dcml-kozeluh_sonatas-op-20-no-1--22op20no1c,dcml/kozeluh_sonatas,dcml_tsv,ok,,2,2,0.0,1452,125,0.0
dcml-kozeluh_sonatas-op-26-no-1,dcml-kozeluh_sonatas-op-26-no-1--25op26no1a,dcml/kozeluh_sonatas,dcml_tsv,ok,,2,2,0.0,2440,116,0.0
dcml-kozeluh_sonatas-op-26-no-1,dcml-kozeluh_sonatas-op-26-no-1--25op26no1b,dcml/kozeluh_sonatas,dcml_tsv,ok,,2,2,0.0,735,66,0.0
dcml-kozeluh_sonatas-op-26-no-1,dcml-kozeluh_sonatas-op-26-no-1--25op26no1c,dcml/kozeluh_sonatas,dcml_tsv,ok,,2,2,0.0,1385,85,0.0
dcml-kozeluh_sonatas-op-30-no-1,dcml-kozeluh_sonatas-op-30-no-1--28op30no1a,dcml/kozeluh_sonatas,dcml_tsv,ok,,2,2,0.0,2220,192,0.0
dcml-kozeluh_sonatas-op-30-no-1,dcml-kozeluh_sonatas-op-30-no-1--28op30no1b,dcml/kozeluh_sonatas,dcml_tsv,ok,,2,2,0.0,716,35,0.0
dcml-kozeluh_sonatas-op-30-no-1,dcml-kozeluh_sonatas-op-30-no-1--28op30no1c,dcml/kozeluh_sonatas,dcml_tsv,ok,,2,2,0.0,2549,90,0.0
dcml-kozeluh_sonatas-op-8-no-1,dcml-kozeluh_sonatas-op-8-no-1--09op08no1a,dcml/kozeluh_sonatas,dcml_tsv,ok,,2,2,0.0,1747,97,0.0
dcml-kozeluh_sonatas-op-8-no-1,dcml-kozeluh_sonatas-op-8-no-1--09op08no1b,dcml/kozeluh_sonatas,dcml_tsv,ok,,2,2,0.0,869,53,0.0
dcml-liszt_pelerinage-s-160,dcml-liszt_pelerinage-s-160--160-01-chapelle-de-guillaume-tell,dcml/liszt_pelerinage,dcml_tsv,ok,,2,2,0.0,1451,89,0.0
dcml-liszt_pelerinage-s-160,dcml-liszt_pelerinage-s-160--160-02-au-lac-de-wallenstadt,dcml/liszt_pelerinage,dcml_tsv,ok,,2,2,0.0,1036,17,0.0
dcml-liszt_pelerinage-s-160,dcml-liszt_pelerinage-s-160--160-03-pastorale,dcml/liszt_pelerinage,dcml_tsv,ok,,2,2,0.0,808,54,0.0
dcml-liszt_pelerinage-s-160,dcml-liszt_pelerinage-s-160--160-04-au-bord-dune-source,dcml/liszt_pelerinage,dcml_tsv,ok,,2,2,0.0,2477,262,0.0
dcml-liszt_pelerinage-s-160,dcml-liszt_pelerinage-s-160--160-05-orage,dcml/liszt_pelerinage,dcml_tsv,ok,,2,2,0.0,2201,192,0.1
dcml-liszt_pelerinage-s-160,dcml-liszt_pelerinage-s-160--160-06-vallee-dobermann,dcml/liszt_pelerinage,dcml_tsv,ok,,2,2,0.0,3800,408,0.2
dcml-liszt_pelerinage-s-160,dcml-liszt_pelerinage-s-160--160-07-eglogue,dcml/liszt_pelerinage,dcml_tsv,ok,,2,2,0.0,1234,59,0.0
dcml-liszt_pelerinage-s-160,dcml-liszt_pelerinage-s-160--160-08-le-mal-du-pays-heimweh,dcml/liszt_pelerinage,dcml_tsv,ok,,2,2,0.0,898,62,0.0
dcml-liszt_pelerinage-s-160,dcml-liszt_pelerinage-s-160--160-09-les-cloches-de-geneve-nocturne,dcml/liszt_pelerinage,dcml_tsv,ok,,2,2,0.0,1552,153,0.0
dcml-liszt_pelerinage-s-161,dcml-liszt_pelerinage-s-161--161-01-sposalizio,dcml/liszt_pelerinage,dcml_tsv,ok,,2,2,0.0,1483,105,0.0
dcml-liszt_pelerinage-s-161,dcml-liszt_pelerinage-s-161--161-02-il-pensieroso,dcml/liszt_pelerinage,dcml_tsv,ok,,2,2,0.0,403,48,0.0
dcml-liszt_pelerinage-s-161,dcml-liszt_pelerinage-s-161--161-03-canzonetta-del-salvator-rosa,dcml/liszt_pelerinage,dcml_tsv,ok,,2,2,0.0,802,247,0.0
dcml-liszt_pelerinage-s-161,dcml-liszt_pelerinage-s-161--161-04-sonetto-47-del-petrarca,dcml/liszt_pelerinage,dcml_tsv,ok,,4,4,0.0,1117,189,0.0
dcml-liszt_pelerinage-s-161,dcml-liszt_pelerinage-s-161--161-05-sonetto-104-del-petrarca,dcml/liszt_pelerinage,dcml_tsv,ok,,2,2,0.0,1353,180,0.0
dcml-liszt_pelerinage-s-161,dcml-liszt_pelerinage-s-161--161-06-sonetto-123-del-petrarca,dcml/liszt_pelerinage,dcml_tsv,ok,,2,2,0.0,1185,197,0.0
dcml-liszt_pelerinage-s-161,dcml-liszt_pelerinage-s-161--161-07-apres-une-lecture-du-dante,dcml/liszt_pelerinage,dcml_tsv,ok,,3,3,0.0,5876,1256,0.2
dcml-liszt_pelerinage-s-162,dcml-liszt_pelerinage-s-162--162-01-gondoliera,dcml/liszt_pelerinage,dcml_tsv,ok,,2,2,0.0,1920,252,0.0
dcml-liszt_pelerinage-s-162,dcml-liszt_pelerinage-s-162--162-02-canzone,dcml/liszt_pelerinage,dcml_tsv,ok,,2,2,0.0,1643,46,0.0
dcml-liszt_pelerinage-s-162,dcml-liszt_pelerinage-s-162--162-03-tarantella-da-guillaume-louis-cottrau-prest,dcml/liszt_pelerinage,dcml_tsv,ok,,2,2,0.0,4969,1194,0.1
dcml-mahler_kindertotenlieder-kindertotenlieder-01-nun-will-die-sonn,dcml-mahler_kindertotenlieder-kindertotenlieder-01-nun-will-die-sonn--kindertotenlieder-01-nun-will-die-sonn,dcml/mahler_kindertotenlieder,dcml_tsv,ok,,3,3,0.0,962,45,0.0
dcml-mahler_kindertotenlieder-kindertotenlieder-02-nun-seh-ich-wohl,dcml-mahler_kindertotenlieder-kindertotenlieder-02-nun-seh-ich-wohl--kindertotenlieder-02-nun-seh-ich-wohl,dcml/mahler_kindertotenlieder,dcml_tsv,ok,,3,3,0.0,650,74,0.0
dcml-mahler_kindertotenlieder-kindertotenlieder-03-wenn-dein-mutterlei,dcml-mahler_kindertotenlieder-kindertotenlieder-03-wenn-dein-mutterlei--kindertotenlieder-03-wenn-dein-mutterlein,dcml/mahler_kindertotenlieder,dcml_tsv,ok,,3,3,0.0,945,31,0.0
dcml-mahler_kindertotenlieder-kindertotenlieder-04-oft-denk-ich,dcml-mahler_kindertotenlieder-kindertotenlieder-04-oft-denk-ich--kindertotenlieder-04-oft-denk-ich,dcml/mahler_kindertotenlieder,dcml_tsv,ok,,3,3,0.0,752,21,0.0
dcml-mahler_kindertotenlieder-kindertotenlieder-05-in-diesem-wetter,dcml-mahler_kindertotenlieder-kindertotenlieder-05-in-diesem-wetter--kindertotenlieder-05-in-diesem-wetter,dcml/mahler_kindertotenlieder,dcml_tsv,ok,,3,3,0.0,1639,67,0.0
dcml-medtner_tales-op-14,dcml-medtner_tales-op-14--op14n01,dcml/medtner_tales,dcml_tsv,ok,,2,2,0.0,824,26,0.0
dcml-medtner_tales-op-26,dcml-medtner_tales-op-26--op26n01,dcml/medtner_tales,dcml_tsv,ok,,2,2,0.0,905,56,0.0
dcml-medtner_tales-op-26,dcml-medtner_tales-op-26--op26n02,dcml/medtner_tales,dcml_tsv,ok,,2,2,0.0,835,72,0.0
dcml-medtner_tales-op-26,dcml-medtner_tales-op-26--op26n03,dcml/medtner_tales,dcml_tsv,ok,,2,2,0.0,756,81,0.0
dcml-medtner_tales-op-26,dcml-medtner_tales-op-26--op26n04,dcml/medtner_tales,dcml_tsv,ok,,2,2,0.0,1117,196,0.0
dcml-medtner_tales-op-34,dcml-medtner_tales-op-34--op34n01,dcml/medtner_tales,dcml_tsv,ok,,2,2,0.0,2236,242,0.0
dcml-medtner_tales-op-34,dcml-medtner_tales-op-34--op34n02,dcml/medtner_tales,dcml_tsv,ok,,2,2,0.0,1463,46,0.0
dcml-medtner_tales-op-34,dcml-medtner_tales-op-34--op34n03,dcml/medtner_tales,dcml_tsv,ok,,3,3,0.0,1771,115,0.0
dcml-medtner_tales-op-34,dcml-medtner_tales-op-34--op34n04,dcml/medtner_tales,dcml_tsv,ok,,2,2,0.0,1891,168,0.0
dcml-medtner_tales-op-35,dcml-medtner_tales-op-35--op35n01,dcml/medtner_tales,dcml_tsv,ok,,2,2,0.0,840,58,0.0
dcml-medtner_tales-op-35,dcml-medtner_tales-op-35--op35n02,dcml/medtner_tales,dcml_tsv,ok,,2,2,0.0,1916,87,0.0
dcml-medtner_tales-op-35,dcml-medtner_tales-op-35--op35n03,dcml/medtner_tales,dcml_tsv,ok,,2,2,0.0,1276,143,0.0
dcml-medtner_tales-op-35,dcml-medtner_tales-op-35--op35n04,dcml/medtner_tales,dcml_tsv,ok,,3,3,0.0,2327,103,0.0
dcml-medtner_tales-op-42,dcml-medtner_tales-op-42--op42n01,dcml/medtner_tales,dcml_tsv,ok,,2,2,0.0,1801,105,0.0
dcml-medtner_tales-op-42,dcml-medtner_tales-op-42--op42n02,dcml/medtner_tales,dcml_tsv,ok,,2,2,0.0,903,35,0.0
dcml-medtner_tales-op-42,dcml-medtner_tales-op-42--op42n03,dcml/medtner_tales,dcml_tsv,ok,,2,2,0.0,2131,199,0.0
dcml-medtner_tales-op-48,dcml-medtner_tales-op-48--op48n01,dcml/medtner_tales,dcml_tsv,ok,,2,2,0.0,3754,352,0.1
dcml-medtner_tales-op-48,dcml-medtner_tales-op-48--op48n02,dcml/medtner_tales,dcml_tsv,ok,,2,2,0.0,1536,126,0.0
dcml-medtner_tales-op-8,dcml-medtner_tales-op-8--op08n01,dcml/medtner_tales,dcml_tsv,ok,,2,2,0.0,993,61,0.0
dcml-mendelssohn_quartets-op-12,dcml-mendelssohn_quartets-op-12--01op12a,dcml/mendelssohn_quartets,dcml_tsv,ok,,4,4,0.0,3550,299,0.1
dcml-mendelssohn_quartets-op-12,dcml-mendelssohn_quartets-op-12--01op12b,dcml/mendelssohn_quartets,dcml_tsv,ok,,4,4,0.0,1934,106,0.0
dcml-mendelssohn_quartets-op-12,dcml-mendelssohn_quartets-op-12--01op12c,dcml/mendelssohn_quartets,dcml_tsv,ok,,4,4,0.0,1156,92,0.0
dcml-mendelssohn_quartets-op-12,dcml-mendelssohn_quartets-op-12--01op12d,dcml/mendelssohn_quartets,dcml_tsv,ok,,4,4,0.0,5567,418,0.1
dcml-mendelssohn_quartets-op-13,dcml-mendelssohn_quartets-op-13--02op13a,dcml/mendelssohn_quartets,dcml_tsv,ok,,4,4,0.0,4527,425,0.1
dcml-mendelssohn_quartets-op-13,dcml-mendelssohn_quartets-op-13--02op13b,dcml/mendelssohn_quartets,dcml_tsv,ok,,4,4,0.0,2371,360,0.0
dcml-mendelssohn_quartets-op-13,dcml-mendelssohn_quartets-op-13--02op13c,dcml/mendelssohn_quartets,dcml_tsv,ok,,4,4,0.0,1708,824,0.0
dcml-mendelssohn_quartets-op-13,dcml-mendelssohn_quartets-op-13--02op13d,dcml/mendelssohn_quartets,dcml_tsv,ok,,4,4,0.0,5480,286,0.1
dcml-mendelssohn_quartets-op-44-no-1,dcml-mendelssohn_quartets-op-44-no-1--03op44-1a,dcml/mendelssohn_quartets,dcml_tsv,ok,,4,4,0.0,5857,397,0.1
dcml-mendelssohn_quartets-op-44-no-1,dcml-mendelssohn_quartets-op-44-no-1--03op44-1b,dcml/mendelssohn_quartets,dcml_tsv,ok,,4,4,0.0,1929,118,0.0
dcml-mendelssohn_quartets-op-44-no-1,dcml-mendelssohn_quartets-op-44-no-1--03op44-1c,dcml/mendelssohn_quartets,dcml_tsv,ok,,4,4,0.0,2487,330,0.0
dcml-mendelssohn_quartets-op-44-no-1,dcml-mendelssohn_quartets-op-44-no-1--03op44-1d,dcml/mendelssohn_quartets,dcml_tsv,ok,,4,4,0.0,5182,552,0.1
dcml-mendelssohn_quartets-op-80,dcml-mendelssohn_quartets-op-80--06op80a,dcml/mendelssohn_quartets,dcml_tsv,ok,,4,4,0.0,4622,176,0.1
dcml-mendelssohn_quartets-op-80,dcml-mendelssohn_quartets-op-80--06op80b,dcml/mendelssohn_quartets,dcml_tsv,ok,,4,4,0.0,2308,260,0.0
dcml-mendelssohn_quartets-op-80,dcml-mendelssohn_quartets-op-80--06op80c,dcml/mendelssohn_quartets,dcml_tsv,ok,,4,4,0.0,2114,244,0.0
dcml-mendelssohn_quartets-op-80,dcml-mendelssohn_quartets-op-80--06op80d,dcml/mendelssohn_quartets,dcml_tsv,ok,,4,4,0.0,3490,383,0.1
dcml-monteverdi_madrigals-sv-101,dcml-monteverdi_madrigals-sv-101--5-08,dcml/monteverdi_madrigals,dcml_tsv,ok,,5,5,0.0,793,34,0.0
dcml-monteverdi_madrigals-sv-102,dcml-monteverdi_madrigals-sv-102--5-09,dcml/monteverdi_madrigals,dcml_tsv,ok,,5,5,0.0,1238,62,0.0
dcml-monteverdi_madrigals-sv-104,dcml-monteverdi_madrigals-sv-104--5-11,dcml/monteverdi_madrigals,dcml_tsv,ok,,5,5,0.0,598,29,0.0
dcml-monteverdi_madrigals-sv-107,dcml-monteverdi_madrigals-sv-107--6-01a,dcml/monteverdi_madrigals,dcml_tsv,ok,,5,5,0.0,353,40,0.0
dcml-monteverdi_madrigals-sv-163,dcml-monteverdi_madrigals-sv-163--8-18,dcml/monteverdi_madrigals,dcml_tsv,ok,,5,5,0.0,1055,108,0.0
dcml-monteverdi_madrigals-sv-164,dcml-monteverdi_madrigals-sv-164--8-19,dcml/monteverdi_madrigals,dcml_tsv,ok,,4,4,0.0,1300,110,0.0
dcml-monteverdi_madrigals-sv-175,dcml-monteverdi_madrigals-sv-175--9-12,dcml/monteverdi_madrigals,dcml_tsv,ok,,4,4,0.0,255,14,0.0
dcml-monteverdi_madrigals-sv-196,dcml-monteverdi_madrigals-sv-196--laudate-pueri-dominum,dcml/monteverdi_madrigals,dcml_tsv,ok,,5,5,0.0,2182,88,0.0
dcml-monteverdi_madrigals-sv-51,dcml-monteverdi_madrigals-sv-51--2-12,dcml/monteverdi_madrigals,dcml_tsv,ok,,5,5,0.0,1011,63,0.0
dcml-monteverdi_madrigals-sv-68,dcml-monteverdi_madrigals-sv-68--3-09,dcml/monteverdi_madrigals,dcml_tsv,ok,,5,5,0.0,886,58,0.0
dcml-monteverdi_madrigals-sv-93,dcml-monteverdi_madrigals-sv-93--4-19,dcml/monteverdi_madrigals,dcml_tsv,ok,,5,5,0.0,956,49,0.0
dcml-monteverdi_madrigals-sv-94,dcml-monteverdi_madrigals-sv-94--5-01,dcml/monteverdi_madrigals,dcml_tsv,ok,,5,5,0.0,661,38,0.0
dcml-monteverdi_madrigals-sv-96,dcml-monteverdi_madrigals-sv-96--5-03,dcml/monteverdi_madrigals,dcml_tsv,ok,,5,5,0.0,652,51,0.0
dcml-monteverdi_madrigals-sv-97a,dcml-monteverdi_madrigals-sv-97a--5-04a,dcml/monteverdi_madrigals,dcml_tsv,ok,,5,5,0.0,939,51,0.0
dcml-monteverdi_madrigals-sv-98b,dcml-monteverdi_madrigals-sv-98b--5-05b,dcml/monteverdi_madrigals,dcml_tsv,ok,,5,5,0.0,685,33,0.0
dcml-pergolesi_stabat_mater-p-77,dcml-pergolesi_stabat_mater-p-77--01-stabat-mater-dolorosa,dcml/pergolesi_stabat_mater,dcml_tsv,ok,,4,4,0.0,873,86,0.3
dcml-pergolesi_stabat_mater-p-77,dcml-pergolesi_stabat_mater-p-77--02-cujus-animam-gementem,dcml/pergolesi_stabat_mater,dcml_tsv,ok,,3,3,0.0,823,70,0.0
dcml-pergolesi_stabat_mater-p-77,dcml-pergolesi_stabat_mater-p-77--03-o-quam-tristis-et-afflicta,dcml/pergolesi_stabat_mater,dcml_tsv,ok,,4,4,0.0,453,47,0.0
dcml-pergolesi_stabat_mater-p-77,dcml-pergolesi_stabat_mater-p-77--04-quae-moerebat-et-dolebat,dcml/pergolesi_stabat_mater,dcml_tsv,ok,,3,3,0.0,793,210,0.0
dcml-pergolesi_stabat_mater-p-77,dcml-pergolesi_stabat_mater-p-77--05-quis-est-homo-qui-non-fleret,dcml/pergolesi_stabat_mater,dcml_tsv,ok,,4,4,0.0,736,73,0.0
dcml-pergolesi_stabat_mater-p-77,dcml-pergolesi_stabat_mater-p-77--06-vidit-suum-dulcem-natum,dcml/pergolesi_stabat_mater,dcml_tsv,ok,,3,3,0.0,654,69,0.0
dcml-pergolesi_stabat_mater-p-77,dcml-pergolesi_stabat_mater-p-77--07-eja-mater-fons-amois,dcml/pergolesi_stabat_mater,dcml_tsv,ok,,3,3,0.0,810,34,0.0
dcml-pergolesi_stabat_mater-p-77,dcml-pergolesi_stabat_mater-p-77--08-fac-ut-ardeat-cor-meum,dcml/pergolesi_stabat_mater,dcml_tsv,ok,,4,4,0.0,1405,146,0.0
dcml-pergolesi_stabat_mater-p-77,dcml-pergolesi_stabat_mater-p-77--09-sancta-mater-istud-agas,dcml/pergolesi_stabat_mater,dcml_tsv,ok,,4,4,0.0,1933,169,0.0
dcml-pergolesi_stabat_mater-p-77,dcml-pergolesi_stabat_mater-p-77--10-fac-ut-portem-christi-mortem,dcml/pergolesi_stabat_mater,dcml_tsv,ok,,3,3,0.0,731,31,0.0
dcml-pergolesi_stabat_mater-p-77,dcml-pergolesi_stabat_mater-p-77--11-inflammatus-et-accensus,dcml/pergolesi_stabat_mater,dcml_tsv,ok,,4,4,0.0,1100,41,0.0
dcml-pergolesi_stabat_mater-p-77,dcml-pergolesi_stabat_mater-p-77--12-quando-corpus-morietur,dcml/pergolesi_stabat_mater,dcml_tsv,ok,,4,4,0.0,1187,256,0.0
dcml-peri_euridice-peri-euridice-scene-0,dcml-peri_euridice-peri-euridice-scene-0--peri-euridice-scene-0,dcml/peri_euridice,dcml_tsv,ok,,2,2,0.0,103,3,0.0
dcml-peri_euridice-peri-euridice-scene-1,dcml-peri_euridice-peri-euridice-scene-1--peri-euridice-scene-1,dcml/peri_euridice,dcml_tsv,ok,,12,12,0.0,1328,55,0.0
dcml-peri_euridice-peri-euridice-scene-2,dcml-peri_euridice-peri-euridice-scene-2--peri-euridice-scene-2,dcml/peri_euridice,dcml_tsv,ok,,19,19,0.0,2759,156,0.1
dcml-peri_euridice-peri-euridice-scene-3,dcml-peri_euridice-peri-euridice-scene-3--peri-euridice-scene-3,dcml/peri_euridice,dcml_tsv,ok,,10,10,0.0,1475,60,0.0
dcml-peri_euridice-peri-euridice-scene-4,dcml-peri_euridice-peri-euridice-scene-4--peri-euridice-scene-4,dcml/peri_euridice,dcml_tsv,ok,,13,13,0.0,2657,133,0.0
dcml-peri_euridice-peri-euridice-scene-5,dcml-peri_euridice-peri-euridice-scene-5--peri-euridice-scene-5,dcml/peri_euridice,dcml_tsv,ok,,17,17,0.0,2687,101,0.0
dcml-pleyel_quartets-op-2-no-1-b-307,dcml-pleyel_quartets-op-2-no-1-b-307--b307op2n1a,dcml/pleyel_quartets,dcml_tsv,ok,,4,4,0.0,3463,432,0.1
dcml-pleyel_quartets-op-2-no-1-b-307,dcml-pleyel_quartets-op-2-no-1-b-307--b307op2n1b,dcml/pleyel_quartets,dcml_tsv,ok,,4,4,0.0,1915,253,0.0
dcml-pleyel_quartets-op-2-no-1-b-307,dcml-pleyel_quartets-op-2-no-1-b-307--b307op2n1c,dcml/pleyel_quartets,dcml_tsv,ok,,4,4,0.0,912,134,0.0
dcml-poulenc_mouvements_perpetuels-fp-14,dcml-poulenc_mouvements_perpetuels-fp-14--01-assez-modere,dcml/poulenc_mouvements_perpetuels,dcml_tsv,ok,,2,2,0.0,349,13,0.0
dcml-poulenc_mouvements_perpetuels-fp-14,dcml-poulenc_mouvements_perpetuels-fp-14--02-tres-modere,dcml/poulenc_mouvements_perpetuels,dcml_tsv,ok,,2,2,0.0,201,2,0.0
dcml-poulenc_mouvements_perpetuels-fp-14,dcml-poulenc_mouvements_perpetuels-fp-14--03-alerte,dcml/poulenc_mouvements_perpetuels,dcml_tsv,ok,,2,2,0.0,590,50,0.0
dcml-rachmaninoff_piano-op-42,dcml-rachmaninoff_piano-op-42--op42-01a,dcml/rachmaninoff_piano,dcml_tsv,ok,,2,2,0.0,109,0,0.0
dcml-rachmaninoff_piano-op-42,dcml-rachmaninoff_piano-op-42--op42-01b,dcml/rachmaninoff_piano,dcml_tsv,ok,,2,2,0.0,248,54,0.0
dcml-rachmaninoff_piano-op-42,dcml-rachmaninoff_piano-op-42--op42-02,dcml/rachmaninoff_piano,dcml_tsv,ok,,2,2,0.0,342,84,0.0
dcml-rachmaninoff_piano-op-42,dcml-rachmaninoff_piano-op-42--op42-03,dcml/rachmaninoff_piano,dcml_tsv,ok,,2,2,0.0,189,16,0.0
dcml-rachmaninoff_piano-op-42,dcml-rachmaninoff_piano-op-42--op42-04,dcml/rachmaninoff_piano,dcml_tsv,ok,,2,2,0.0,154,29,0.0
dcml-rachmaninoff_piano-op-42,dcml-rachmaninoff_piano-op-42--op42-05,dcml/rachmaninoff_piano,dcml_tsv,ok,,2,2,0.0,206,12,0.3
dcml-rachmaninoff_piano-op-42,dcml-rachmaninoff_piano-op-42--op42-06,dcml/rachmaninoff_piano,dcml_tsv,ok,,2,2,0.0,209,34,0.0
dcml-rachmaninoff_piano-op-42,dcml-rachmaninoff_piano-op-42--op42-07,dcml/rachmaninoff_piano,dcml_tsv,ok,,2,2,0.0,414,8,0.0
dcml-rachmaninoff_piano-op-42,dcml-rachmaninoff_piano-op-42--op42-08,dcml/rachmaninoff_piano,dcml_tsv,ok,,2,2,0.0,183,13,0.0
dcml-rachmaninoff_piano-op-42,dcml-rachmaninoff_piano-op-42--op42-09,dcml/rachmaninoff_piano,dcml_tsv,ok,,2,2,0.0,295,24,0.0
dcml-rachmaninoff_piano-op-42,dcml-rachmaninoff_piano-op-42--op42-10,dcml/rachmaninoff_piano,dcml_tsv,ok,,2,2,0.0,403,70,0.0
dcml-rachmaninoff_piano-op-42,dcml-rachmaninoff_piano-op-42--op42-11,dcml/rachmaninoff_piano,dcml_tsv,ok,,2,2,0.0,204,25,0.0
dcml-rachmaninoff_piano-op-42,dcml-rachmaninoff_piano-op-42--op42-12,dcml/rachmaninoff_piano,dcml_tsv,ok,,2,2,0.0,152,67,0.0
dcml-rachmaninoff_piano-op-42,dcml-rachmaninoff_piano-op-42--op42-13a,dcml/rachmaninoff_piano,dcml_tsv,ok,,2,2,0.0,252,91,0.0
dcml-rachmaninoff_piano-op-42,dcml-rachmaninoff_piano-op-42--op42-13b,dcml/rachmaninoff_piano,dcml_tsv,ok,,2,2,0.0,358,10,0.0
dcml-rachmaninoff_piano-op-42,dcml-rachmaninoff_piano-op-42--op42-14,dcml/rachmaninoff_piano,dcml_tsv,ok,,2,2,0.0,130,0,0.0
dcml-rachmaninoff_piano-op-42,dcml-rachmaninoff_piano-op-42--op42-15,dcml/rachmaninoff_piano,dcml_tsv,ok,,2,2,0.0,411,25,0.0
dcml-rachmaninoff_piano-op-42,dcml-rachmaninoff_piano-op-42--op42-16,dcml/rachmaninoff_piano,dcml_tsv,ok,,2,2,0.0,293,38,0.0
dcml-rachmaninoff_piano-op-42,dcml-rachmaninoff_piano-op-42--op42-17,dcml/rachmaninoff_piano,dcml_tsv,ok,,2,2,0.0,363,9,0.0
dcml-rachmaninoff_piano-op-42,dcml-rachmaninoff_piano-op-42--op42-18,dcml/rachmaninoff_piano,dcml_tsv,ok,,2,2,0.0,300,70,0.0
dcml-rachmaninoff_piano-op-42,dcml-rachmaninoff_piano-op-42--op42-19,dcml/rachmaninoff_piano,dcml_tsv,ok,,4,4,0.0,473,80,0.0
dcml-rachmaninoff_piano-op-42,dcml-rachmaninoff_piano-op-42--op42-20,dcml/rachmaninoff_piano,dcml_tsv,ok,,2,2,0.0,650,33,0.0
dcml-ravel_piano-m-43,dcml-ravel_piano-m-43--ravel-miroirs-i-noctuelles,dcml/ravel_piano,dcml_tsv,ok,,2,2,0.0,2117,146,0.0
dcml-ravel_piano-m-43,dcml-ravel_piano-m-43--ravel-miroirs-ii-oiseaux-tristes,dcml/ravel_piano,dcml_tsv,ok,,2,2,0.0,782,62,0.0
dcml-ravel_piano-m-43,dcml-ravel_piano-m-43--ravel-miroirs-iii-une-barque-sur-l-ocean,dcml/ravel_piano,dcml_tsv,ok,,2,2,0.0,4044,150,0.1
dcml-ravel_piano-m-43,dcml-ravel_piano-m-43--ravel-miroirs-iv-alborada-del-gracioso,dcml/ravel_piano,dcml_tsv,ok,,2,2,0.0,2510,303,0.1
dcml-ravel_piano-ravel-jeux-deau,dcml-ravel_piano-ravel-jeux-deau--ravel-jeux-deau,dcml/ravel_piano,dcml_tsv,ok,,3,3,0.0,3320,164,0.1
dcml-scarlatti_sonatas-k001,dcml-scarlatti_sonatas-k001--k001,dcml/scarlatti_sonatas,dcml_tsv,ok,,2,2,0.0,665,14,0.0
dcml-scarlatti_sonatas-k002,dcml-scarlatti_sonatas-k002--k002,dcml/scarlatti_sonatas,dcml_tsv,ok,,2,2,0.0,584,23,0.0
dcml-scarlatti_sonatas-k003,dcml-scarlatti_sonatas-k003--k003,dcml/scarlatti_sonatas,dcml_tsv,ok,,2,2,0.0,635,44,0.0
dcml-scarlatti_sonatas-k004,dcml-scarlatti_sonatas-k004--k004,dcml/scarlatti_sonatas,dcml_tsv,ok,,2,2,0.0,943,16,0.0
dcml-scarlatti_sonatas-k005,dcml-scarlatti_sonatas-k005--k005,dcml/scarlatti_sonatas,dcml_tsv,ok,,2,2,0.0,670,27,0.0
dcml-scarlatti_sonatas-k006,dcml-scarlatti_sonatas-k006--k006,dcml/scarlatti_sonatas,dcml_tsv,ok,,2,2,0.0,682,10,0.0
dcml-scarlatti_sonatas-k007,dcml-scarlatti_sonatas-k007--k007,dcml/scarlatti_sonatas,dcml_tsv,ok,,2,2,0.0,1106,41,0.0
dcml-scarlatti_sonatas-k008,dcml-scarlatti_sonatas-k008--k008,dcml/scarlatti_sonatas,dcml_tsv,ok,,2,2,0.0,511,13,0.0
dcml-scarlatti_sonatas-k009,dcml-scarlatti_sonatas-k009--k009,dcml/scarlatti_sonatas,dcml_tsv,ok,,2,2,0.0,617,25,0.0
dcml-scarlatti_sonatas-k010,dcml-scarlatti_sonatas-k010--k010,dcml/scarlatti_sonatas,dcml_tsv,ok,,2,2,0.0,724,18,0.0
dcml-scarlatti_sonatas-k011,dcml-scarlatti_sonatas-k011--k011,dcml/scarlatti_sonatas,dcml_tsv,ok,,2,2,0.0,449,46,0.0
dcml-scarlatti_sonatas-k012,dcml-scarlatti_sonatas-k012--k012,dcml/scarlatti_sonatas,dcml_tsv,ok,,2,2,0.0,1110,38,0.0
dcml-scarlatti_sonatas-k013,dcml-scarlatti_sonatas-k013--k013,dcml/scarlatti_sonatas,dcml_tsv,ok,,2,2,0.0,1273,43,0.0
dcml-scarlatti_sonatas-k014,dcml-scarlatti_sonatas-k014--k014,dcml/scarlatti_sonatas,dcml_tsv,ok,,2,2,0.0,729,44,0.0
dcml-scarlatti_sonatas-k017,dcml-scarlatti_sonatas-k017--k017,dcml/scarlatti_sonatas,dcml_tsv,ok,,2,2,0.0,863,36,0.0
dcml-scarlatti_sonatas-k018,dcml-scarlatti_sonatas-k018--k018,dcml/scarlatti_sonatas,dcml_tsv,ok,,2,2,0.0,1329,17,0.0
dcml-scarlatti_sonatas-k019,dcml-scarlatti_sonatas-k019--k019,dcml/scarlatti_sonatas,dcml_tsv,ok,,2,2,0.0,975,26,0.0
dcml-scarlatti_sonatas-k020,dcml-scarlatti_sonatas-k020--k020,dcml/scarlatti_sonatas,dcml_tsv,ok,,2,2,0.0,858,24,0.0
dcml-scarlatti_sonatas-k021,dcml-scarlatti_sonatas-k021--k021,dcml/scarlatti_sonatas,dcml_tsv,ok,,2,2,0.0,1463,23,0.0
dcml-scarlatti_sonatas-k022,dcml-scarlatti_sonatas-k022--k022,dcml/scarlatti_sonatas,dcml_tsv,ok,,2,2,0.0,902,42,0.0
dcml-scarlatti_sonatas-k023,dcml-scarlatti_sonatas-k023--k023,dcml/scarlatti_sonatas,dcml_tsv,ok,,2,2,0.0,1516,55,0.0
dcml-scarlatti_sonatas-k025,dcml-scarlatti_sonatas-k025--k025,dcml/scarlatti_sonatas,dcml_tsv,ok,,2,2,0.0,1054,55,0.0
dcml-scarlatti_sonatas-k027,dcml-scarlatti_sonatas-k027--k027,dcml/scarlatti_sonatas,dcml_tsv,ok,,2,2,0.0,994,45,0.0
dcml-scarlatti_sonatas-k031,dcml-scarlatti_sonatas-k031--k031,dcml/scarlatti_sonatas,dcml_tsv,ok,,2,2,0.0,1050,201,0.0
dcml-scarlatti_sonatas-k032,dcml-scarlatti_sonatas-k032--k032,dcml/scarlatti_sonatas,dcml_tsv,ok,,2,2,0.0,139,0,0.0
dcml-scarlatti_sonatas-k033,dcml-scarlatti_sonatas-k033--k033,dcml/scarlatti_sonatas,dcml_tsv,ok,,2,2,0.0,1067,85,0.0
dcml-scarlatti_sonatas-k034,dcml-scarlatti_sonatas-k034--k034,dcml/scarlatti_sonatas,dcml_tsv,ok,,2,2,0.0,210,4,0.0
dcml-scarlatti_sonatas-k035,dcml-scarlatti_sonatas-k035--k035,dcml/scarlatti_sonatas,dcml_tsv,ok,,2,2,0.0,754,42,0.0
dcml-scarlatti_sonatas-k036,dcml-scarlatti_sonatas-k036--k036,dcml/scarlatti_sonatas,dcml_tsv,ok,,2,2,0.0,765,11,0.0
dcml-scarlatti_sonatas-k037,dcml-scarlatti_sonatas-k037--k037,dcml/scarlatti_sonatas,dcml_tsv,ok,,2,2,0.0,1078,84,0.0
dcml-scarlatti_sonatas-k039,dcml-scarlatti_sonatas-k039--k039,dcml/scarlatti_sonatas,dcml_tsv,ok,,2,2,0.0,997,88,0.0
dcml-scarlatti_sonatas-k040,dcml-scarlatti_sonatas-k040--k040,dcml/scarlatti_sonatas,dcml_tsv,ok,,2,2,0.0,172,6,0.0
dcml-scarlatti_sonatas-k044,dcml-scarlatti_sonatas-k044--k044,dcml/scarlatti_sonatas,dcml_tsv,ok,,2,2,0.0,1164,53,0.0
dcml-scarlatti_sonatas-k046,dcml-scarlatti_sonatas-k046--k046,dcml/scarlatti_sonatas,dcml_tsv,ok,,2,2,0.0,1305,49,0.0
dcml-scarlatti_sonatas-k047,dcml-scarlatti_sonatas-k047--k047,dcml/scarlatti_sonatas,dcml_tsv,ok,,2,2,0.0,1079,22,0.0
dcml-scarlatti_sonatas-k048,dcml-scarlatti_sonatas-k048--k048,dcml/scarlatti_sonatas,dcml_tsv,ok,,2,2,0.0,1145,21,0.0
dcml-scarlatti_sonatas-k049,dcml-scarlatti_sonatas-k049--k049,dcml/scarlatti_sonatas,dcml_tsv,ok,,2,2,0.0,1333,44,0.0
dcml-scarlatti_sonatas-k050,dcml-scarlatti_sonatas-k050--k050,dcml/scarlatti_sonatas,dcml_tsv,ok,,2,2,0.0,1244,5,0.0
dcml-scarlatti_sonatas-k051,dcml-scarlatti_sonatas-k051--k051,dcml/scarlatti_sonatas,dcml_tsv,ok,,2,2,0.0,1005,62,0.0
dcml-scarlatti_sonatas-k052,dcml-scarlatti_sonatas-k052--k052,dcml/scarlatti_sonatas,dcml_tsv,ok,,2,2,0.0,1157,20,0.0
dcml-scarlatti_sonatas-k053,dcml-scarlatti_sonatas-k053--k053,dcml/scarlatti_sonatas,dcml_tsv,ok,,2,2,0.0,906,21,0.0
dcml-scarlatti_sonatas-k054,dcml-scarlatti_sonatas-k054--k054,dcml/scarlatti_sonatas,dcml_tsv,ok,,2,2,0.0,965,18,0.0
dcml-scarlatti_sonatas-k055,dcml-scarlatti_sonatas-k055--k055,dcml/scarlatti_sonatas,dcml_tsv,ok,,2,2,0.0,1034,12,0.0
dcml-scarlatti_sonatas-k056,dcml-scarlatti_sonatas-k056--k056,dcml/scarlatti_sonatas,dcml_tsv,ok,,2,2,0.0,1011,19,0.0
dcml-scarlatti_sonatas-k057,dcml-scarlatti_sonatas-k057--k057,dcml/scarlatti_sonatas,dcml_tsv,ok,,2,2,0.0,1340,46,0.0
dcml-scarlatti_sonatas-k059,dcml-scarlatti_sonatas-k059--k059,dcml/scarlatti_sonatas,dcml_tsv,ok,,2,2,0.0,370,15,0.0
dcml-scarlatti_sonatas-k061,dcml-scarlatti_sonatas-k061--k061,dcml/scarlatti_sonatas,dcml_tsv,ok,,2,2,0.0,1607,46,0.0
dcml-scarlatti_sonatas-k062,dcml-scarlatti_sonatas-k062--k062,dcml/scarlatti_sonatas,dcml_tsv,ok,,2,2,0.0,562,9,0.0
dcml-scarlatti_sonatas-k063,dcml-scarlatti_sonatas-k063--k063,dcml/scarlatti_sonatas,dcml_tsv,ok,,2,2,0.0,503,35,0.0
dcml-scarlatti_sonatas-k064,dcml-scarlatti_sonatas-k064--k064,dcml/scarlatti_sonatas,dcml_tsv,ok,,2,2,0.0,306,26,0.0
dcml-scarlatti_sonatas-k065,dcml-scarlatti_sonatas-k065--k065,dcml/scarlatti_sonatas,dcml_tsv,ok,,2,2,0.0,555,109,0.0
dcml-scarlatti_sonatas-k066,dcml-scarlatti_sonatas-k066--k066,dcml/scarlatti_sonatas,dcml_tsv,ok,,2,2,0.0,683,22,0.0
dcml-scarlatti_sonatas-k067,dcml-scarlatti_sonatas-k067--k067,dcml/scarlatti_sonatas,dcml_tsv,ok,,2,2,0.0,474,12,0.0
dcml-scarlatti_sonatas-k068,dcml-scarlatti_sonatas-k068--k068,dcml/scarlatti_sonatas,dcml_tsv,ok,,2,2,0.0,791,8,0.0
dcml-scarlatti_sonatas-k069,dcml-scarlatti_sonatas-k069--k069,dcml/scarlatti_sonatas,dcml_tsv,ok,,2,2,0.0,592,8,0.0
dcml-scarlatti_sonatas-k071,dcml-scarlatti_sonatas-k071--k071,dcml/scarlatti_sonatas,dcml_tsv,ok,,2,2,0.0,581,35,0.0
dcml-scarlatti_sonatas-k072,dcml-scarlatti_sonatas-k072--k072,dcml/scarlatti_sonatas,dcml_tsv,ok,,2,2,0.0,783,28,0.0
dcml-scarlatti_sonatas-k074,dcml-scarlatti_sonatas-k074--k074,dcml/scarlatti_sonatas,dcml_tsv,ok,,2,2,0.0,321,15,0.0
dcml-scarlatti_sonatas-k075,dcml-scarlatti_sonatas-k075--k075,dcml/scarlatti_sonatas,dcml_tsv,ok,,2,2,0.0,353,18,0.0
dcml-scarlatti_sonatas-k076,dcml-scarlatti_sonatas-k076--k076,dcml/scarlatti_sonatas,dcml_tsv,ok,,2,2,0.0,672,11,0.0
dcml-scarlatti_sonatas-k087,dcml-scarlatti_sonatas-k087--k087,dcml/scarlatti_sonatas,dcml_tsv,ok,,2,2,0.0,837,20,0.0
dcml-scarlatti_sonatas-k092,dcml-scarlatti_sonatas-k092--k092,dcml/scarlatti_sonatas,dcml_tsv,ok,,2,2,0.0,696,23,0.0
dcml-scarlatti_sonatas-k094,dcml-scarlatti_sonatas-k094--k094,dcml/scarlatti_sonatas,dcml_tsv,ok,,2,2,0.0,176,0,0.0
dcml-scarlatti_sonatas-k095,dcml-scarlatti_sonatas-k095--k095,dcml/scarlatti_sonatas,dcml_tsv,ok,,2,2,0.0,380,1,0.0
dcml-scarlatti_sonatas-k096,dcml-scarlatti_sonatas-k096--k096,dcml/scarlatti_sonatas,dcml_tsv,ok,,2,2,0.0,1309,49,0.0
dcml-scarlatti_sonatas-k097,dcml-scarlatti_sonatas-k097--k097,dcml/scarlatti_sonatas,dcml_tsv,ok,,2,2,0.0,1262,170,0.0
dcml-scarlatti_sonatas-k098,dcml-scarlatti_sonatas-k098--k098,dcml/scarlatti_sonatas,dcml_tsv,ok,,2,2,0.0,975,11,0.0
dcml-scarlatti_sonatas-k099,dcml-scarlatti_sonatas-k099--k099,dcml/scarlatti_sonatas,dcml_tsv,ok,,2,2,0.0,1053,26,0.0
dcml-scarlatti_sonatas-k100,dcml-scarlatti_sonatas-k100--k100,dcml/scarlatti_sonatas,dcml_tsv,ok,,2,2,0.0,729,74,0.0
dcml-schubert_winterreise-d-911-op-89,dcml-schubert_winterreise-d-911-op-89--n01,dcml/schubert_winterreise,dcml_tsv,ok,,3,3,0.0,1155,33,0.0
dcml-schubert_winterreise-d-911-op-89,dcml-schubert_winterreise-d-911-op-89--n02,dcml/schubert_winterreise,dcml_tsv,ok,,3,3,0.0,661,112,0.0
dcml-schubert_winterreise-d-911-op-89,dcml-schubert_winterreise-d-911-op-89--n03,dcml/schubert_winterreise,dcml_tsv,ok,,3,3,0.0,557,60,0.0
dcml-schubert_winterreise-d-911-op-89,dcml-schubert_winterreise-d-911-op-89--n04,dcml/schubert_winterreise,dcml_tsv,ok,,3,3,0.0,2092,44,0.0
dcml-schubert_winterreise-d-911-op-89,dcml-schubert_winterreise-d-911-op-89--n05,dcml/schubert_winterreise,dcml_tsv,ok,,3,3,0.0,1268,99,0.0
dcml-schubert_winterreise-d-911-op-89,dcml-schubert_winterreise-d-911-op-89--n06,dcml/schubert_winterreise,dcml_tsv,ok,,3,3,0.0,328,8,0.0
dcml-schubert_winterreise-d-911-op-89,dcml-schubert_winterreise-d-911-op-89--n07,dcml/schubert_winterreise,dcml_tsv,ok,,3,3,0.0,818,221,0.0
dcml-schubert_winterreise-d-911-op-89,dcml-schubert_winterreise-d-911-op-89--n08,dcml/schubert_winterreise,dcml_tsv,ok,,3,3,0.0,1155,318,0.0
dcml-schubert_winterreise-d-911-op-89,dcml-schubert_winterreise-d-911-op-89--n09,dcml/schubert_winterreise,dcml_tsv,ok,,3,3,0.0,442,34,0.0
dcml-schubert_winterreise-d-911-op-89,dcml-schubert_winterreise-d-911-op-89--n10,dcml/schubert_winterreise,dcml_tsv,ok,,3,3,0.0,480,138,0.0
dcml-schubert_winterreise-d-911-op-89,dcml-schubert_winterreise-d-911-op-89--n11,dcml/schubert_winterreise,dcml_tsv,ok,,3,3,0.0,962,207,0.0
dcml-schubert_winterreise-d-911-op-89,dcml-schubert_winterreise-d-911-op-89--n12,dcml/schubert_winterreise,dcml_tsv,ok,,3,3,0.0,470,75,0.0
dcml-schubert_winterreise-d-911-op-89,dcml-schubert_winterreise-d-911-op-89--n13,dcml/schubert_winterreise,dcml_tsv,ok,,3,3,0.0,1105,46,0.0
dcml-schubert_winterreise-d-911-op-89,dcml-schubert_winterreise-d-911-op-89--n14,dcml/schubert_winterreise,dcml_tsv,ok,,3,3,0.0,329,52,0.0
dcml-schubert_winterreise-d-911-op-89,dcml-schubert_winterreise-d-911-op-89--n15,dcml/schubert_winterreise,dcml_tsv,ok,,3,3,0.0,638,145,0.0
dcml-schubert_winterreise-d-911-op-89,dcml-schubert_winterreise-d-911-op-89--n16,dcml/schubert_winterreise,dcml_tsv,ok,,3,3,0.0,480,125,0.0
dcml-schubert_winterreise-d-911-op-89,dcml-schubert_winterreise-d-911-op-89--n17,dcml/schubert_winterreise,dcml_tsv,ok,,3,3,0.0,1057,100,0.0
dcml-schubert_winterreise-d-911-op-89,dcml-schubert_winterreise-d-911-op-89--n18,dcml/schubert_winterreise,dcml_tsv,ok,,3,3,0.0,435,11,0.0
dcml-schubert_winterreise-d-911-op-89,dcml-schubert_winterreise-d-911-op-89--n19,dcml/schubert_winterreise,dcml_tsv,ok,,3,3,0.0,462,39,0.0
dcml-schubert_winterreise-d-911-op-89,dcml-schubert_winterreise-d-911-op-89--n20,dcml/schubert_winterreise,dcml_tsv,ok,,3,3,0.0,808,29,0.0
dcml-schubert_winterreise-d-911-op-89,dcml-schubert_winterreise-d-911-op-89--n21,dcml/schubert_winterreise,dcml_tsv,ok,,3,3,0.0,545,22,0.0
dcml-schubert_winterreise-d-911-op-89,dcml-schubert_winterreise-d-911-op-89--n22,dcml/schubert_winterreise,dcml_tsv,ok,,3,3,0.0,415,19,0.0
dcml-schubert_winterreise-d-911-op-89,dcml-schubert_winterreise-d-911-op-89--n23,dcml/schubert_winterreise,dcml_tsv,ok,,3,3,0.0,374,21,0.0
dcml-schubert_winterreise-d-911-op-89,dcml-schubert_winterreise-d-911-op-89--n24,dcml/schubert_winterreise,dcml_tsv,ok,,3,3,0.0,440,43,0.0
dcml-schulhoff_suite_dansante_en_jazz-wv-98,dcml-schulhoff_suite_dansante_en_jazz-wv-98--suite-dansante-en-jazz-1-stomp,dcml/schulhoff_suite_dansante_en_jazz,dcml_tsv,ok,,2,2,0.0,423,47,0.0
dcml-schulhoff_suite_dansante_en_jazz-wv-98,dcml-schulhoff_suite_dansante_en_jazz-wv-98--suite-dansante-en-jazz-2-strait,dcml/schulhoff_suite_dansante_en_jazz,dcml_tsv,ok,,2,2,0.0,488,42,0.0
dcml-schulhoff_suite_dansante_en_jazz-wv-98,dcml-schulhoff_suite_dansante_en_jazz-wv-98--suite-dansante-en-jazz-3-waltz,dcml/schulhoff_suite_dansante_en_jazz,dcml_tsv,ok,,2,2,0.0,486,6,0.0
dcml-schulhoff_suite_dansante_en_jazz-wv-98,dcml-schulhoff_suite_dansante_en_jazz-wv-98--suite-dansante-en-jazz-4-tango,dcml/schulhoff_suite_dansante_en_jazz,dcml_tsv,ok,,2,2,0.0,488,57,0.0
dcml-schulhoff_suite_dansante_en_jazz-wv-98,dcml-schulhoff_suite_dansante_en_jazz-wv-98--suite-dansante-en-jazz-5-slow,dcml/schulhoff_suite_dansante_en_jazz,dcml_tsv,ok,,2,2,0.0,405,16,0.0
dcml-schulhoff_suite_dansante_en_jazz-wv-98,dcml-schulhoff_suite_dansante_en_jazz-wv-98--suite-dansante-en-jazz-6-fox-trot,dcml/schulhoff_suite_dansante_en_jazz,dcml_tsv,ok,,2,2,0.0,477,62,0.0
dcml-schumann_kinderszenen-op-15,dcml-schumann_kinderszenen-op-15--n01,dcml/schumann_kinderszenen,dcml_tsv,ok,,2,2,0.0,233,11,0.0
dcml-schumann_kinderszenen-op-15,dcml-schumann_kinderszenen-op-15--n02,dcml/schumann_kinderszenen,dcml_tsv,ok,,2,2,0.0,430,38,0.0
dcml-schumann_kinderszenen-op-15,dcml-schumann_kinderszenen-op-15--n03,dcml/schumann_kinderszenen,dcml_tsv,ok,,2,2,0.0,363,21,0.0
dcml-schumann_kinderszenen-op-15,dcml-schumann_kinderszenen-op-15--n04,dcml/schumann_kinderszenen,dcml_tsv,ok,,2,2,0.0,238,16,0.0
dcml-schumann_kinderszenen-op-15,dcml-schumann_kinderszenen-op-15--n05,dcml/schumann_kinderszenen,dcml_tsv,ok,,2,2,0.0,284,10,0.0
dcml-schumann_kinderszenen-op-15,dcml-schumann_kinderszenen-op-15--n06,dcml/schumann_kinderszenen,dcml_tsv,ok,,2,2,0.0,184,2,0.0
dcml-schumann_kinderszenen-op-15,dcml-schumann_kinderszenen-op-15--n07,dcml/schumann_kinderszenen,dcml_tsv,ok,,2,2,0.0,310,7,0.0
dcml-schumann_kinderszenen-op-15,dcml-schumann_kinderszenen-op-15--n08,dcml/schumann_kinderszenen,dcml_tsv,ok,,2,2,0.0,297,33,0.0
dcml-schumann_kinderszenen-op-15,dcml-schumann_kinderszenen-op-15--n09,dcml/schumann_kinderszenen,dcml_tsv,ok,,2,2,0.0,149,24,0.0
dcml-schumann_kinderszenen-op-15,dcml-schumann_kinderszenen-op-15--n10,dcml/schumann_kinderszenen,dcml_tsv,ok,,2,2,0.0,427,17,0.0
dcml-schumann_kinderszenen-op-15,dcml-schumann_kinderszenen-op-15--n11,dcml/schumann_kinderszenen,dcml_tsv,ok,,2,2,0.0,377,48,0.0
dcml-schumann_kinderszenen-op-15,dcml-schumann_kinderszenen-op-15--n12,dcml/schumann_kinderszenen,dcml_tsv,ok,,2,2,0.0,385,1,0.0
dcml-schumann_kinderszenen-op-15,dcml-schumann_kinderszenen-op-15--n13,dcml/schumann_kinderszenen,dcml_tsv,ok,,2,2,0.0,173,25,0.0
dcml-schumann_liederkreis-op-39,dcml-schumann_liederkreis-op-39--op39n01,dcml/schumann_liederkreis,dcml_tsv,ok,,3,3,0.0,608,47,0.0
dcml-schumann_liederkreis-op-39,dcml-schumann_liederkreis-op-39--op39n02,dcml/schumann_liederkreis,dcml_tsv,ok,,3,3,0.0,319,16,0.0
dcml-schumann_liederkreis-op-39,dcml-schumann_liederkreis-op-39--op39n03,dcml/schumann_liederkreis,dcml_tsv,ok,,3,3,0.0,730,130,0.0
dcml-schumann_liederkreis-op-39,dcml-schumann_liederkreis-op-39--op39n04,dcml/schumann_liederkreis,dcml_tsv,ok,,3,3,0.0,380,99,0.0
dcml-schumann_liederkreis-op-39,dcml-schumann_liederkreis-op-39--op39n05,dcml/schumann_liederkreis,dcml_tsv,ok,,3,3,0.0,682,34,0.0
dcml-schumann_liederkreis-op-39,dcml-schumann_liederkreis-op-39--op39n06,dcml/schumann_liederkreis,dcml_tsv,ok,,3,3,0.0,637,275,0.0
dcml-schumann_liederkreis-op-39,dcml-schumann_liederkreis-op-39--op39n07,dcml/schumann_liederkreis,dcml_tsv,ok,,3,3,0.0,334,5,0.0
dcml-schumann_liederkreis-op-39,dcml-schumann_liederkreis-op-39--op39n08,dcml/schumann_liederkreis,dcml_tsv,ok,,3,3,0.0,579,127,0.0
dcml-schumann_liederkreis-op-39,dcml-schumann_liederkreis-op-39--op39n09,dcml/schumann_liederkreis,dcml_tsv,ok,,3,3,0.0,434,25,0.0
dcml-schumann_liederkreis-op-39,dcml-schumann_liederkreis-op-39--op39n10,dcml/schumann_liederkreis,dcml_tsv,ok,,3,3,0.0,498,24,0.0
dcml-schumann_liederkreis-op-39,dcml-schumann_liederkreis-op-39--op39n11,dcml/schumann_liederkreis,dcml_tsv,ok,,3,3,0.0,483,16,0.0
dcml-schumann_liederkreis-op-39,dcml-schumann_liederkreis-op-39--op39n12,dcml/schumann_liederkreis,dcml_tsv,ok,,3,3,0.0,734,48,0.0
dcml-sweelinck_keyboard-swwv258-fantasia-cromatica,dcml-sweelinck_keyboard-swwv258-fantasia-cromatica--swwv258-fantasia-cromatica,dcml/sweelinck_keyboard,dcml_tsv,ok,,3,3,0.0,2640,74,0.1
dcml-tchaikovsky_seasons-op-37a,dcml-tchaikovsky_seasons-op-37a--op37a01,dcml/tchaikovsky_seasons,dcml_tsv,ok,,2,2,0.0,1264,125,0.0
dcml-tchaikovsky_seasons-op-37a,dcml-tchaikovsky_seasons-op-37a--op37a02,dcml/tchaikovsky_seasons,dcml_tsv,ok,,2,2,0.0,1570,127,0.0
dcml-tchaikovsky_seasons-op-37a,dcml-tchaikovsky_seasons-op-37a--op37a03,dcml/tchaikovsky_seasons,dcml_tsv,ok,,2,2,0.0,437,72,0.0
dcml-tchaikovsky_seasons-op-37a,dcml-tchaikovsky_seasons-op-37a--op37a04,dcml/tchaikovsky_seasons,dcml_tsv,ok,,2,2,0.0,781,145,0.0
dcml-tchaikovsky_seasons-op-37a,dcml-tchaikovsky_seasons-op-37a--op37a05,dcml/tchaikovsky_seasons,dcml_tsv,ok,,2,2,0.0,967,154,0.0
dcml-tchaikovsky_seasons-op-37a,dcml-tchaikovsky_seasons-op-37a--op37a06,dcml/tchaikovsky_seasons,dcml_tsv,ok,,2,2,0.0,1051,185,0.0
dcml-tchaikovsky_seasons-op-37a,dcml-tchaikovsky_seasons-op-37a--op37a07,dcml/tchaikovsky_seasons,dcml_tsv,ok,,2,2,0.0,726,79,0.0
dcml-tchaikovsky_seasons-op-37a,dcml-tchaikovsky_seasons-op-37a--op37a08,dcml/tchaikovsky_seasons,dcml_tsv,ok,,2,2,0.0,1580,202,0.0
dcml-tchaikovsky_seasons-op-37a,dcml-tchaikovsky_seasons-op-37a--op37a09,dcml/tchaikovsky_seasons,dcml_tsv,ok,,2,2,0.0,1012,131,0.0
dcml-tchaikovsky_seasons-op-37a,dcml-tchaikovsky_seasons-op-37a--op37a10,dcml/tchaikovsky_seasons,dcml_tsv,ok,,2,2,0.0,653,71,0.0
dcml-tchaikovsky_seasons-op-37a,dcml-tchaikovsky_seasons-op-37a--op37a11,dcml/tchaikovsky_seasons,dcml_tsv,ok,,2,2,0.0,1372,132,0.0
dcml-tchaikovsky_seasons-op-37a,dcml-tchaikovsky_seasons-op-37a--op37a12,dcml/tchaikovsky_seasons,dcml_tsv,ok,,2,2,0.0,1021,82,0.0
dcml-wagner_overtures-wwv090-tristan-01-vorspiel-prelude-ricor,dcml-wagner_overtures-wwv090-tristan-01-vorspiel-prelude-ricor--wwv090-tristan-01-vorspiel-prelude-ricordi1888flor,dcml/wagner_overtures,dcml_tsv,ok,,2,2,0.0,1305,47,0.0
dcml-wagner_overtures-wwv096-meistersinger-01-vorspiel-prelude,dcml-wagner_overtures-wwv096-meistersinger-01-vorspiel-prelude--wwv096-meistersinger-01-vorspiel-prelude-schottkle,dcml/wagner_overtures,dcml_tsv,ok,,2,2,0.0,3931,121,0.1
dcml-wf_bach_sonatas-f-1,dcml-wf_bach_sonatas-f-1--f001-n08a,dcml/wf_bach_sonatas,dcml_tsv,ok,,2,2,0.0,1126,168,0.0
dcml-wf_bach_sonatas-f-1,dcml-wf_bach_sonatas-f-1--f001-n08b,dcml/wf_bach_sonatas,dcml_tsv,ok,,2,2,0.0,244,56,0.0
dcml-wf_bach_sonatas-f-1,dcml-wf_bach_sonatas-f-1--f001-n08c,dcml/wf_bach_sonatas,dcml_tsv,ok,,2,2,0.0,974,130,0.0
dcml-wf_bach_sonatas-f-2,dcml-wf_bach_sonatas-f-2--f002-n07a,dcml/wf_bach_sonatas,dcml_tsv,ok,,2,2,0.0,926,151,0.0
dcml-wf_bach_sonatas-f-2,dcml-wf_bach_sonatas-f-2--f002-n07b,dcml/wf_bach_sonatas,dcml_tsv,ok,,2,2,0.0,496,93,0.0
dcml-wf_bach_sonatas-f-2,dcml-wf_bach_sonatas-f-2--f002-n07c,dcml/wf_bach_sonatas,dcml_tsv,ok,,2,2,0.0,848,148,0.0
dcml-wf_bach_sonatas-f-3,dcml-wf_bach_sonatas-f-3--f003-n04a,dcml/wf_bach_sonatas,dcml_tsv,ok,,2,2,0.0,1164,122,0.0
dcml-wf_bach_sonatas-f-3,dcml-wf_bach_sonatas-f-3--f003-n04b,dcml/wf_bach_sonatas,dcml_tsv,ok,,2,2,0.0,799,55,0.0
dcml-wf_bach_sonatas-f-3,dcml-wf_bach_sonatas-f-3--f003-n04c,dcml/wf_bach_sonatas,dcml_tsv,ok,,2,2,0.0,1472,108,0.0
dcml_abc-n01op18-1-01,dcml_abc-n01op18-1-01--n01op18-1-01,dcml_abc,dcml_tsv,ok,,4,4,0.0,4288,238,0.1
dcml_abc-n01op18-1-02,dcml_abc-n01op18-1-02--n01op18-1-02,dcml_abc,dcml_tsv,ok,,4,4,0.0,2841,185,0.0
dcml_abc-n01op18-1-03,dcml_abc-n01op18-1-03--n01op18-1-03,dcml_abc,dcml_tsv,ok,,4,4,0.0,1102,156,0.0
dcml_abc-n01op18-1-04,dcml_abc-n01op18-1-04--n01op18-1-04,dcml_abc,dcml_tsv,ok,,4,4,0.0,5359,462,0.1
dcml_abc-n02op18-2-01,dcml_abc-n02op18-2-01--n02op18-2-01,dcml_abc,dcml_tsv,ok,,4,4,0.0,3165,482,0.1
dcml_abc-n02op18-2-02,dcml_abc-n02op18-2-02--n02op18-2-02,dcml_abc,dcml_tsv,ok,,4,4,0.0,1701,180,0.0
dcml_abc-n02op18-2-03,dcml_abc-n02op18-2-03--n02op18-2-03,dcml_abc,dcml_tsv,ok,,4,4,0.0,1236,162,0.0
dcml_abc-n02op18-2-04,dcml_abc-n02op18-2-04--n02op18-2-04,dcml_abc,dcml_tsv,ok,,4,4,0.0,3953,294,0.1
dcml_abc-n03op18-3-01,dcml_abc-n03op18-3-01--n03op18-3-01,dcml_abc,dcml_tsv,ok,,4,4,0.0,3026,294,0.0
dcml_abc-n03op18-3-02,dcml_abc-n03op18-3-02--n03op18-3-02,dcml_abc,dcml_tsv,ok,,4,4,0.0,2819,253,0.1
dcml_abc-n03op18-3-03,dcml_abc-n03op18-3-03--n03op18-3-03,dcml_abc,dcml_tsv,ok,,4,4,0.0,1142,127,0.0
dcml_abc-n03op18-3-04,dcml_abc-n03op18-3-04--n03op18-3-04,dcml_abc,dcml_tsv,ok,,4,4,0.0,4256,480,0.1
dcml_abc-n04op18-4-01,dcml_abc-n04op18-4-01--n04op18-4-01,dcml_abc,dcml_tsv,ok,,4,4,0.0,4021,396,0.1
dcml_abc-n04op18-4-02,dcml_abc-n04op18-4-02--n04op18-4-02,dcml_abc,dcml_tsv,ok,,4,4,0.0,2961,196,0.0
dcml_abc-n04op18-4-03,dcml_abc-n04op18-4-03--n04op18-4-03,dcml_abc,dcml_tsv,ok,,4,4,0.0,977,94,0.0
dcml_abc-n04op18-4-04,dcml_abc-n04op18-4-04--n04op18-4-04,dcml_abc,dcml_tsv,ok,,4,4,0.0,2893,377,0.1
dcml_abc-n05op18-5-01,dcml_abc-n05op18-5-01--n05op18-5-01,dcml_abc,dcml_tsv,ok,,4,4,0.0,3033,499,0.0
dcml_abc-n05op18-5-02,dcml_abc-n05op18-5-02--n05op18-5-02,dcml_abc,dcml_tsv,ok,,4,4,0.0,792,130,0.0
dcml_abc-n05op18-5-03,dcml_abc-n05op18-5-03--n05op18-5-03,dcml_abc,dcml_tsv,ok,,4,4,0.0,2570,177,0.0
dcml_abc-n05op18-5-04,dcml_abc-n05op18-5-04--n05op18-5-04,dcml_abc,dcml_tsv,ok,,4,4,0.0,3511,258,0.0
dcml_abc-n06op18-6-01,dcml_abc-n06op18-6-01--n06op18-6-01,dcml_abc,dcml_tsv,ok,,4,4,0.0,3515,472,0.1
dcml_abc-n06op18-6-02,dcml_abc-n06op18-6-02--n06op18-6-02,dcml_abc,dcml_tsv,ok,,4,4,0.0,1851,373,0.0
dcml_abc-n06op18-6-03,dcml_abc-n06op18-6-03--n06op18-6-03,dcml_abc,dcml_tsv,ok,,4,4,0.0,982,97,0.0
dcml_abc-n06op18-6-04,dcml_abc-n06op18-6-04--n06op18-6-04,dcml_abc,dcml_tsv,ok,,4,4,0.0,3020,385,0.0
dcml_abc-n07op59-1-01,dcml_abc-n07op59-1-01--n07op59-1-01,dcml_abc,dcml_tsv,ok,,4,4,0.0,5388,416,0.1
dcml_abc-n07op59-1-02,dcml_abc-n07op59-1-02--n07op59-1-02,dcml_abc,dcml_tsv,ok,,4,4,0.0,5966,343,0.1
dcml_abc-n07op59-1-03,dcml_abc-n07op59-1-03--n07op59-1-03,dcml_abc,dcml_tsv,ok,,4,4,0.0,3573,316,0.1
dcml_abc-n07op59-1-04,dcml_abc-n07op59-1-04--n07op59-1-04,dcml_abc,dcml_tsv,ok,,4,4,0.0,5161,329,0.1
dcml_abc-n08op59-2-01,dcml_abc-n08op59-2-01--n08op59-2-01,dcml_abc,dcml_tsv,ok,,4,4,0.0,4646,464,0.1
dcml_abc-n08op59-2-02,dcml_abc-n08op59-2-02--n08op59-2-02,dcml_abc,dcml_tsv,ok,,4,4,0.0,2782,274,0.0
dcml_abc-n08op59-2-03,dcml_abc-n08op59-2-03--n08op59-2-03,dcml_abc,dcml_tsv,ok,,4,4,0.0,1542,322,0.0
dcml_abc-n08op59-2-04,dcml_abc-n08op59-2-04--n08op59-2-04,dcml_abc,dcml_tsv,ok,,4,4,0.0,4743,1453,0.1
dcml_abc-n09op59-3-01,dcml_abc-n09op59-3-01--n09op59-3-01,dcml_abc,dcml_tsv,ok,,4,4,0.0,4125,511,0.1
dcml_abc-n09op59-3-02,dcml_abc-n09op59-3-02--n09op59-3-02,dcml_abc,dcml_tsv,ok,,4,4,0.0,2985,325,0.0
dcml_abc-n09op59-3-03,dcml_abc-n09op59-3-03--n09op59-3-03,dcml_abc,dcml_tsv,ok,,4,4,0.0,1605,103,0.0
dcml_abc-n09op59-3-04,dcml_abc-n09op59-3-04--n09op59-3-04,dcml_abc,dcml_tsv,ok,,4,4,0.0,6556,627,0.1
dcml_abc-n10op74-01,dcml_abc-n10op74-01--n10op74-01,dcml_abc,dcml_tsv,ok,,4,4,0.0,4666,407,0.1
dcml_abc-n10op74-02,dcml_abc-n10op74-02--n10op74-02,dcml_abc,dcml_tsv,ok,,4,4,0.0,2363,207,0.0
dcml_abc-n10op74-03,dcml_abc-n10op74-03--n10op74-03,dcml_abc,dcml_tsv,ok,,4,4,0.0,4692,372,0.1
dcml_abc-n10op74-04,dcml_abc-n10op74-04--n10op74-04,dcml_abc,dcml_tsv,ok,,4,4,0.0,2823,280,0.0
dcml_abc-n11op95-01,dcml_abc-n11op95-01--n11op95-01,dcml_abc,dcml_tsv,ok,,4,4,0.0,3181,213,0.1
dcml_abc-n11op95-02,dcml_abc-n11op95-02--n11op95-02,dcml_abc,dcml_tsv,ok,,4,4,0.0,2078,224,0.0
dcml_abc-n11op95-03,dcml_abc-n11op95-03--n11op95-03,dcml_abc,dcml_tsv,ok,,4,4,0.0,2272,748,0.0
dcml_abc-n11op95-04,dcml_abc-n11op95-04--n11op95-04,dcml_abc,dcml_tsv,ok,,4,4,0.0,3518,321,0.1
dcml_abc-n12op127-01,dcml_abc-n12op127-01--n12op127-01,dcml_abc,dcml_tsv,ok,,4,4,0.0,3370,136,0.1
dcml_abc-n13op130-01,dcml_abc-n13op130-01--n13op130-01,dcml_abc,dcml_tsv,ok,,4,4,0.0,5392,448,0.1
dcml_abc-n13op130-02,dcml_abc-n13op130-02--n13op130-02,dcml_abc,dcml_tsv,ok,,4,4,0.0,1270,260,0.0
dcml_abc-n13op130-03,dcml_abc-n13op130-03--n13op130-03,dcml_abc,dcml_tsv,ok,,4,4,0.0,3395,357,0.0
dcml_abc-n13op130-04,dcml_abc-n13op130-04--n13op130-04,dcml_abc,dcml_tsv,ok,,4,4,0.0,1752,143,0.0
dcml_abc-n13op130-05,dcml_abc-n13op130-05--n13op130-05,dcml_abc,dcml_tsv,ok,,4,4,0.0,1140,55,0.0
dcml_abc-n13op130-06,dcml_abc-n13op130-06--n13op130-06,dcml_abc,dcml_tsv,ok,,4,4,0.0,6822,385,0.1
dcml_abc-n14op131-01,dcml_abc-n14op131-01--n14op131-01,dcml_abc,dcml_tsv,ok,,4,4,0.0,1398,40,0.0
dcml_abc-n14op131-02,dcml_abc-n14op131-02--n14op131-02,dcml_abc,dcml_tsv,ok,,4,4,0.0,2110,248,0.0
dcml_abc-n14op131-03,dcml_abc-n14op131-03--n14op131-03,dcml_abc,dcml_tsv,ok,,4,4,0.0,168,18,0.0
dcml_abc-n14op131-04,dcml_abc-n14op131-04--n14op131-04,dcml_abc,dcml_tsv,ok,,4,4,0.0,5193,719,0.1
dcml_abc-n14op131-05,dcml_abc-n14op131-05--n14op131-05,dcml_abc,dcml_tsv,ok,,4,4,0.0,4989,631,0.1
dcml_abc-n14op131-06,dcml_abc-n14op131-06--n14op131-06,dcml_abc,dcml_tsv,ok,,4,4,0.0,278,8,0.0
dcml_abc-n14op131-07,dcml_abc-n14op131-07--n14op131-07,dcml_abc,dcml_tsv,ok,,4,4,0.0,4928,1109,0.1
dcml_abc-n15op132-01,dcml_abc-n15op132-01--n15op132-01,dcml_abc,dcml_tsv,ok,,4,4,0.0,5076,339,0.1
dcml_abc-n15op132-02,dcml_abc-n15op132-02--n15op132-02,dcml_abc,dcml_tsv,ok,,4,4,0.0,2964,163,0.0
dcml_abc-n16op135-01,dcml_abc-n16op135-01--n16op135-01,dcml_abc,dcml_tsv,ok,,4,4,0.0,3202,291,0.0
dcml_abc-n16op135-02,dcml_abc-n16op135-02--n16op135-02,dcml_abc,dcml_tsv,ok,,4,4,0.0,2958,182,0.1
dcml_abc-n16op135-03,dcml_abc-n16op135-03--n16op135-03,dcml_abc,dcml_tsv,ok,,4,4,0.0,999,163,0.0
dcml_abc-n16op135-04,dcml_abc-n16op135-04--n16op135-04,dcml_abc,dcml_tsv,ok,,4,4,0.0,2628,636,0.0
dcml_mozart_sonatas-k279,dcml_mozart_sonatas-k279--k279-1,dcml_mozart_sonatas,dcml_tsv,ok,,2,2,0.0,1826,145,0.0
dcml_mozart_sonatas-k279,dcml_mozart_sonatas-k279--k279-2,dcml_mozart_sonatas,dcml_tsv,ok,,2,2,0.0,909,118,0.0
dcml_mozart_sonatas-k279,dcml_mozart_sonatas-k279--k279-3,dcml_mozart_sonatas,dcml_tsv,ok,,2,2,0.0,1208,103,0.0
dcml_mozart_sonatas-k280,dcml_mozart_sonatas-k280--k280-1,dcml_mozart_sonatas,dcml_tsv,ok,,2,2,0.0,1474,186,0.0
dcml_mozart_sonatas-k280,dcml_mozart_sonatas-k280--k280-2,dcml_mozart_sonatas,dcml_tsv,ok,,2,2,0.0,729,74,0.0
dcml_mozart_sonatas-k280,dcml_mozart_sonatas-k280--k280-3,dcml_mozart_sonatas,dcml_tsv,ok,,2,2,0.0,1013,147,0.0
dcml_mozart_sonatas-k281,dcml_mozart_sonatas-k281--k281-1,dcml_mozart_sonatas,dcml_tsv,ok,,2,2,0.0,1664,152,0.0
dcml_mozart_sonatas-k281,dcml_mozart_sonatas-k281--k281-2,dcml_mozart_sonatas,dcml_tsv,ok,,2,2,0.0,941,67,0.0
dcml_mozart_sonatas-k281,dcml_mozart_sonatas-k281--k281-3,dcml_mozart_sonatas,dcml_tsv,ok,,2,2,0.0,1795,199,0.0
dcml_mozart_sonatas-k282,dcml_mozart_sonatas-k282--k282-1,dcml_mozart_sonatas,dcml_tsv,ok,,2,2,0.0,851,72,0.0
dcml_mozart_sonatas-k282,dcml_mozart_sonatas-k282--k282-2,dcml_mozart_sonatas,dcml_tsv,ok,,2,2,0.0,657,69,0.0
dcml_mozart_sonatas-k282,dcml_mozart_sonatas-k282--k282-3,dcml_mozart_sonatas,dcml_tsv,ok,,2,2,0.0,855,78,0.0
dcml_mozart_sonatas-k283,dcml_mozart_sonatas-k283--k283-1,dcml_mozart_sonatas,dcml_tsv,ok,,2,2,0.0,1427,129,0.0
dcml_mozart_sonatas-k283,dcml_mozart_sonatas-k283--k283-2,dcml_mozart_sonatas,dcml_tsv,ok,,2,2,0.0,1022,82,0.0
dcml_mozart_sonatas-k283,dcml_mozart_sonatas-k283--k283-3,dcml_mozart_sonatas,dcml_tsv,ok,,2,2,0.0,1517,188,0.0
dcml_mozart_sonatas-k284,dcml_mozart_sonatas-k284--k284-1,dcml_mozart_sonatas,dcml_tsv,ok,,2,2,0.0,2207,143,0.0
dcml_mozart_sonatas-k284,dcml_mozart_sonatas-k284--k284-2,dcml_mozart_sonatas,dcml_tsv,ok,,2,2,0.0,1275,102,0.0
dcml_mozart_sonatas-k284,dcml_mozart_sonatas-k284--k284-3,dcml_mozart_sonatas,dcml_tsv,ok,,2,2,0.0,3665,315,0.1
dcml_mozart_sonatas-k309,dcml_mozart_sonatas-k309--k309-1,dcml_mozart_sonatas,dcml_tsv,ok,,2,2,0.0,1986,143,0.0
dcml_mozart_sonatas-k309,dcml_mozart_sonatas-k309--k309-2,dcml_mozart_sonatas,dcml_tsv,ok,,2,2,0.0,1231,140,0.0
dcml_mozart_sonatas-k309,dcml_mozart_sonatas-k309--k309-3,dcml_mozart_sonatas,dcml_tsv,ok,,2,2,0.0,3032,253,0.1
dcml_mozart_sonatas-k310,dcml_mozart_sonatas-k310--k310-1,dcml_mozart_sonatas,dcml_tsv,ok,,2,2,0.0,2558,105,0.1
dcml_mozart_sonatas-k310,dcml_mozart_sonatas-k310--k310-2,dcml_mozart_sonatas,dcml_tsv,ok,,2,2,0.0,1701,133,0.0
dcml_mozart_sonatas-k310,dcml_mozart_sonatas-k310--k310-3,dcml_mozart_sonatas,dcml_tsv,ok,,2,2,0.0,1547,136,0.0
dcml_mozart_sonatas-k311,dcml_mozart_sonatas-k311--k311-1,dcml_mozart_sonatas,dcml_tsv,ok,,2,2,0.0,1895,144,0.0
dcml_mozart_sonatas-k311,dcml_mozart_sonatas-k311--k311-2,dcml_mozart_sonatas,dcml_tsv,ok,,2,2,0.0,985,85,0.0
dcml_mozart_sonatas-k311,dcml_mozart_sonatas-k311--k311-3,dcml_mozart_sonatas,dcml_tsv,ok,,2,2,0.0,2767,343,0.0
dcml_mozart_sonatas-k330,dcml_mozart_sonatas-k330--k330-1,dcml_mozart_sonatas,dcml_tsv,ok,,2,2,0.0,2113,189,0.0
dcml_mozart_sonatas-k330,dcml_mozart_sonatas-k330--k330-2,dcml_mozart_sonatas,dcml_tsv,ok,,2,2,0.0,721,56,0.0
dcml_mozart_sonatas-k330,dcml_mozart_sonatas-k330--k330-3,dcml_mozart_sonatas,dcml_tsv,ok,,2,2,0.0,1943,138,0.0
dcml_mozart_sonatas-k331,dcml_mozart_sonatas-k331--k331-1,dcml_mozart_sonatas,dcml_tsv,ok,,2,2,0.0,2694,175,0.0
dcml_mozart_sonatas-k331,dcml_mozart_sonatas-k331--k331-2,dcml_mozart_sonatas,dcml_tsv,ok,,2,2,0.0,899,50,0.0
dcml_mozart_sonatas-k331,dcml_mozart_sonatas-k331--k331-3,dcml_mozart_sonatas,dcml_tsv,ok,,2,2,0.0,1074,73,0.0
dcml_mozart_sonatas-k332,dcml_mozart_sonatas-k332--k332-1,dcml_mozart_sonatas,dcml_tsv,ok,,2,2,0.0,1836,215,0.0
dcml_mozart_sonatas-k332,dcml_mozart_sonatas-k332--k332-2,dcml_mozart_sonatas,dcml_tsv,ok,,2,2,0.0,1004,90,0.0
dcml_mozart_sonatas-k332,dcml_mozart_sonatas-k332--k332-3,dcml_mozart_sonatas,dcml_tsv,ok,,2,2,0.0,2602,229,0.0
dcml_mozart_sonatas-k333,dcml_mozart_sonatas-k333--k333-1,dcml_mozart_sonatas,dcml_tsv,ok,,2,2,0.0,2543,182,0.0
dcml_mozart_sonatas-k333,dcml_mozart_sonatas-k333--k333-2,dcml_mozart_sonatas,dcml_tsv,ok,,2,2,0.0,1210,63,0.0
dcml_mozart_sonatas-k333,dcml_mozart_sonatas-k333--k333-3,dcml_mozart_sonatas,dcml_tsv,ok,,2,2,0.0,2684,236,0.1
dcml_mozart_sonatas-k457,dcml_mozart_sonatas-k457--k457-1,dcml_mozart_sonatas,dcml_tsv,ok,,2,2,0.0,1916,179,0.1
dcml_mozart_sonatas-k457,dcml_mozart_sonatas-k457--k457-2,dcml_mozart_sonatas,dcml_tsv,ok,,2,2,0.0,1600,147,0.0
dcml_mozart_sonatas-k457,dcml_mozart_sonatas-k457--k457-3,dcml_mozart_sonatas,dcml_tsv,ok,,2,2,0.0,1821,206,0.0
dcml_mozart_sonatas-k533,dcml_mozart_sonatas-k533--k533-1,dcml_mozart_sonatas,dcml_tsv,ok,,2,2,0.0,2839,122,0.1
dcml_mozart_sonatas-k533,dcml_mozart_sonatas-k533--k533-2,dcml_mozart_sonatas,dcml_tsv,ok,,2,2,0.0,1332,69,0.0
dcml_mozart_sonatas-k533,dcml_mozart_sonatas-k533--k533-3,dcml_mozart_sonatas,dcml_tsv,ok,,2,2,0.0,2198,157,0.0
dcml_mozart_sonatas-k545,dcml_mozart_sonatas-k545--k545-1,dcml_mozart_sonatas,dcml_tsv,ok,,2,2,0.0,1171,88,0.0
dcml_mozart_sonatas-k545,dcml_mozart_sonatas-k545--k545-2,dcml_mozart_sonatas,dcml_tsv,ok,,2,2,0.0,1315,34,0.0
dcml_mozart_sonatas-k545,dcml_mozart_sonatas-k545--k545-3,dcml_mozart_sonatas,dcml_tsv,ok,,2,2,0.0,724,66,0.0
dcml_mozart_sonatas-k570,dcml_mozart_sonatas-k570--k570-1,dcml_mozart_sonatas,dcml_tsv,ok,,2,2,0.0,1895,184,0.0
dcml_mozart_sonatas-k570,dcml_mozart_sonatas-k570--k570-2,dcml_mozart_sonatas,dcml_tsv,ok,,2,2,0.0,1028,112,0.0
dcml_mozart_sonatas-k570,dcml_mozart_sonatas-k570--k570-3,dcml_mozart_sonatas,dcml_tsv,ok,,2,2,0.0,1215,94,0.0
dcml_mozart_sonatas-k576,dcml_mozart_sonatas-k576--k576-1,dcml_mozart_sonatas,dcml_tsv,ok,,2,2,0.0,1907,147,0.0
dcml_mozart_sonatas-k576,dcml_mozart_sonatas-k576--k576-2,dcml_mozart_sonatas,dcml_tsv,ok,,2,2,0.0,1188,85,0.0
dcml_mozart_sonatas-k576,dcml_mozart_sonatas-k576--k576-3,dcml_mozart_sonatas,dcml_tsv,ok,,2,2,0.0,2254,166,0.0
kern-art-of-the-fugue-artfugue,kern-art-of-the-fugue-artfugue--artfugue-001,kern/art-of-the-fugue,kern,ok,,4,4,0.0,898,94,0.1
kern-art-of-the-fugue-artfugue,kern-art-of-the-fugue-artfugue--artfugue-002,kern/art-of-the-fugue,kern,ok,,4,4,0.0,1078,142,0.1
kern-art-of-the-fugue-artfugue,kern-art-of-the-fugue-artfugue--artfugue-003,kern/art-of-the-fugue,kern,ok,,4,4,0.0,1054,89,0.1
kern-art-of-the-fugue-artfugue,kern-art-of-the-fugue-artfugue--artfugue-004,kern/art-of-the-fugue,kern,ok,,4,4,0.0,1803,216,0.2
kern-art-of-the-fugue-artfugue,kern-art-of-the-fugue-artfugue--artfugue-005,kern/art-of-the-fugue,kern,ok,,4,4,0.0,1250,88,0.2
kern-art-of-the-fugue-artfugue,kern-art-of-the-fugue-artfugue--artfugue-006,kern/art-of-the-fugue,kern,ok,,4,4,0.0,1684,145,0.2
kern-art-of-the-fugue-artfugue,kern-art-of-the-fugue-artfugue--artfugue-007,kern/art-of-the-fugue,kern,ok,,4,4,0.0,1533,123,0.2
kern-art-of-the-fugue-artfugue,kern-art-of-the-fugue-artfugue--artfugue-008,kern/art-of-the-fugue,kern,ok,,3,3,0.0,2682,160,0.3
kern-art-of-the-fugue-artfugue,kern-art-of-the-fugue-artfugue--artfugue-009,kern/art-of-the-fugue,kern,ok,,4,4,0.0,1691,239,0.2
kern-art-of-the-fugue-artfugue,kern-art-of-the-fugue-artfugue--artfugue-010,kern/art-of-the-fugue,kern,ok,,4,4,0.0,1728,172,0.2
kern-art-of-the-fugue-artfugue,kern-art-of-the-fugue-artfugue--artfugue-011,kern/art-of-the-fugue,kern,ok,,4,4,0.0,3034,289,0.4
kern-art-of-the-fugue-artfugue,kern-art-of-the-fugue-artfugue--artfugue-012,kern/art-of-the-fugue,kern,ok,,2,2,0.0,1319,98,0.1
kern-art-of-the-fugue-artfugue,kern-art-of-the-fugue-artfugue--artfugue-013,kern/art-of-the-fugue,kern,ok,,2,2,0.0,989,40,0.1
kern-art-of-the-fugue-artfugue,kern-art-of-the-fugue-artfugue--artfugue-014,kern/art-of-the-fugue,kern,ok,,2,2,0.0,1396,35,0.3
kern-art-of-the-fugue-artfugue,kern-art-of-the-fugue-artfugue--artfugue-015,kern/art-of-the-fugue,kern,ok,,2,2,0.0,1374,28,0.2
kern-art-of-the-fugue-artfugue,kern-art-of-the-fugue-artfugue--artfugue-019,kern/art-of-the-fugue,kern,ok,,4,4,0.0,2622,260,0.4
kern-art-of-the-fugue-artfugue-016a,kern-art-of-the-fugue-artfugue-016a--artfugue-016a,kern/art-of-the-fugue,kern,ok,,3,3,0.0,1160,101,0.3
kern-art-of-the-fugue-artfugue-016b,kern-art-of-the-fugue-artfugue-016b--artfugue-016b,kern/art-of-the-fugue,kern,ok,,3,3,0.0,1158,102,0.3
kern-art-of-the-fugue-artfugue-018a,kern-art-of-the-fugue-artfugue-018a--artfugue-018a,kern/art-of-the-fugue,kern,ok,,4,4,0.0,1020,73,0.1
kern-art-of-the-fugue-artfugue-018b,kern-art-of-the-fugue-artfugue-018b--artfugue-018b,kern/art-of-the-fugue,kern,ok,,4,4,0.0,1020,74,0.1
kern-bach-370-chorales-chor001,kern-bach-370-chorales-chor001--chor001,kern/bach-370-chorales,kern,ok,,4,4,0.0,223,0,0.1
kern-bach-370-chorales-chor002,kern-bach-370-chorales-chor002--chor002,kern/bach-370-chorales,kern,ok,,4,4,0.0,229,0,0.0
kern-bach-370-chorales-chor003,kern-bach-370-chorales-chor003--chor003,kern/bach-370-chorales,kern,ok,,4,4,0.0,196,0,0.0
kern-bach-370-chorales-chor004,kern-bach-370-chorales-chor004--chor004,kern/bach-370-chorales,kern,ok,,4,4,0.0,185,0,0.0
kern-bach-370-chorales-chor005,kern-bach-370-chorales-chor005--chor005,kern/bach-370-chorales,kern,ok,,4,4,0.0,330,0,0.0
kern-bach-370-chorales-chor006,kern-bach-370-chorales-chor006--chor006,kern/bach-370-chorales,kern,ok,,4,4,0.0,120,4,0.0
kern-bach-370-chorales-chor007,kern-bach-370-chorales-chor007--chor007,kern/bach-370-chorales,kern,ok,,4,4,0.0,346,0,0.1
kern-bach-370-chorales-chor008,kern-bach-370-chorales-chor008--chor008,kern/bach-370-chorales,kern,ok,,4,4,0.0,358,0,0.0
kern-bach-370-chorales-chor009,kern-bach-370-chorales-chor009--chor009,kern/bach-370-chorales,kern,ok,,4,4,0.0,238,0,0.0
kern-bach-370-chorales-chor010,kern-bach-370-chorales-chor010--chor010,kern/bach-370-chorales,kern,ok,,4,4,0.0,181,0,0.0
kern-bach-370-chorales-chor011,kern-bach-370-chorales-chor011--chor011,kern/bach-370-chorales,kern,ok,,4,4,0.0,414,4,0.0
kern-bach-370-chorales-chor012,kern-bach-370-chorales-chor012--chor012,kern/bach-370-chorales,kern,ok,,4,4,0.0,144,0,0.0
kern-bach-370-chorales-chor013,kern-bach-370-chorales-chor013--chor013,kern/bach-370-chorales,kern,ok,,4,4,0.0,301,4,0.0
kern-bach-370-chorales-chor014,kern-bach-370-chorales-chor014--chor014,kern/bach-370-chorales,kern,ok,,4,4,0.0,235,0,0.0
kern-bach-370-chorales-chor015,kern-bach-370-chorales-chor015--chor015,kern/bach-370-chorales,kern,ok,,4,4,0.0,230,0,0.0
kern-bach-370-chorales-chor016,kern-bach-370-chorales-chor016--chor016,kern/bach-370-chorales,kern,ok,,4,4,0.0,293,4,0.0
kern-bach-370-chorales-chor017,kern-bach-370-chorales-chor017--chor017,kern/bach-370-chorales,kern,ok,,4,4,0.0,175,0,0.0
kern-bach-370-chorales-chor018,kern-bach-370-chorales-chor018--chor018,kern/bach-370-chorales,kern,ok,,4,4,0.0,199,0,0.0
kern-bach-370-chorales-chor019,kern-bach-370-chorales-chor019--chor019,kern/bach-370-chorales,kern,ok,,4,4,0.0,177,0,0.0
kern-bach-370-chorales-chor020,kern-bach-370-chorales-chor020--chor020,kern/bach-370-chorales,kern,ok,,4,4,0.0,234,0,0.0
kern-bach-370-chorales-chor021,kern-bach-370-chorales-chor021--chor021,kern/bach-370-chorales,kern,ok,,4,4,0.0,183,0,0.0
kern-bach-370-chorales-chor022,kern-bach-370-chorales-chor022--chor022,kern/bach-370-chorales,kern,ok,,4,4,0.0,257,0,0.0
kern-bach-370-chorales-chor023,kern-bach-370-chorales-chor023--chor023,kern/bach-370-chorales,kern,ok,,4,4,0.0,190,4,0.1
kern-bach-370-chorales-chor024,kern-bach-370-chorales-chor024--chor024,kern/bach-370-chorales,kern,ok,,4,4,0.0,211,0,0.0
kern-bach-370-chorales-chor025,kern-bach-370-chorales-chor025--chor025,kern/bach-370-chorales,kern,ok,,4,4,0.0,201,8,0.0
kern-bach-370-chorales-chor026,kern-bach-370-chorales-chor026--chor026,kern/bach-370-chorales,kern,ok,,4,4,0.0,177,0,0.0
kern-bach-370-chorales-chor027,kern-bach-370-chorales-chor027--chor027,kern/bach-370-chorales,kern,ok,,4,4,0.0,181,0,0.0
kern-bach-370-chorales-chor028,kern-bach-370-chorales-chor028--chor028,kern/bach-370-chorales,kern,ok,,4,4,0.0,149,0,0.1
kern-bach-370-chorales-chor029,kern-bach-370-chorales-chor029--chor029,kern/bach-370-chorales,kern,ok,,4,4,0.0,212,0,0.0
kern-bach-370-chorales-chor030,kern-bach-370-chorales-chor030--chor030,kern/bach-370-chorales,kern,ok,,4,4,0.0,208,8,0.0
kern-bach-370-chorales-chor031,kern-bach-370-chorales-chor031--chor031,kern/bach-370-chorales,kern,ok,,4,4,0.0,205,0,0.0
kern-bach-370-chorales-chor032,kern-bach-370-chorales-chor032--chor032,kern/bach-370-chorales,kern,ok,,4,4,0.0,190,16,0.1
kern-bach-370-chorales-chor033,kern-bach-370-chorales-chor033--chor033,kern/bach-370-chorales,kern,ok,,4,4,0.0,177,4,0.0
kern-bach-370-chorales-chor034,kern-bach-370-chorales-chor034--chor034,kern/bach-370-chorales,kern,ok,,4,4,0.0,275,0,0.0
kern-bach-370-chorales-chor035,kern-bach-370-chorales-chor035--chor035,kern/bach-370-chorales,kern,ok,,4,4,0.0,168,0,0.0
kern-bach-370-chorales-chor036,kern-bach-370-chorales-chor036--chor036,kern/bach-370-chorales,kern,ok,,4,4,0.0,234,4,0.0
kern-bach-370-chorales-chor037,kern-bach-370-chorales-chor037--chor037,kern/bach-370-chorales,kern,ok,,4,4,0.0,238,0,0.0
kern-bach-370-chorales-chor038,kern-bach-370-chorales-chor038--chor038,kern/bach-370-chorales,kern,ok,,4,4,0.0,176,0,0.0
kern-bach-370-chorales-chor039,kern-bach-370-chorales-chor039--chor039,kern/bach-370-chorales,kern,ok,,4,4,0.0,227,0,0.0
kern-bach-370-chorales-chor040,kern-bach-370-chorales-chor040--chor040,kern/bach-370-chorales,kern,ok,,4,4,0.0,139,0,0.0
kern-bach-370-chorales-chor041,kern-bach-370-chorales-chor041--chor041,kern/bach-370-chorales,kern,ok,,4,4,0.0,251,0,0.0
kern-bach-370-chorales-chor042,kern-bach-370-chorales-chor042--chor042,kern/bach-370-chorales,kern,ok,,4,4,0.0,132,0,0.0
kern-bach-370-chorales-chor043,kern-bach-370-chorales-chor043--chor043,kern/bach-370-chorales,kern,ok,,4,4,0.0,219,31,0.0
kern-bach-370-chorales-chor044,kern-bach-370-chorales-chor044--chor044,kern/bach-370-chorales,kern,ok,,4,4,0.0,153,0,0.0
kern-bach-370-chorales-chor045,kern-bach-370-chorales-chor045--chor045,kern/bach-370-chorales,kern,ok,,4,4,0.0,289,0,0.0
kern-bach-370-chorales-chor046,kern-bach-370-chorales-chor046--chor046,kern/bach-370-chorales,kern,ok,,4,4,0.0,175,0,0.0
kern-bach-370-chorales-chor047,kern-bach-370-chorales-chor047--chor047,kern/bach-370-chorales,kern,ok,,4,4,0.0,218,0,0.0
kern-bach-370-chorales-chor048,kern-bach-370-chorales-chor048--chor048,kern/bach-370-chorales,kern,ok,,4,4,0.0,187,0,0.0
kern-bach-370-chorales-chor049,kern-bach-370-chorales-chor049--chor049,kern/bach-370-chorales,kern,ok,,4,4,0.0,231,0,0.0
kern-bach-370-chorales-chor050,kern-bach-370-chorales-chor050--chor050,kern/bach-370-chorales,kern,ok,,4,4,0.0,218,0,0.0
kern-bach-370-chorales-chor051,kern-bach-370-chorales-chor051--chor051,kern/bach-370-chorales,kern,ok,,4,4,0.0,201,0,0.0
kern-bach-370-chorales-chor052,kern-bach-370-chorales-chor052--chor052,kern/bach-370-chorales,kern,ok,,4,4,0.0,287,0,0.0
kern-bach-370-chorales-chor053,kern-bach-370-chorales-chor053--chor053,kern/bach-370-chorales,kern,ok,,4,4,0.0,157,0,0.0
kern-bach-370-chorales-chor054,kern-bach-370-chorales-chor054--chor054,kern/bach-370-chorales,kern,ok,,4,4,0.0,168,4,0.0
kern-bach-370-chorales-chor055,kern-bach-370-chorales-chor055--chor055,kern/bach-370-chorales,kern,ok,,4,4,0.0,187,0,0.0
kern-bach-370-chorales-chor056,kern-bach-370-chorales-chor056--chor056,kern/bach-370-chorales,kern,ok,,4,4,0.0,265,0,0.1
kern-bach-370-chorales-chor057,kern-bach-370-chorales-chor057--chor057,kern/bach-370-chorales,kern,ok,,4,4,0.0,139,0,0.0
kern-bach-370-chorales-chor058,kern-bach-370-chorales-chor058--chor058,kern/bach-370-chorales,kern,ok,,4,4,0.0,371,0,0.0
kern-bach-370-chorales-chor059,kern-bach-370-chorales-chor059--chor059,kern/bach-370-chorales,kern,ok,,4,4,0.0,190,0,0.0
kern-bach-370-chorales-chor060,kern-bach-370-chorales-chor060--chor060,kern/bach-370-chorales,kern,ok,,4,4,0.0,175,8,0.1
kern-bach-370-chorales-chor061,kern-bach-370-chorales-chor061--chor061,kern/bach-370-chorales,kern,ok,,4,4,0.0,278,0,0.0
kern-bach-370-chorales-chor062,kern-bach-370-chorales-chor062--chor062,kern/bach-370-chorales,kern,ok,,4,4,0.0,151,4,0.1
kern-bach-370-chorales-chor063,kern-bach-370-chorales-chor063--chor063,kern/bach-370-chorales,kern,ok,,4,4,0.0,206,0,0.0
kern-bach-370-chorales-chor064,kern-bach-370-chorales-chor064--chor064,kern/bach-370-chorales,kern,ok,,4,4,0.0,223,0,0.0
kern-bach-370-chorales-chor065,kern-bach-370-chorales-chor065--chor065,kern/bach-370-chorales,kern,ok,,4,4,0.0,193,0,0.0
kern-bach-370-chorales-chor066,kern-bach-370-chorales-chor066--chor066,kern/bach-370-chorales,kern,ok,,4,4,0.0,278,0,0.1
kern-bach-370-chorales-chor067,kern-bach-370-chorales-chor067--chor067,kern/bach-370-chorales,kern,ok,,4,4,0.0,218,0,0.0
kern-bach-370-chorales-chor068,kern-bach-370-chorales-chor068--chor068,kern/bach-370-chorales,kern,ok,,4,4,0.0,171,4,0.0
kern-bach-370-chorales-chor069,kern-bach-370-chorales-chor069--chor069,kern/bach-370-chorales,kern,ok,,4,4,0.0,429,16,0.0
kern-bach-370-chorales-chor070,kern-bach-370-chorales-chor070--chor070,kern/bach-370-chorales,kern,ok,,4,4,0.0,341,4,0.0
kern-bach-370-chorales-chor071,kern-bach-370-chorales-chor071--chor071,kern/bach-370-chorales,kern,ok,,4,4,0.0,264,0,0.0
kern-bach-370-chorales-chor072,kern-bach-370-chorales-chor072--chor072,kern/bach-370-chorales,kern,ok,,4,4,0.0,164,0,0.1
kern-bach-370-chorales-chor073,kern-bach-370-chorales-chor073--chor073,kern/bach-370-chorales,kern,ok,,4,4,0.0,207,0,0.0
kern-bach-370-chorales-chor074,kern-bach-370-chorales-chor074--chor074,kern/bach-370-chorales,kern,ok,,4,4,0.0,192,0,0.1
kern-bach-370-chorales-chor075,kern-bach-370-chorales-chor075--chor075,kern/bach-370-chorales,kern,ok,,4,4,0.0,184,4,0.0
kern-bach-370-chorales-chor076,kern-bach-370-chorales-chor076--chor076,kern/bach-370-chorales,kern,ok,,4,4,0.0,237,0,0.0
kern-bach-370-chorales-chor077,kern-bach-370-chorales-chor077--chor077,kern/bach-370-chorales,kern,ok,,4,4,0.0,231,4,0.0
kern-bach-370-chorales-chor078,kern-bach-370-chorales-chor078--chor078,kern/bach-370-chorales,kern,ok,,4,4,0.0,193,0,0.0
kern-bach-370-chorales-chor079,kern-bach-370-chorales-chor079--chor079,kern/bach-370-chorales,kern,ok,,4,4,0.0,230,0,0.0
kern-bach-370-chorales-chor080,kern-bach-370-chorales-chor080--chor080,kern/bach-370-chorales,kern,ok,,4,4,0.0,195,0,0.0
kern-bach-370-chorales-chor081,kern-bach-370-chorales-chor081--chor081,kern/bach-370-chorales,kern,ok,,4,4,0.0,249,0,0.0
kern-bach-370-chorales-chor082,kern-bach-370-chorales-chor082--chor082,kern/bach-370-chorales,kern,ok,,4,4,0.0,236,28,0.0
kern-bach-370-chorales-chor083,kern-bach-370-chorales-chor083--chor083,kern/bach-370-chorales,kern,ok,,4,4,0.0,256,0,0.0
kern-bach-370-chorales-chor084,kern-bach-370-chorales-chor084--chor084,kern/bach-370-chorales,kern,ok,,4,4,0.0,279,0,0.0
kern-bach-370-chorales-chor085,kern-bach-370-chorales-chor085--chor085,kern/bach-370-chorales,kern,ok,,4,4,0.0,239,20,0.0
kern-bach-370-chorales-chor086,kern-bach-370-chorales-chor086--chor086,kern/bach-370-chorales,kern,ok,,4,4,0.0,238,4,0.0
kern-bach-370-chorales-chor087,kern-bach-370-chorales-chor087--chor087,kern/bach-370-chorales,kern,ok,,4,4,0.0,174,8,0.0
kern-bach-370-chorales-chor088,kern-bach-370-chorales-chor088--chor088,kern/bach-370-chorales,kern,ok,,4,4,0.0,196,4,0.0
kern-bach-370-chorales-chor089,kern-bach-370-chorales-chor089--chor089,kern/bach-370-chorales,kern,ok,,4,4,0.0,199,0,0.0
kern-bach-370-chorales-chor090,kern-bach-370-chorales-chor090--chor090,kern/bach-370-chorales,kern,ok,,4,4,0.0,150,8,0.0
kern-bach-370-chorales-chor091,kern-bach-370-chorales-chor091--chor091,kern/bach-370-chorales,kern,ok,,4,4,0.0,467,0,0.0
kern-bach-370-chorales-chor092,kern-bach-370-chorales-chor092--chor092,kern/bach-370-chorales,kern,ok,,4,4,0.0,205,0,0.0
kern-bach-370-chorales-chor093,kern-bach-370-chorales-chor093--chor093,kern/bach-370-chorales,kern,ok,,4,4,0.0,150,0,0.0
kern-bach-370-chorales-chor094,kern-bach-370-chorales-chor094--chor094,kern/bach-370-chorales,kern,ok,,4,4,0.0,179,4,0.0
kern-bach-370-chorales-chor095,kern-bach-370-chorales-chor095--chor095,kern/bach-370-chorales,kern,ok,,4,4,0.0,209,0,0.0
kern-bach-370-chorales-chor096,kern-bach-370-chorales-chor096--chor096,kern/bach-370-chorales,kern,ok,,4,4,0.0,218,0,0.0
kern-bach-370-chorales-chor097,kern-bach-370-chorales-chor097--chor097,kern/bach-370-chorales,kern,ok,,4,4,0.0,249,0,0.0
kern-bach-370-chorales-chor098,kern-bach-370-chorales-chor098--chor098,kern/bach-370-chorales,kern,ok,,4,4,0.0,194,0,0.0
kern-bach-370-chorales-chor099,kern-bach-370-chorales-chor099--chor099,kern/bach-370-chorales,kern,ok,,4,4,0.0,195,0,0.0
kern-bach-370-chorales-chor100,kern-bach-370-chorales-chor100--chor100,kern/bach-370-chorales,kern,ok,,4,4,0.0,239,0,0.0
kern-bach-370-chorales-chor101,kern-bach-370-chorales-chor101--chor101,kern/bach-370-chorales,kern,ok,,4,4,0.0,174,0,0.0
kern-bach-370-chorales-chor102,kern-bach-370-chorales-chor102--chor102,kern/bach-370-chorales,kern,ok,,4,4,0.0,194,0,0.0
kern-bach-370-chorales-chor103,kern-bach-370-chorales-chor103--chor103,kern/bach-370-chorales,kern,ok,,4,4,0.0,206,0,0.0
kern-bach-370-chorales-chor104,kern-bach-370-chorales-chor104--chor104,kern/bach-370-chorales,kern,ok,,4,4,0.0,165,0,0.1
kern-bach-370-chorales-chor105,kern-bach-370-chorales-chor105--chor105,kern/bach-370-chorales,kern,ok,,4,4,0.0,186,0,0.0
kern-bach-370-chorales-chor106,kern-bach-370-chorales-chor106--chor106,kern/bach-370-chorales,kern,ok,,4,4,0.0,235,0,0.0
kern-bach-370-chorales-chor107,kern-bach-370-chorales-chor107--chor107,kern/bach-370-chorales,kern,ok,,4,4,0.0,372,0,0.0
kern-bach-370-chorales-chor108,kern-bach-370-chorales-chor108--chor108,kern/bach-370-chorales,kern,ok,,4,4,0.0,173,0,0.0
kern-bach-370-chorales-chor109,kern-bach-370-chorales-chor109--chor109,kern/bach-370-chorales,kern,ok,,4,4,0.0,282,0,0.0
kern-bach-370-chorales-chor110,kern-bach-370-chorales-chor110--chor110,kern/bach-370-chorales,kern,ok,,4,4,0.0,228,0,0.0
kern-bach-370-chorales-chor111,kern-bach-370-chorales-chor111--chor111,kern/bach-370-chorales,kern,ok,,4,4,0.0,218,0,0.0
kern-bach-370-chorales-chor112,kern-bach-370-chorales-chor112--chor112,kern/bach-370-chorales,kern,ok,,4,4,0.0,145,4,0.0
kern-bach-370-chorales-chor113,kern-bach-370-chorales-chor113--chor113,kern/bach-370-chorales,kern,ok,,4,4,0.0,248,0,0.0
kern-bach-370-chorales-chor114,kern-bach-370-chorales-chor114--chor114,kern/bach-370-chorales,kern,ok,,4,4,0.0,206,0,0.0
kern-bach-370-chorales-chor115,kern-bach-370-chorales-chor115--chor115,kern/bach-370-chorales,kern,ok,,4,4,0.0,233,0,0.1
kern-bach-370-chorales-chor116,kern-bach-370-chorales-chor116--chor116,kern/bach-370-chorales,kern,ok,,4,4,0.0,429,0,0.1
kern-bach-370-chorales-chor117,kern-bach-370-chorales-chor117--chor117,kern/bach-370-chorales,kern,ok,,4,4,0.0,221,0,0.0
kern-bach-370-chorales-chor118,kern-bach-370-chorales-chor118--chor118,kern/bach-370-chorales,kern,ok,,4,4,0.0,207,0,0.0
kern-bach-370-chorales-chor119,kern-bach-370-chorales-chor119--chor119,kern/bach-370-chorales,kern,ok,,4,4,0.0,361,0,0.0
kern-bach-370-chorales-chor120,kern-bach-370-chorales-chor120--chor120,kern/bach-370-chorales,kern,ok,,4,4,0.0,247,0,0.0
kern-bach-370-chorales-chor121,kern-bach-370-chorales-chor121--chor121,kern/bach-370-chorales,kern,ok,,4,4,0.0,308,0,0.0
kern-bach-370-chorales-chor122,kern-bach-370-chorales-chor122--chor122,kern/bach-370-chorales,kern,ok,,4,4,0.0,291,0,0.0
kern-bach-370-chorales-chor123,kern-bach-370-chorales-chor123--chor123,kern/bach-370-chorales,kern,ok,,4,4,0.0,239,0,0.0
kern-bach-370-chorales-chor124,kern-bach-370-chorales-chor124--chor124,kern/bach-370-chorales,kern,ok,,4,4,0.0,245,0,0.0
kern-bach-370-chorales-chor125,kern-bach-370-chorales-chor125--chor125,kern/bach-370-chorales,kern,ok,,4,4,0.0,199,0,0.0
kern-bach-370-chorales-chor126,kern-bach-370-chorales-chor126--chor126,kern/bach-370-chorales,kern,ok,,4,4,0.0,238,0,0.0
kern-bach-370-chorales-chor127,kern-bach-370-chorales-chor127--chor127,kern/bach-370-chorales,kern,ok,,4,4,0.0,183,0,0.0
kern-bach-370-chorales-chor128,kern-bach-370-chorales-chor128--chor128,kern/bach-370-chorales,kern,ok,,4,4,0.0,230,0,0.0
kern-bach-370-chorales-chor129,kern-bach-370-chorales-chor129--chor129,kern/bach-370-chorales,kern,ok,,4,4,0.0,190,0,0.1
kern-bach-370-chorales-chor130,kern-bach-370-chorales-chor130--chor130,kern/bach-370-chorales,kern,ok,,4,4,0.0,80,0,0.0
kern-bach-370-chorales-chor131,kern-bach-370-chorales-chor131--chor131,kern/bach-370-chorales,kern,ok,,4,4,0.0,155,0,0.0
kern-bach-370-chorales-chor132,kern-bach-370-chorales-chor132--chor132,kern/bach-370-chorales,kern,ok,,4,4,0.0,789,4,0.1
kern-bach-370-chorales-chor133,kern-bach-370-chorales-chor133--chor133,kern/bach-370-chorales,kern,ok,,4,4,0.0,600,14,0.1
kern-bach-370-chorales-chor134,kern-bach-370-chorales-chor134--chor134,kern/bach-370-chorales,kern,ok,,4,4,0.0,224,0,0.0
kern-bach-370-chorales-chor135,kern-bach-370-chorales-chor135--chor135,kern/bach-370-chorales,kern,ok,,4,4,0.0,278,0,0.0
kern-bach-370-chorales-chor136,kern-bach-370-chorales-chor136--chor136,kern/bach-370-chorales,kern,ok,,4,4,0.0,152,0,0.0
kern-bach-370-chorales-chor137,kern-bach-370-chorales-chor137--chor137,kern/bach-370-chorales,kern,ok,,4,4,0.0,296,36,0.0
kern-bach-370-chorales-chor138,kern-bach-370-chorales-chor138--chor138,kern/bach-370-chorales,kern,ok,,4,4,0.0,188,0,0.0
kern-bach-370-chorales-chor139,kern-bach-370-chorales-chor139--chor139,kern/bach-370-chorales,kern,ok,,4,4,0.0,210,0,0.0
kern-bach-370-chorales-chor140,kern-bach-370-chorales-chor140--chor140,kern/bach-370-chorales,kern,ok,,4,4,0.0,202,4,0.0
kern-bach-370-chorales-chor141,kern-bach-370-chorales-chor141--chor141,kern/bach-370-chorales,kern,ok,,4,4,0.0,171,0,0.0
kern-bach-370-chorales-chor142,kern-bach-370-chorales-chor142--chor142,kern/bach-370-chorales,kern,ok,,4,4,0.0,250,0,0.0
kern-bach-370-chorales-chor143,kern-bach-370-chorales-chor143--chor143,kern/bach-370-chorales,kern,ok,,4,4,0.0,312,1,0.1
kern-bach-370-chorales-chor144,kern-bach-370-chorales-chor144--chor144,kern/bach-370-chorales,kern,ok,,4,4,0.0,202,20,0.1
kern-bach-370-chorales-chor145,kern-bach-370-chorales-chor145--chor145,kern/bach-370-chorales,kern,ok,,4,4,0.0,198,0,0.1
kern-bach-370-chorales-chor146,kern-bach-370-chorales-chor146--chor146,kern/bach-370-chorales,kern,ok,,4,4,0.0,172,0,0.0
kern-bach-370-chorales-chor147,kern-bach-370-chorales-chor147--chor147,kern/bach-370-chorales,kern,ok,,4,4,0.0,202,16,0.1
kern-bach-370-chorales-chor148,kern-bach-370-chorales-chor148--chor148,kern/bach-370-chorales,kern,ok,,4,4,0.0,161,0,0.1
kern-bach-370-chorales-chor149,kern-bach-370-chorales-chor149--chor149,kern/bach-370-chorales,kern,ok,,4,4,0.0,130,0,0.0
kern-bach-370-chorales-chor151,kern-bach-370-chorales-chor151--chor151,kern/bach-370-chorales,kern,ok,,4,4,0.0,148,0,0.1
kern-bach-370-chorales-chor152,kern-bach-370-chorales-chor152--chor152,kern/bach-370-chorales,kern,ok,,4,4,0.0,244,0,0.0
kern-bach-370-chorales-chor153,kern-bach-370-chorales-chor153--chor153,kern/bach-370-chorales,kern,ok,,4,4,0.0,193,0,0.0
kern-bach-370-chorales-chor154,kern-bach-370-chorales-chor154--chor154,kern/bach-370-chorales,kern,ok,,4,4,0.0,145,0,0.0
kern-bach-370-chorales-chor155,kern-bach-370-chorales-chor155--chor155,kern/bach-370-chorales,kern,ok,,4,4,0.0,236,0,0.0
kern-bach-370-chorales-chor156,kern-bach-370-chorales-chor156--chor156,kern/bach-370-chorales,kern,ok,,4,4,0.0,166,0,0.0
kern-bach-370-chorales-chor157,kern-bach-370-chorales-chor157--chor157,kern/bach-370-chorales,kern,ok,,4,4,0.0,159,0,0.0
kern-bach-370-chorales-chor158,kern-bach-370-chorales-chor158--chor158,kern/bach-370-chorales,kern,ok,,4,4,0.0,293,0,0.1
kern-bach-370-chorales-chor159,kern-bach-370-chorales-chor159--chor159,kern/bach-370-chorales,kern,ok,,4,4,0.0,142,12,0.0
kern-bach-370-chorales-chor160,kern-bach-370-chorales-chor160--chor160,kern/bach-370-chorales,kern,ok,,4,4,0.0,172,0,0.0
kern-bach-370-chorales-chor161,kern-bach-370-chorales-chor161--chor161,kern/bach-370-chorales,kern,ok,,4,4,0.0,175,0,0.0
kern-bach-370-chorales-chor162,kern-bach-370-chorales-chor162--chor162,kern/bach-370-chorales,kern,ok,,4,4,0.0,245,0,0.0
kern-bach-370-chorales-chor163,kern-bach-370-chorales-chor163--chor163,kern/bach-370-chorales,kern,ok,,4,4,0.0,198,0,0.0
kern-bach-370-chorales-chor164,kern-bach-370-chorales-chor164--chor164,kern/bach-370-chorales,kern,ok,,4,4,0.0,189,0,0.0
kern-bach-370-chorales-chor165,kern-bach-370-chorales-chor165--chor165,kern/bach-370-chorales,kern,ok,,4,4,0.0,205,0,0.1
kern-bach-370-chorales-chor166,kern-bach-370-chorales-chor166--chor166,kern/bach-370-chorales,kern,ok,,4,4,0.0,231,0,0.0
kern-bach-370-chorales-chor167,kern-bach-370-chorales-chor167--chor167,kern/bach-370-chorales,kern,ok,,4,4,0.0,227,20,0.0
kern-bach-370-chorales-chor168,kern-bach-370-chorales-chor168--chor168,kern/bach-370-chorales,kern,ok,,4,4,0.0,140,8,0.1
kern-bach-370-chorales-chor169,kern-bach-370-chorales-chor169--chor169,kern/bach-370-chorales,kern,ok,,4,4,0.0,278,0,0.0
kern-bach-370-chorales-chor170,kern-bach-370-chorales-chor170--chor170,kern/bach-370-chorales,kern,ok,,4,4,0.0,149,0,0.0
kern-bach-370-chorales-chor171,kern-bach-370-chorales-chor171--chor171,kern/bach-370-chorales,kern,ok,,4,4,0.0,174,16,0.0
kern-bach-370-chorales-chor172,kern-bach-370-chorales-chor172--chor172,kern/bach-370-chorales,kern,ok,,4,4,0.0,228,0,0.0
kern-bach-370-chorales-chor173,kern-bach-370-chorales-chor173--chor173,kern/bach-370-chorales,kern,ok,,4,4,0.0,178,0,0.0
kern-bach-370-chorales-chor174,kern-bach-370-chorales-chor174--chor174,kern/bach-370-chorales,kern,ok,,4,4,0.0,164,12,0.0
kern-bach-370-chorales-chor175,kern-bach-370-chorales-chor175--chor175,kern/bach-370-chorales,kern,ok,,4,4,0.0,148,0,0.0
kern-bach-370-chorales-chor176,kern-bach-370-chorales-chor176--chor176,kern/bach-370-chorales,kern,ok,,4,4,0.0,189,0,0.0
kern-bach-370-chorales-chor177,kern-bach-370-chorales-chor177--chor177,kern/bach-370-chorales,kern,ok,,4,4,0.0,164,0,0.0
kern-bach-370-chorales-chor178,kern-bach-370-chorales-chor178--chor178,kern/bach-370-chorales,kern,ok,,4,4,0.0,157,0,0.0
kern-bach-370-chorales-chor179,kern-bach-370-chorales-chor179--chor179,kern/bach-370-chorales,kern,ok,,4,4,0.0,279,16,0.0
kern-bach-370-chorales-chor180,kern-bach-370-chorales-chor180--chor180,kern/bach-370-chorales,kern,ok,,4,4,0.0,141,0,0.0
kern-bach-370-chorales-chor181,kern-bach-370-chorales-chor181--chor181,kern/bach-370-chorales,kern,ok,,4,4,0.0,200,0,0.0
kern-bach-370-chorales-chor182,kern-bach-370-chorales-chor182--chor182,kern/bach-370-chorales,kern,ok,,4,4,0.0,217,0,0.0
kern-bach-370-chorales-chor183,kern-bach-370-chorales-chor183--chor183,kern/bach-370-chorales,kern,ok,,4,4,0.0,204,0,0.0
kern-bach-370-chorales-chor184,kern-bach-370-chorales-chor184--chor184,kern/bach-370-chorales,kern,ok,,4,4,0.0,212,0,0.0
kern-bach-370-chorales-chor185,kern-bach-370-chorales-chor185--chor185,kern/bach-370-chorales,kern,ok,,4,4,0.0,158,0,0.0
kern-bach-370-chorales-chor186,kern-bach-370-chorales-chor186--chor186,kern/bach-370-chorales,kern,ok,,4,4,0.0,204,0,0.0
kern-bach-370-chorales-chor187,kern-bach-370-chorales-chor187--chor187,kern/bach-370-chorales,kern,ok,,4,4,0.0,144,0,0.0
kern-bach-370-chorales-chor188,kern-bach-370-chorales-chor188--chor188,kern/bach-370-chorales,kern,ok,,4,4,0.0,160,0,0.0
kern-bach-370-chorales-chor189,kern-bach-370-chorales-chor189--chor189,kern/bach-370-chorales,kern,ok,,4,4,0.0,156,0,0.0
kern-bach-370-chorales-chor190,kern-bach-370-chorales-chor190--chor190,kern/bach-370-chorales,kern,ok,,4,4,0.0,200,0,0.0
kern-bach-370-chorales-chor191,kern-bach-370-chorales-chor191--chor191,kern/bach-370-chorales,kern,ok,,4,4,0.0,178,0,0.0
kern-bach-370-chorales-chor192,kern-bach-370-chorales-chor192--chor192,kern/bach-370-chorales,kern,ok,,4,4,0.0,152,0,0.0
kern-bach-370-chorales-chor193,kern-bach-370-chorales-chor193--chor193,kern/bach-370-chorales,kern,ok,,4,4,0.0,132,20,0.0
kern-bach-370-chorales-chor194,kern-bach-370-chorales-chor194--chor194,kern/bach-370-chorales,kern,ok,,4,4,0.0,179,0,0.0
kern-bach-370-chorales-chor195,kern-bach-370-chorales-chor195--chor195,kern/bach-370-chorales,kern,ok,,4,4,0.0,236,0,0.0
kern-bach-370-chorales-chor196,kern-bach-370-chorales-chor196--chor196,kern/bach-370-chorales,kern,ok,,4,4,0.0,235,0,0.0
kern-bach-370-chorales-chor197,kern-bach-370-chorales-chor197--chor197,kern/bach-370-chorales,kern,ok,,4,4,0.0,554,4,0.1
kern-bach-370-chorales-chor198,kern-bach-370-chorales-chor198--chor198,kern/bach-370-chorales,kern,ok,,4,4,0.0,311,0,0.0
kern-bach-370-chorales-chor199,kern-bach-370-chorales-chor199--chor199,kern/bach-370-chorales,kern,ok,,4,4,0.0,230,0,0.0
kern-bach-370-chorales-chor200,kern-bach-370-chorales-chor200--chor200,kern/bach-370-chorales,kern,ok,,4,4,0.0,256,0,0.1
kern-bach-370-chorales-chor201,kern-bach-370-chorales-chor201--chor201,kern/bach-370-chorales,kern,ok,,4,4,0.0,341,0,0.0
kern-bach-370-chorales-chor202,kern-bach-370-chorales-chor202--chor202,kern/bach-370-chorales,kern,ok,,4,4,0.0,379,0,0.0
kern-bach-370-chorales-chor203,kern-bach-370-chorales-chor203--chor203,kern/bach-370-chorales,kern,ok,,4,4,0.0,240,0,0.1
kern-bach-370-chorales-chor204,kern-bach-370-chorales-chor204--chor204,kern/bach-370-chorales,kern,ok,,4,4,0.0,143,0,0.0
kern-bach-370-chorales-chor205,kern-bach-370-chorales-chor205--chor205,kern/bach-370-chorales,kern,ok,,4,4,0.0,957,4,0.1
kern-bach-370-chorales-chor206,kern-bach-370-chorales-chor206--chor206,kern/bach-370-chorales,kern,ok,,4,4,0.0,255,12,0.0
kern-bach-370-chorales-chor207,kern-bach-370-chorales-chor207--chor207,kern/bach-370-chorales,kern,ok,,4,4,0.0,180,0,0.0
kern-bach-370-chorales-chor208,kern-bach-370-chorales-chor208--chor208,kern/bach-370-chorales,kern,ok,,4,4,0.0,235,0,0.1
kern-bach-370-chorales-chor209,kern-bach-370-chorales-chor209--chor209,kern/bach-370-chorales,kern,ok,,4,4,0.0,211,0,0.0
kern-bach-370-chorales-chor210,kern-bach-370-chorales-chor210--chor210,kern/bach-370-chorales,kern,ok,,4,4,0.0,224,12,0.0
kern-bach-370-chorales-chor211,kern-bach-370-chorales-chor211--chor211,kern/bach-370-chorales,kern,ok,,4,4,0.0,272,8,0.0
kern-bach-370-chorales-chor212,kern-bach-370-chorales-chor212--chor212,kern/bach-370-chorales,kern,ok,,4,4,0.0,224,0,0.0
kern-bach-370-chorales-chor213,kern-bach-370-chorales-chor213--chor213,kern/bach-370-chorales,kern,ok,,4,4,0.0,181,4,0.0
kern-bach-370-chorales-chor214,kern-bach-370-chorales-chor214--chor214,kern/bach-370-chorales,kern,ok,,4,4,0.0,443,20,0.0
kern-bach-370-chorales-chor215,kern-bach-370-chorales-chor215--chor215,kern/bach-370-chorales,kern,ok,,4,4,0.0,475,4,0.0
kern-bach-370-chorales-chor216,kern-bach-370-chorales-chor216--chor216,kern/bach-370-chorales,kern,ok,,4,4,0.0,281,28,0.0
kern-bach-370-chorales-chor217,kern-bach-370-chorales-chor217--chor217,kern/bach-370-chorales,kern,ok,,4,4,0.0,143,0,0.0
kern-bach-370-chorales-chor218,kern-bach-370-chorales-chor218--chor218,kern/bach-370-chorales,kern,ok,,4,4,0.0,265,0,0.0
kern-bach-370-chorales-chor219,kern-bach-370-chorales-chor219--chor219,kern/bach-370-chorales,kern,ok,,4,4,0.0,197,0,0.0
kern-bach-370-chorales-chor220,kern-bach-370-chorales-chor220--chor220,kern/bach-370-chorales,kern,ok,,4,4,0.0,380,0,0.0
kern-bach-370-chorales-chor221,kern-bach-370-chorales-chor221--chor221,kern/bach-370-chorales,kern,ok,,4,4,0.0,199,0,0.0
kern-bach-370-chorales-chor222,kern-bach-370-chorales-chor222--chor222,kern/bach-370-chorales,kern,ok,,4,4,0.0,199,0,0.0
kern-bach-370-chorales-chor223,kern-bach-370-chorales-chor223--chor223,kern/bach-370-chorales,kern,ok,,4,4,0.0,241,8,0.0
kern-bach-370-chorales-chor224,kern-bach-370-chorales-chor224--chor224,kern/bach-370-chorales,kern,ok,,4,4,0.0,147,0,0.1
kern-bach-370-chorales-chor225,kern-bach-370-chorales-chor225--chor225,kern/bach-370-chorales,kern,ok,,4,4,0.0,207,0,0.0
kern-bach-370-chorales-chor226,kern-bach-370-chorales-chor226--chor226,kern/bach-370-chorales,kern,ok,,4,4,0.0,207,0,0.0
kern-bach-370-chorales-chor227,kern-bach-370-chorales-chor227--chor227,kern/bach-370-chorales,kern,ok,,4,4,0.0,320,20,0.1
kern-bach-370-chorales-chor228,kern-bach-370-chorales-chor228--chor228,kern/bach-370-chorales,kern,ok,,4,4,0.0,102,0,0.0
kern-bach-370-chorales-chor229,kern-bach-370-chorales-chor229--chor229,kern/bach-370-chorales,kern,ok,,4,4,0.0,352,0,0.0
kern-bach-370-chorales-chor230,kern-bach-370-chorales-chor230--chor230,kern/bach-370-chorales,kern,ok,,4,4,0.0,207,0,0.0
kern-bach-370-chorales-chor231,kern-bach-370-chorales-chor231--chor231,kern/bach-370-chorales,kern,ok,,4,4,0.0,190,20,0.0
kern-bach-370-chorales-chor232,kern-bach-370-chorales-chor232--chor232,kern/bach-370-chorales,kern,ok,,4,4,0.0,206,0,0.0
kern-bach-370-chorales-chor233,kern-bach-370-chorales-chor233--chor233,kern/bach-370-chorales,kern,ok,,4,4,0.0,203,0,0.0
kern-bach-370-chorales-chor234,kern-bach-370-chorales-chor234--chor234,kern/bach-370-chorales,kern,ok,,4,4,0.0,378,0,0.0
kern-bach-370-chorales-chor235,kern-bach-370-chorales-chor235--chor235,kern/bach-370-chorales,kern,ok,,4,4,0.0,286,8,0.1
kern-bach-370-chorales-chor236,kern-bach-370-chorales-chor236--chor236,kern/bach-370-chorales,kern,ok,,4,4,0.0,154,0,0.0
kern-bach-370-chorales-chor237,kern-bach-370-chorales-chor237--chor237,kern/bach-370-chorales,kern,ok,,4,4,0.0,288,0,0.0
kern-bach-370-chorales-chor238,kern-bach-370-chorales-chor238--chor238,kern/bach-370-chorales,kern,ok,,4,4,0.0,166,0,0.0
kern-bach-370-chorales-chor239,kern-bach-370-chorales-chor239--chor239,kern/bach-370-chorales,kern,ok,,4,4,0.0,249,0,0.0
kern-bach-370-chorales-chor240,kern-bach-370-chorales-chor240--chor240,kern/bach-370-chorales,kern,ok,,4,4,0.0,127,4,0.1
kern-bach-370-chorales-chor241,kern-bach-370-chorales-chor241--chor241,kern/bach-370-chorales,kern,ok,,4,4,0.0,517,24,0.0
kern-bach-370-chorales-chor242,kern-bach-370-chorales-chor242--chor242,kern/bach-370-chorales,kern,ok,,4,4,0.0,216,0,0.0
kern-bach-370-chorales-chor243,kern-bach-370-chorales-chor243--chor243,kern/bach-370-chorales,kern,ok,,4,4,0.0,215,0,0.0
kern-bach-370-chorales-chor244,kern-bach-370-chorales-chor244--chor244,kern/bach-370-chorales,kern,ok,,4,4,0.0,287,0,0.0
kern-bach-370-chorales-chor245,kern-bach-370-chorales-chor245--chor245,kern/bach-370-chorales,kern,ok,,4,4,0.0,180,0,0.0
kern-bach-370-chorales-chor246,kern-bach-370-chorales-chor246--chor246,kern/bach-370-chorales,kern,ok,,4,4,0.0,253,0,0.0
kern-bach-370-chorales-chor247,kern-bach-370-chorales-chor247--chor247,kern/bach-370-chorales,kern,ok,,4,4,0.0,177,0,0.1
kern-bach-370-chorales-chor248,kern-bach-370-chorales-chor248--chor248,kern/bach-370-chorales,kern,ok,,4,4,0.0,204,0,0.0
kern-bach-370-chorales-chor249,kern-bach-370-chorales-chor249--chor249,kern/bach-370-chorales,kern,ok,,4,4,0.0,216,0,0.0
kern-bach-370-chorales-chor250,kern-bach-370-chorales-chor250--chor250,kern/bach-370-chorales,kern,ok,,4,4,0.0,240,0,0.0
kern-bach-370-chorales-chor251,kern-bach-370-chorales-chor251--chor251,kern/bach-370-chorales,kern,ok,,4,4,0.0,203,0,0.0
kern-bach-370-chorales-chor252,kern-bach-370-chorales-chor252--chor252,kern/bach-370-chorales,kern,ok,,4,4,0.0,458,0,0.0
kern-bach-370-chorales-chor253,kern-bach-370-chorales-chor253--chor253,kern/bach-370-chorales,kern,ok,,4,4,0.0,255,12,0.0
kern-bach-370-chorales-chor254,kern-bach-370-chorales-chor254--chor254,kern/bach-370-chorales,kern,ok,,4,4,0.0,216,0,0.0
kern-bach-370-chorales-chor255,kern-bach-370-chorales-chor255--chor255,kern/bach-370-chorales,kern,ok,,4,4,0.0,248,4,0.0
kern-bach-370-chorales-chor256,kern-bach-370-chorales-chor256--chor256,kern/bach-370-chorales,kern,ok,,4,4,0.0,221,0,0.0
kern-bach-370-chorales-chor257,kern-bach-370-chorales-chor257--chor257,kern/bach-370-chorales,kern,ok,,4,4,0.0,150,0,0.1
kern-bach-370-chorales-chor258,kern-bach-370-chorales-chor258--chor258,kern/bach-370-chorales,kern,ok,,4,4,0.0,248,24,0.0
kern-bach-370-chorales-chor259,kern-bach-370-chorales-chor259--chor259,kern/bach-370-chorales,kern,ok,,4,4,0.0,470,0,0.0
kern-bach-370-chorales-chor260,kern-bach-370-chorales-chor260--chor260,kern/bach-370-chorales,kern,ok,,4,4,0.0,194,0,0.0
kern-bach-370-chorales-chor261,kern-bach-370-chorales-chor261--chor261,kern/bach-370-chorales,kern,ok,,4,4,0.0,199,4,0.0
kern-bach-370-chorales-chor262,kern-bach-370-chorales-chor262--chor262,kern/bach-370-chorales,kern,ok,,4,4,0.0,190,0,0.0
kern-bach-370-chorales-chor263,kern-bach-370-chorales-chor263--chor263,kern/bach-370-chorales,kern,ok,,4,4,0.0,190,0,0.0
kern-bach-370-chorales-chor264,kern-bach-370-chorales-chor264--chor264,kern/bach-370-chorales,kern,ok,,4,4,0.0,221,0,0.0
kern-bach-370-chorales-chor265,kern-bach-370-chorales-chor265--chor265,kern/bach-370-chorales,kern,ok,,4,4,0.0,255,0,0.1
kern-bach-370-chorales-chor266,kern-bach-370-chorales-chor266--chor266,kern/bach-370-chorales,kern,ok,,4,4,0.0,202,0,0.0
kern-bach-370-chorales-chor267,kern-bach-370-chorales-chor267--chor267,kern/bach-370-chorales,kern,ok,,4,4,0.0,233,0,0.0
kern-bach-370-chorales-chor268,kern-bach-370-chorales-chor268--chor268,kern/bach-370-chorales,kern,ok,,4,4,0.0,369,0,0.1
kern-bach-370-chorales-chor269,kern-bach-370-chorales-chor269--chor269,kern/bach-370-chorales,kern,ok,,4,4,0.0,235,0,0.0
kern-bach-370-chorales-chor270,kern-bach-370-chorales-chor270--chor270,kern/bach-370-chorales,kern,ok,,4,4,0.0,215,4,0.0
kern-bach-370-chorales-chor271,kern-bach-370-chorales-chor271--chor271,kern/bach-370-chorales,kern,ok,,4,4,0.0,253,8,0.0
kern-bach-370-chorales-chor272,kern-bach-370-chorales-chor272--chor272,kern/bach-370-chorales,kern,ok,,4,4,0.0,279,0,0.0
kern-bach-370-chorales-chor273,kern-bach-370-chorales-chor273--chor273,kern/bach-370-chorales,kern,ok,,4,4,0.0,247,0,0.0
kern-bach-370-chorales-chor274,kern-bach-370-chorales-chor274--chor274,kern/bach-370-chorales,kern,ok,,4,4,0.0,208,0,0.0
kern-bach-370-chorales-chor275,kern-bach-370-chorales-chor275--chor275,kern/bach-370-chorales,kern,ok,,4,4,0.0,199,0,0.1
kern-bach-370-chorales-chor276,kern-bach-370-chorales-chor276--chor276,kern/bach-370-chorales,kern,ok,,4,4,0.0,188,0,0.1
kern-bach-370-chorales-chor277,kern-bach-370-chorales-chor277--chor277,kern/bach-370-chorales,kern,ok,,4,4,0.0,405,0,0.0
kern-bach-370-chorales-chor278,kern-bach-370-chorales-chor278--chor278,kern/bach-370-chorales,kern,ok,,4,4,0.0,219,0,0.0
kern-bach-370-chorales-chor279,kern-bach-370-chorales-chor279--chor279,kern/bach-370-chorales,kern,ok,,4,4,0.0,156,0,0.0
kern-bach-370-chorales-chor280,kern-bach-370-chorales-chor280--chor280,kern/bach-370-chorales,kern,ok,,4,4,0.0,379,2,0.0
kern-bach-370-chorales-chor281,kern-bach-370-chorales-chor281--chor281,kern/bach-370-chorales,kern,ok,,4,4,0.0,193,0,0.0
kern-bach-370-chorales-chor282,kern-bach-370-chorales-chor282--chor282,kern/bach-370-chorales,kern,ok,,4,4,0.0,216,0,0.0
kern-bach-370-chorales-chor283,kern-bach-370-chorales-chor283--chor283,kern/bach-370-chorales,kern,ok,,4,4,0.0,283,18,0.0
kern-bach-370-chorales-chor284,kern-bach-370-chorales-chor284--chor284,kern/bach-370-chorales,kern,ok,,4,4,0.0,242,0,0.0
kern-bach-370-chorales-chor285,kern-bach-370-chorales-chor285--chor285,kern/bach-370-chorales,kern,ok,,4,4,0.0,202,0,0.0
kern-bach-370-chorales-chor286,kern-bach-370-chorales-chor286--chor286,kern/bach-370-chorales,kern,ok,,4,4,0.0,206,0,0.0
kern-bach-370-chorales-chor287,kern-bach-370-chorales-chor287--chor287,kern/bach-370-chorales,kern,ok,,4,4,0.0,149,0,0.0
kern-bach-370-chorales-chor288,kern-bach-370-chorales-chor288--chor288,kern/bach-370-chorales,kern,ok,,4,4,0.0,188,0,0.0
kern-bach-370-chorales-chor289,kern-bach-370-chorales-chor289--chor289,kern/bach-370-chorales,kern,ok,,4,4,0.0,213,4,0.1
kern-bach-370-chorales-chor290,kern-bach-370-chorales-chor290--chor290,kern/bach-370-chorales,kern,ok,,4,4,0.0,214,0,0.0
kern-bach-370-chorales-chor291,kern-bach-370-chorales-chor291--chor291,kern/bach-370-chorales,kern,ok,,4,4,0.0,239,0,0.0
kern-bach-370-chorales-chor292,kern-bach-370-chorales-chor292--chor292,kern/bach-370-chorales,kern,ok,,4,4,0.0,207,0,0.0
kern-bach-370-chorales-chor293,kern-bach-370-chorales-chor293--chor293,kern/bach-370-chorales,kern,ok,,4,4,0.0,170,0,0.0
kern-bach-370-chorales-chor294,kern-bach-370-chorales-chor294--chor294,kern/bach-370-chorales,kern,ok,,4,4,0.0,209,0,0.0
kern-bach-370-chorales-chor295,kern-bach-370-chorales-chor295--chor295,kern/bach-370-chorales,kern,ok,,4,4,0.0,156,0,0.0
kern-bach-370-chorales-chor296,kern-bach-370-chorales-chor296--chor296,kern/bach-370-chorales,kern,ok,,4,4,0.0,350,0,0.0
kern-bach-370-chorales-chor297,kern-bach-370-chorales-chor297--chor297,kern/bach-370-chorales,kern,ok,,4,4,0.0,282,0,0.0
kern-bach-370-chorales-chor298,kern-bach-370-chorales-chor298--chor298,kern/bach-370-chorales,kern,ok,,4,4,0.0,209,0,0.0
kern-bach-370-chorales-chor299,kern-bach-370-chorales-chor299--chor299,kern/bach-370-chorales,kern,ok,,4,4,0.0,259,0,0.0
kern-bach-370-chorales-chor300,kern-bach-370-chorales-chor300--chor300,kern/bach-370-chorales,kern,ok,,4,4,0.0,179,0,0.0
kern-bach-370-chorales-chor301,kern-bach-370-chorales-chor301--chor301,kern/bach-370-chorales,kern,ok,,4,4,0.0,209,0,0.0
kern-bach-370-chorales-chor302,kern-bach-370-chorales-chor302--chor302,kern/bach-370-chorales,kern,ok,,4,4,0.0,230,0,0.0
kern-bach-370-chorales-chor303,kern-bach-370-chorales-chor303--chor303,kern/bach-370-chorales,kern,ok,,4,4,0.0,156,0,0.0
kern-bach-370-chorales-chor304,kern-bach-370-chorales-chor304--chor304,kern/bach-370-chorales,kern,ok,,4,4,0.0,198,0,0.1
kern-bach-370-chorales-chor305,kern-bach-370-chorales-chor305--chor305,kern/bach-370-chorales,kern,ok,,4,4,0.0,236,0,0.0
kern-bach-370-chorales-chor306,kern-bach-370-chorales-chor306--chor306,kern/bach-370-chorales,kern,ok,,4,4,0.0,341,0,0.1
kern-bach-370-chorales-chor307,kern-bach-370-chorales-chor307--chor307,kern/bach-370-chorales,kern,ok,,4,4,0.0,311,0,0.0
kern-bach-370-chorales-chor308,kern-bach-370-chorales-chor308--chor308,kern/bach-370-chorales,kern,ok,,4,4,0.0,166,0,0.0
kern-bach-370-chorales-chor309,kern-bach-370-chorales-chor309--chor309,kern/bach-370-chorales,kern,ok,,4,4,0.0,332,0,0.0
kern-bach-370-chorales-chor310,kern-bach-370-chorales-chor310--chor310,kern/bach-370-chorales,kern,ok,,4,4,0.0,152,0,0.0
kern-bach-370-chorales-chor311,kern-bach-370-chorales-chor311--chor311,kern/bach-370-chorales,kern,ok,,4,4,0.0,202,0,0.0
kern-bach-370-chorales-chor312,kern-bach-370-chorales-chor312--chor312,kern/bach-370-chorales,kern,ok,,4,4,0.0,259,20,0.0
kern-bach-370-chorales-chor313,kern-bach-370-chorales-chor313--chor313,kern/bach-370-chorales,kern,ok,,4,4,0.0,209,0,0.0
kern-bach-370-chorales-chor314,kern-bach-370-chorales-chor314--chor314,kern/bach-370-chorales,kern,ok,,4,4,0.0,218,0,0.0
kern-bach-370-chorales-chor315,kern-bach-370-chorales-chor315--chor315,kern/bach-370-chorales,kern,ok,,4,4,0.0,196,0,0.0
kern-bach-370-chorales-chor316,kern-bach-370-chorales-chor316--chor316,kern/bach-370-chorales,kern,ok,,4,4,0.0,149,15,0.0
kern-bach-370-chorales-chor317,kern-bach-370-chorales-chor317--chor317,kern/bach-370-chorales,kern,ok,,4,4,0.0,200,0,0.0
kern-bach-370-chorales-chor318,kern-bach-370-chorales-chor318--chor318,kern/bach-370-chorales,kern,ok,,4,4,0.0,202,20,0.0
kern-bach-370-chorales-chor319,kern-bach-370-chorales-chor319--chor319,kern/bach-370-chorales,kern,ok,,4,4,0.0,285,8,0.0
kern-bach-370-chorales-chor320,kern-bach-370-chorales-chor320--chor320,kern/bach-370-chorales,kern,ok,,4,4,0.0,99,0,0.0
kern-bach-370-chorales-chor321,kern-bach-370-chorales-chor321--chor321,kern/bach-370-chorales,kern,ok,,4,4,0.0,204,0,0.0
kern-bach-370-chorales-chor322,kern-bach-370-chorales-chor322--chor322,kern/bach-370-chorales,kern,ok,,4,4,0.0,274,0,0.1
kern-bach-370-chorales-chor323,kern-bach-370-chorales-chor323--chor323,kern/bach-370-chorales,kern,ok,,4,4,0.0,250,4,0.0
kern-bach-370-chorales-chor324,kern-bach-370-chorales-chor324--chor324,kern/bach-370-chorales,kern,ok,,4,4,0.0,195,0,0.0
kern-bach-370-chorales-chor325,kern-bach-370-chorales-chor325--chor325,kern/bach-370-chorales,kern,ok,,4,4,0.0,202,0,0.0
kern-bach-370-chorales-chor326,kern-bach-370-chorales-chor326--chor326,kern/bach-370-chorales,kern,ok,,4,4,0.0,201,0,0.0
kern-bach-370-chorales-chor327,kern-bach-370-chorales-chor327--chor327,kern/bach-370-chorales,kern,ok,,4,4,0.0,249,0,0.0
kern-bach-370-chorales-chor328,kern-bach-370-chorales-chor328--chor328,kern/bach-370-chorales,kern,ok,,4,4,0.0,155,0,0.0
kern-bach-370-chorales-chor329,kern-bach-370-chorales-chor329--chor329,kern/bach-370-chorales,kern,ok,,4,4,0.0,227,0,0.1
kern-bach-370-chorales-chor330,kern-bach-370-chorales-chor330--chor330,kern/bach-370-chorales,kern,ok,,4,4,0.0,206,0,0.0
kern-bach-370-chorales-chor331,kern-bach-370-chorales-chor331--chor331,kern/bach-370-chorales,kern,ok,,4,4,0.0,195,0,0.0
kern-bach-370-chorales-chor332,kern-bach-370-chorales-chor332--chor332,kern/bach-370-chorales,kern,ok,,4,4,0.0,274,0,0.0
kern-bach-370-chorales-chor333,kern-bach-370-chorales-chor333--chor333,kern/bach-370-chorales,kern,ok,,4,4,0.0,295,4,0.0
kern-bach-370-chorales-chor334,kern-bach-370-chorales-chor334--chor334,kern/bach-370-chorales,kern,ok,,4,4,0.0,149,0,0.0
kern-bach-370-chorales-chor335,kern-bach-370-chorales-chor335--chor335,kern/bach-370-chorales,kern,ok,,4,4,0.0,214,0,0.0
kern-bach-370-chorales-chor336,kern-bach-370-chorales-chor336--chor336,kern/bach-370-chorales,kern,ok,,4,4,0.0,191,0,0.0
kern-bach-370-chorales-chor337,kern-bach-370-chorales-chor337--chor337,kern/bach-370-chorales,kern,ok,,4,4,0.0,275,0,0.0
kern-bach-370-chorales-chor338,kern-bach-370-chorales-chor338--chor338,kern/bach-370-chorales,kern,ok,,4,4,0.0,138,0,0.0
kern-bach-370-chorales-chor339,kern-bach-370-chorales-chor339--chor339,kern/bach-370-chorales,kern,ok,,4,4,0.0,178,0,0.1
kern-bach-370-chorales-chor340,kern-bach-370-chorales-chor340--chor340,kern/bach-370-chorales,kern,ok,,4,4,0.0,192,0,0.0
kern-bach-370-chorales-chor341,kern-bach-370-chorales-chor341--chor341,kern/bach-370-chorales,kern,ok,,4,4,0.0,304,0,0.0
kern-bach-370-chorales-chor342,kern-bach-370-chorales-chor342--chor342,kern/bach-370-chorales,kern,ok,,4,4,0.0,182,0,0.0
kern-bach-370-chorales-chor343,kern-bach-370-chorales-chor343--chor343,kern/bach-370-chorales,kern,ok,,4,4,0.0,261,0,0.0
kern-bach-370-chorales-chor344,kern-bach-370-chorales-chor344--chor344,kern/bach-370-chorales,kern,ok,,4,4,0.0,178,0,0.0
kern-bach-370-chorales-chor345,kern-bach-370-chorales-chor345--chor345,kern/bach-370-chorales,kern,ok,,4,4,0.0,219,0,0.0
kern-bach-370-chorales-chor346,kern-bach-370-chorales-chor346--chor346,kern/bach-370-chorales,kern,ok,,4,4,0.0,268,0,0.0
kern-bach-370-chorales-chor347,kern-bach-370-chorales-chor347--chor347,kern/bach-370-chorales,kern,ok,,4,4,0.0,199,0,0.0
kern-bach-370-chorales-chor348,kern-bach-370-chorales-chor348--chor348,kern/bach-370-chorales,kern,ok,,4,4,0.0,224,0,0.0
kern-bach-370-chorales-chor349,kern-bach-370-chorales-chor349--chor349,kern/bach-370-chorales,kern,ok,,4,4,0.0,247,0,0.0
kern-bach-370-chorales-chor350,kern-bach-370-chorales-chor350--chor350,kern/bach-370-chorales,kern,ok,,4,4,0.0,199,0,0.0
kern-bach-370-chorales-chor351,kern-bach-370-chorales-chor351--chor351,kern/bach-370-chorales,kern,ok,,4,4,0.0,296,0,0.0
kern-bach-370-chorales-chor352,kern-bach-370-chorales-chor352--chor352,kern/bach-370-chorales,kern,ok,,4,4,0.0,321,4,0.0
kern-bach-370-chorales-chor353,kern-bach-370-chorales-chor353--chor353,kern/bach-370-chorales,kern,ok,,4,4,0.0,212,0,0.0
kern-bach-370-chorales-chor354,kern-bach-370-chorales-chor354--chor354,kern/bach-370-chorales,kern,ok,,4,4,0.0,205,0,0.0
kern-bach-370-chorales-chor355,kern-bach-370-chorales-chor355--chor355,kern/bach-370-chorales,kern,ok,,4,4,0.0,208,0,0.0
kern-bach-370-chorales-chor356,kern-bach-370-chorales-chor356--chor356,kern/bach-370-chorales,kern,ok,,4,4,0.0,201,0,0.0
kern-bach-370-chorales-chor357,kern-bach-370-chorales-chor357--chor357,kern/bach-370-chorales,kern,ok,,4,4,0.0,215,0,0.0
kern-bach-370-chorales-chor358,kern-bach-370-chorales-chor358--chor358,kern/bach-370-chorales,kern,ok,,4,4,0.0,203,2,0.0
kern-bach-370-chorales-chor359,kern-bach-370-chorales-chor359--chor359,kern/bach-370-chorales,kern,ok,,4,4,0.0,295,20,0.0
kern-bach-370-chorales-chor360,kern-bach-370-chorales-chor360--chor360,kern/bach-370-chorales,kern,ok,,4,4,0.0,238,0,0.0
kern-bach-370-chorales-chor361,kern-bach-370-chorales-chor361--chor361,kern/bach-370-chorales,kern,ok,,4,4,0.0,241,0,0.0
kern-bach-370-chorales-chor362,kern-bach-370-chorales-chor362--chor362,kern/bach-370-chorales,kern,ok,,4,4,0.0,208,0,0.0
kern-bach-370-chorales-chor363,kern-bach-370-chorales-chor363--chor363,kern/bach-370-chorales,kern,ok,,4,4,0.0,211,0,0.0
kern-bach-370-chorales-chor364,kern-bach-370-chorales-chor364--chor364,kern/bach-370-chorales,kern,ok,,4,4,0.0,238,0,0.1
kern-bach-370-chorales-chor365,kern-bach-370-chorales-chor365--chor365,kern/bach-370-chorales,kern,ok,,4,4,0.0,205,0,0.0
kern-bach-370-chorales-chor366,kern-bach-370-chorales-chor366--chor366,kern/bach-370-chorales,kern,ok,,4,4,0.0,243,4,0.0
kern-bach-370-chorales-chor367,kern-bach-370-chorales-chor367--chor367,kern/bach-370-chorales,kern,ok,,4,4,0.0,201,0,0.0
kern-bach-370-chorales-chor368,kern-bach-370-chorales-chor368--chor368,kern/bach-370-chorales,kern,ok,,4,4,0.0,193,0,0.0
kern-bach-370-chorales-chor369,kern-bach-370-chorales-chor369--chor369,kern/bach-370-chorales,kern,ok,,4,4,0.0,235,0,0.0
kern-bach-370-chorales-chor370,kern-bach-370-chorales-chor370--chor370,kern/bach-370-chorales,kern,ok,,4,4,0.0,256,0,0.0
kern-bach-370-chorales-chor371,kern-bach-370-chorales-chor371--chor371,kern/bach-370-chorales,kern,ok,,4,4,0.0,248,4,0.1
kern-bach-musical-offering-offering,kern-bach-musical-offering-offering--offering-001,kern/bach-musical-offering,kern,ok,,3,3,0.0,2320,209,0.4
kern-bach-musical-offering-offering,kern-bach-musical-offering-offering--offering-002,kern/bach-musical-offering,kern,ok,,6,6,0.0,2692,391,0.3
kern-bach-musical-offering-offering-013a,kern-bach-musical-offering-offering-013a--offering-013a,kern/bach-musical-offering,kern,ok,,3,3,0.0,888,49,0.1
kern-bach-musical-offering-offering-013b,kern-bach-musical-offering-offering-013b--offering-013b,kern/bach-musical-offering,kern,ok,,3,3,0.0,2449,128,0.6
kern-bach-musical-offering-offering-013c,kern-bach-musical-offering-offering-013c--offering-013c,kern/bach-musical-offering,kern,ok,,3,3,0.0,762,156,0.1
kern-bach-musical-offering-offering-013d,kern-bach-musical-offering-offering-013d--offering-013d,kern/bach-musical-offering,kern,ok,,3,3,0.0,1741,107,0.3
kern-bach-wtc-wtc1-01,kern-bach-wtc-wtc1-01--wtc1f01,kern/bach-wtc,kern,ok,,4,4,0.0,739,61,0.1
kern-bach-wtc-wtc1-01,kern-bach-wtc-wtc1-01--wtc1p01,kern/bach-wtc,kern,ok,,1,1,0.0,67,0,0.0
kern-bach-wtc-wtc1-02,kern-bach-wtc-wtc1-02--wtc1f02,kern/bach-wtc,kern,ok,,3,3,0.0,747,66,0.1
kern-bach-wtc-wtc1-02,kern-bach-wtc-wtc1-02--wtc1p02,kern/bach-wtc,kern,ok,,1,1,0.0,1012,9,0.1
kern-bach-wtc-wtc1-03,kern-bach-wtc-wtc1-03--wtc1f03,kern/bach-wtc,kern,ok,,3,3,0.0,1414,102,0.2
kern-bach-wtc-wtc1-03,kern-bach-wtc-wtc1-03--wtc1p03,kern/bach-wtc,kern,ok,,1,1,0.0,805,73,0.1
kern-bach-wtc-wtc1-04,kern-bach-wtc-wtc1-04--wtc1f04,kern/bach-wtc,kern,ok,,5,5,0.0,1326,190,0.2
kern-bach-wtc-wtc1-04,kern-bach-wtc-wtc1-04--wtc1p04,kern/bach-wtc,kern,ok,,4,4,0.0,673,69,0.1
kern-bach-wtc-wtc1-05,kern-bach-wtc-wtc1-05--wtc1f05,kern/bach-wtc,kern,ok,,4,4,0.0,779,60,0.1
kern-bach-wtc-wtc1-05,kern-bach-wtc-wtc1-05--wtc1p05,kern/bach-wtc,kern,ok,,1,1,0.0,587,117,0.1
kern-bach-wtc-wtc1-06,kern-bach-wtc-wtc1-06--wtc1f06,kern/bach-wtc,kern,ok,,3,3,0.0,706,43,0.1
kern-bach-wtc-wtc1-06,kern-bach-wtc-wtc1-06--wtc1p06,kern/bach-wtc,kern,ok,,1,1,0.0,612,10,0.2
kern-bach-wtc-wtc1-07,kern-bach-wtc-wtc1-07--wtc1f07,kern/bach-wtc,kern,ok,,3,3,0.0,900,79,0.1
kern-bach-wtc-wtc1-07,kern-bach-wtc-wtc1-07--wtc1p07,kern/bach-wtc,kern,ok,,1,1,0.0,303,22,0.2
kern-bach-wtc-wtc1-08,kern-bach-wtc-wtc1-08--wtc1f08,kern/bach-wtc,kern,ok,,3,3,0.0,1385,28,0.2
kern-bach-wtc-wtc1-08,kern-bach-wtc-wtc1-08--wtc1p08,kern/bach-wtc,kern,ok,,1,1,0.0,244,37,0.0
kern-bach-wtc-wtc1-09,kern-bach-wtc-wtc1-09--wtc1f09,kern/bach-wtc,kern,ok,,3,3,0.0,733,52,0.1
kern-bach-wtc-wtc1-09,kern-bach-wtc-wtc1-09--wtc1p09,kern/bach-wtc,kern,ok,,1,1,0.0,125,3,0.0
kern-bach-wtc-wtc1-10,kern-bach-wtc-wtc1-10--wtc1f10,kern/bach-wtc,kern,ok,,2,2,0.0,810,24,0.1
kern-bach-wtc-wtc1-10,kern-bach-wtc-wtc1-10--wtc1p10,kern/bach-wtc,kern,ok,,1,1,0.0,742,8,0.2
kern-bach-wtc-wtc1-11,kern-bach-wtc-wtc1-11--wtc1f11,kern/bach-wtc,kern,ok,,3,3,0.0,670,58,0.1
kern-bach-wtc-wtc1-11,kern-bach-wtc-wtc1-11--wtc1p11,kern/bach-wtc,kern,ok,,2,2,0.0,573,11,0.0
kern-bach-wtc-wtc1-12,kern-bach-wtc-wtc1-12--wtc1f12,kern/bach-wtc,kern,ok,,4,4,0.0,1319,161,0.2
kern-bach-wtc-wtc1-12,kern-bach-wtc-wtc1-12--wtc1p12,kern/bach-wtc,kern,ok,,1,1,0.0,86,1,0.0
kern-bach-wtc-wtc1-13,kern-bach-wtc-wtc1-13--wtc1f13,kern/bach-wtc,kern,ok,,3,3,0.0,858,58,0.1
kern-bach-wtc-wtc1-13,kern-bach-wtc-wtc1-13--wtc1p13,kern/bach-wtc,kern,ok,,1,1,0.0,414,5,0.0
kern-bach-wtc-wtc1-14,kern-bach-wtc-wtc1-14--wtc1f14,kern/bach-wtc,kern,ok,,4,4,0.0,811,54,0.1
kern-bach-wtc-wtc1-14,kern-bach-wtc-wtc1-14--wtc1p14,kern/bach-wtc,kern,ok,,1,1,0.0,440,13,0.0
kern-bach-wtc-wtc1-15,kern-bach-wtc-wtc1-15--wtc1f15,kern/bach-wtc,kern,ok,,3,3,0.0,1702,115,0.2
kern-bach-wtc-wtc1-15,kern-bach-wtc-wtc1-15--wtc1p15,kern/bach-wtc,kern,ok,,1,1,0.0,608,16,0.1
kern-bach-wtc-wtc1-16,kern-bach-wtc-wtc1-16--wtc1f16,kern/bach-wtc,kern,ok,,4,4,0.0,754,102,0.1
kern-bach-wtc-wtc1-16,kern-bach-wtc-wtc1-16--wtc1p16,kern/bach-wtc,kern,ok,,1,1,0.0,134,4,0.0
kern-bach-wtc-wtc1-17,kern-bach-wtc-wtc1-17--wtc1f17,kern/bach-wtc,kern,ok,,4,4,0.0,891,88,0.1
kern-bach-wtc-wtc1-17,kern-bach-wtc-wtc1-17--wtc1p17,kern/bach-wtc,kern,ok,,1,1,0.0,541,27,0.1
kern-bach-wtc-wtc1-18,kern-bach-wtc-wtc1-18--wtc1f18,kern/bach-wtc,kern,ok,,4,4,0.0,805,136,0.1
kern-bach-wtc-wtc1-18,kern-bach-wtc-wtc1-18--wtc1p18,kern/bach-wtc,kern,ok,,1,1,0.0,220,4,0.1
kern-bach-wtc-wtc1-19,kern-bach-wtc-wtc1-19--wtc1f19,kern/bach-wtc,kern,ok,,3,3,0.0,1182,102,0.2
kern-bach-wtc-wtc1-19,kern-bach-wtc-wtc1-19--wtc1p19,kern/bach-wtc,kern,ok,,1,1,0.0,210,18,0.0
kern-bach-wtc-wtc1-20,kern-bach-wtc-wtc1-20--wtc1f20,kern/bach-wtc,kern,ok,,4,4,0.0,2401,230,0.3
kern-bach-wtc-wtc1-20,kern-bach-wtc-wtc1-20--wtc1p20,kern/bach-wtc,kern,ok,,1,1,0.0,286,11,0.0
kern-bach-wtc-wtc1-21,kern-bach-wtc-wtc1-21--wtc1f21,kern/bach-wtc,kern,ok,,3,3,0.0,952,101,0.1
kern-bach-wtc-wtc1-21,kern-bach-wtc-wtc1-21--wtc1p21,kern/bach-wtc,kern,ok,,1,1,0.0,325,63,0.0
kern-bach-wtc-wtc1-22,kern-bach-wtc-wtc1-22--wtc1f22,kern/bach-wtc,kern,ok,,5,5,0.0,745,115,0.1
kern-bach-wtc-wtc1-22,kern-bach-wtc-wtc1-22--wtc1p22,kern/bach-wtc,kern,ok,,1,1,0.0,195,6,0.1
kern-bach-wtc-wtc1-23,kern-bach-wtc-wtc1-23--wtc1f23,kern/bach-wtc,kern,ok,,4,4,0.0,827,84,0.1
kern-bach-wtc-wtc1-23,kern-bach-wtc-wtc1-23--wtc1p23,kern/bach-wtc,kern,ok,,1,1,0.0,143,0,0.0
kern-bach-wtc-wtc1-24,kern-bach-wtc-wtc1-24--wtc1f24,kern/bach-wtc,kern,ok,,4,4,0.0,1810,161,0.2
kern-bach-wtc-wtc1-24,kern-bach-wtc-wtc1-24--wtc1p24,kern/bach-wtc,kern,ok,,1,1,0.0,348,0,0.0
kern-bach-wtc-wtc2-01,kern-bach-wtc-wtc2-01--wtc2f01,kern/bach-wtc,kern,ok,,3,3,0.0,1034,61,0.2
kern-bach-wtc-wtc2-01,kern-bach-wtc-wtc2-01--wtc2p01,kern/bach-wtc,kern,ok,,1,1,0.0,196,7,0.1
kern-bach-wtc-wtc2-02,kern-bach-wtc-wtc2-02--wtc2f02,kern/bach-wtc,kern,ok,,4,4,0.0,660,89,0.1
kern-bach-wtc-wtc2-02,kern-bach-wtc-wtc2-02--wtc2p02,kern/bach-wtc,kern,ok,,1,1,0.0,455,14,0.1
kern-bach-wtc-wtc2-03,kern-bach-wtc-wtc2-03--wtc2f03,kern/bach-wtc,kern,ok,,3,3,0.0,856,138,0.1
kern-bach-wtc-wtc2-03,kern-bach-wtc-wtc2-03--wtc2p03,kern/bach-wtc,kern,ok,,1,1,0.0,133,55,0.1
kern-bach-wtc-wtc2-04,kern-bach-wtc-wtc2-04--wtc2f04,kern/bach-wtc,kern,ok,,3,3,0.0,1353,70,0.1
kern-bach-wtc-wtc2-04,kern-bach-wtc-wtc2-04--wtc2p04,kern/bach-wtc,kern,ok,,1,1,0.0,486,7,0.1
kern-bach-wtc-wtc2-05,kern-bach-wtc-wtc2-05--wtc2f05,kern/bach-wtc,kern,ok,,4,4,0.0,880,124,0.1
kern-bach-wtc-wtc2-05,kern-bach-wtc-wtc2-05--wtc2p05,kern/bach-wtc,kern,ok,,2,2,0.0,1514,169,0.3
kern-bach-wtc-wtc2-06,kern-bach-wtc-wtc2-06--wtc2f06,kern/bach-wtc,kern,ok,,3,3,0.0,811,40,0.1
kern-bach-wtc-wtc2-06,kern-bach-wtc-wtc2-06--wtc2p06,kern/bach-wtc,kern,ok,,1,1,0.0,1079,28,0.2
kern-bach-wtc-wtc2-07,kern-bach-wtc-wtc2-07--wtc2f07,kern/bach-wtc,kern,ok,,4,4,0.0,707,95,0.1
kern-bach-wtc-wtc2-07,kern-bach-wtc-wtc2-07--wtc2p07,kern/bach-wtc,kern,ok,,2,2,0.0,909,364,0.2
kern-bach-wtc-wtc2-08,kern-bach-wtc-wtc2-08--wtc2f08,kern/bach-wtc,kern,ok,,4,4,0.0,1027,88,0.2
kern-bach-wtc-wtc2-08,kern-bach-wtc-wtc2-08--wtc2p08,kern/bach-wtc,kern,ok,,1,1,0.0,969,7,0.1
kern-bach-wtc-wtc2-09,kern-bach-wtc-wtc2-09--wtc2f09,kern/bach-wtc,kern,ok,,4,4,0.0,750,49,0.1
kern-bach-wtc-wtc2-09,kern-bach-wtc-wtc2-09--wtc2p09,kern/bach-wtc,kern,ok,,1,1,0.0,286,12,0.1
kern-bach-wtc-wtc2-10,kern-bach-wtc-wtc2-10--wtc2f10,kern/bach-wtc,kern,ok,,3,3,0.0,1439,96,0.4
kern-bach-wtc-wtc2-10,kern-bach-wtc-wtc2-10--wtc2p10,kern/bach-wtc,kern,ok,,1,1,0.0,981,16,0.1
kern-bach-wtc-wtc2-11,kern-bach-wtc-wtc2-11--wtc2f11,kern/bach-wtc,kern,ok,,3,3,0.0,972,92,0.1
kern-bach-wtc-wtc2-11,kern-bach-wtc-wtc2-11--wtc2p11,kern/bach-wtc,kern,ok,,2,2,0.0,849,73,0.2
kern-bach-wtc-wtc2-12,kern-bach-wtc-wtc2-12--wtc2f12,kern/bach-wtc,kern,ok,,3,3,0.0,1119,73,0.1
kern-bach-wtc-wtc2-12,kern-bach-wtc-wtc2-12--wtc2p12,kern/bach-wtc,kern,ok,,2,2,0.0,721,152,0.1
kern-bach-wtc-wtc2-13,kern-bach-wtc-wtc2-13--wtc2f13,kern/bach-wtc,kern,ok,,3,3,0.0,1123,86,0.1
kern-bach-wtc-wtc2-13,kern-bach-wtc-wtc2-13--wtc2p13,kern/bach-wtc,kern,ok,,2,2,0.0,1303,37,0.2
kern-bach-wtc-wtc2-14,kern-bach-wtc-wtc2-14--wtc2f14,kern/bach-wtc,kern,ok,,3,3,0.0,1400,95,0.2
kern-bach-wtc-wtc2-14,kern-bach-wtc-wtc2-14--wtc2p14,kern/bach-wtc,kern,ok,,2,2,0.0,919,49,0.1
kern-bach-wtc-wtc2-15,kern-bach-wtc-wtc2-15--wtc2f15,kern/bach-wtc,kern,ok,,3,3,0.0,689,94,0.1
kern-bach-wtc-wtc2-15,kern-bach-wtc-wtc2-15--wtc2p15,kern/bach-wtc,kern,ok,,1,1,0.0,756,5,0.1
kern-bach-wtc-wtc2-16,kern-bach-wtc-wtc2-16--wtc2f16,kern/bach-wtc,kern,ok,,4,4,0.0,1662,269,0.2
kern-bach-wtc-wtc2-16,kern-bach-wtc-wtc2-16--wtc2p16,kern/bach-wtc,kern,ok,,1,1,0.0,89,4,0.0
kern-bach-wtc-wtc2-17,kern-bach-wtc-wtc2-17--wtc2f17,kern/bach-wtc,kern,ok,,4,4,0.0,1356,132,0.2
kern-bach-wtc-wtc2-17,kern-bach-wtc-wtc2-17--wtc2p17,kern/bach-wtc,kern,ok,,2,2,0.0,1566,111,0.2
kern-bach-wtc-wtc2-18,kern-bach-wtc-wtc2-18--wtc2f18,kern/bach-wtc,kern,ok,,3,3,0.0,1529,93,0.2
kern-bach-wtc-wtc2-18,kern-bach-wtc-wtc2-18--wtc2p18,kern/bach-wtc,kern,ok,,1,1,0.0,981,54,0.2
kern-bach-wtc-wtc2-19,kern-bach-wtc-wtc2-19--wtc2f19,kern/bach-wtc,kern,ok,,3,3,0.0,754,43,0.1
kern-bach-wtc-wtc2-19,kern-bach-wtc-wtc2-19--wtc2p19,kern/bach-wtc,kern,ok,,1,1,0.0,240,14,0.0
kern-bach-wtc-wtc2-20,kern-bach-wtc-wtc2-20--wtc2f20,kern/bach-wtc,kern,ok,,3,3,0.0,734,104,0.1
kern-bach-wtc-wtc2-20,kern-bach-wtc-wtc2-20--wtc2p20,kern/bach-wtc,kern,ok,,1,1,0.0,808,6,0.1
kern-bach-wtc-wtc2-21,kern-bach-wtc-wtc2-21--wtc2f21,kern/bach-wtc,kern,ok,,3,3,0.0,962,55,0.2
kern-bach-wtc-wtc2-21,kern-bach-wtc-wtc2-21--wtc2p21,kern/bach-wtc,kern,ok,,2,2,0.0,1796,92,0.2
kern-bach-wtc-wtc2-22,kern-bach-wtc-wtc2-22--wtc2f22,kern/bach-wtc,kern,ok,,4,4,0.0,1752,292,0.2
kern-bach-wtc-wtc2-22,kern-bach-wtc-wtc2-22--wtc2p22,kern/bach-wtc,kern,ok,,1,1,0.0,486,11,0.1
kern-bach-wtc-wtc2-23,kern-bach-wtc-wtc2-23--wtc2f23,kern/bach-wtc,kern,ok,,4,4,0.0,1319,139,0.2
kern-bach-wtc-wtc2-23,kern-bach-wtc-wtc2-23--wtc2p23,kern/bach-wtc,kern,ok,,1,1,0.0,615,59,0.1
kern-bach-wtc-wtc2-24,kern-bach-wtc-wtc2-24--wtc2f24,kern/bach-wtc,kern,ok,,3,3,0.0,983,82,0.1
kern-bach-wtc-wtc2-24,kern-bach-wtc-wtc2-24--wtc2p24,kern/bach-wtc,kern,ok,,1,1,0.0,834,24,0.1
kern-beethoven-piano-sonatas-sonata22,kern-beethoven-piano-sonatas-sonata22--sonata22-1,kern/beethoven-piano-sonatas,kern,ok,,2,2,0.0,2059,279,0.6
kern-beethoven-piano-sonatas-sonata22,kern-beethoven-piano-sonatas-sonata22--sonata22-2,kern/beethoven-piano-sonatas,kern,ok,,2,2,0.0,2375,95,0.4
kern-beethoven-piano-sonatas-sonata25,kern-beethoven-piano-sonatas-sonata25--sonata25-1,kern/beethoven-piano-sonatas,kern,ok,,2,2,0.0,1683,82,0.3
kern-beethoven-piano-sonatas-sonata25,kern-beethoven-piano-sonatas-sonata25--sonata25-2,kern/beethoven-piano-sonatas,kern,ok,,2,2,0.0,653,25,0.1
kern-beethoven-piano-sonatas-sonata25,kern-beethoven-piano-sonatas-sonata25--sonata25-3,kern/beethoven-piano-sonatas,kern,ok,,2,2,0.0,1136,82,0.2
kern-beethoven-piano-sonatas-sonata27,kern-beethoven-piano-sonatas-sonata27--sonata27-1,kern/beethoven-piano-sonatas,kern,ok,,2,2,0.0,1715,318,0.4
kern-beethoven-piano-sonatas-sonata27,kern-beethoven-piano-sonatas-sonata27--sonata27-2,kern/beethoven-piano-sonatas,kern,ok,,2,2,0.0,3326,139,0.8
kern-beethoven-piano-sonatas-sonata28,kern-beethoven-piano-sonatas-sonata28--sonata28-1,kern/beethoven-piano-sonatas,kern,ok,,2,2,0.0,823,98,0.2
kern-beethoven-piano-sonatas-sonata28,kern-beethoven-piano-sonatas-sonata28--sonata28-2,kern/beethoven-piano-sonatas,kern,ok,,2,2,0.0,1271,228,0.3
kern-beethoven-piano-sonatas-sonata28,kern-beethoven-piano-sonatas-sonata28--sonata28-3,kern/beethoven-piano-sonatas,kern,ok,,2,2,0.0,406,52,0.1
kern-beethoven-piano-sonatas-sonata28,kern-beethoven-piano-sonatas-sonata28--sonata28-4,kern/beethoven-piano-sonatas,kern,ok,,2,2,0.0,3218,401,0.8
kern-beethoven-string-quartets-quartet01,kern-beethoven-string-quartets-quartet01--quartet01-1,kern/beethoven-string-quartets,kern,ok,,4,4,0.0,3921,539,1.0
kern-beethoven-string-quartets-quartet01,kern-beethoven-string-quartets-quartet01--quartet01-2,kern/beethoven-string-quartets,kern,ok,,4,4,0.0,2853,605,0.6
kern-beethoven-string-quartets-quartet01,kern-beethoven-string-quartets-quartet01--quartet01-3,kern/beethoven-string-quartets,kern,ok,,4,4,0.0,1158,243,0.3
kern-beethoven-string-quartets-quartet01,kern-beethoven-string-quartets-quartet01--quartet01-4,kern/beethoven-string-quartets,kern,ok,,4,4,0.0,5387,817,1.8
kern-beethoven-string-quartets-quartet02,kern-beethoven-string-quartets-quartet02--quartet02-1,kern/beethoven-string-quartets,kern,ok,,4,4,0.0,3164,715,0.8
kern-beethoven-string-quartets-quartet02,kern-beethoven-string-quartets-quartet02--quartet02-2,kern/beethoven-string-quartets,kern,ok,,4,4,0.0,1701,243,0.3
kern-beethoven-string-quartets-quartet02,kern-beethoven-string-quartets-quartet02--quartet02-3,kern/beethoven-string-quartets,kern,ok,,4,4,0.0,1237,304,0.2
kern-beethoven-string-quartets-quartet02,kern-beethoven-string-quartets-quartet02--quartet02-4,kern/beethoven-string-quartets,kern,ok,,4,4,0.0,3952,464,1.2
kern-beethoven-string-quartets-quartet03,kern-beethoven-string-quartets-quartet03--quartet03-1,kern/beethoven-string-quartets,kern,ok,,4,4,0.0,3027,552,1.0
kern-beethoven-string-quartets-quartet03,kern-beethoven-string-quartets-quartet03--quartet03-2,kern/beethoven-string-quartets,kern,ok,,4,4,0.0,2819,388,0.6
kern-beethoven-string-quartets-quartet03,kern-beethoven-string-quartets-quartet03--quartet03-3,kern/beethoven-string-quartets,kern,ok,,4,4,0.0,1142,265,0.3
kern-beethoven-string-quartets-quartet03,kern-beethoven-string-quartets-quartet03--quartet03-4,kern/beethoven-string-quartets,kern,ok,,4,4,0.0,4256,1117,1.3
kern-beethoven-string-quartets-quartet04,kern-beethoven-string-quartets-quartet04--quartet04-1,kern/beethoven-string-quartets,kern,ok,,4,4,0.0,4112,500,0.9
kern-beethoven-string-quartets-quartet04,kern-beethoven-string-quartets-quartet04--quartet04-2,kern/beethoven-string-quartets,kern,ok,,4,4,0.0,2960,486,0.7
kern-beethoven-string-quartets-quartet04,kern-beethoven-string-quartets-quartet04--quartet04-3,kern/beethoven-string-quartets,kern,ok,,4,4,0.0,973,213,0.3
kern-beethoven-string-quartets-quartet04,kern-beethoven-string-quartets-quartet04--quartet04-4,kern/beethoven-string-quartets,kern,ok,,4,4,0.0,2892,596,0.7
kern-beethoven-string-quartets-quartet05,kern-beethoven-string-quartets-quartet05--quartet05-1,kern/beethoven-string-quartets,kern,ok,,4,4,0.0,3053,934,0.8
kern-beethoven-string-quartets-quartet05,kern-beethoven-string-quartets-quartet05--quartet05-2,kern/beethoven-string-quartets,kern,ok,,4,4,0.0,802,254,0.2
kern-beethoven-string-quartets-quartet05,kern-beethoven-string-quartets-quartet05--quartet05-3,kern/beethoven-string-quartets,kern,ok,,4,4,0.0,2603,241,0.6
kern-beethoven-string-quartets-quartet05,kern-beethoven-string-quartets-quartet05--quartet05-4,kern/beethoven-string-quartets,kern,ok,,4,4,0.0,3505,661,0.9
kern-beethoven-string-quartets-quartet06,kern-beethoven-string-quartets-quartet06--quartet06-1,kern/beethoven-string-quartets,kern,ok,,4,4,0.0,3605,674,0.8
kern-beethoven-string-quartets-quartet06,kern-beethoven-string-quartets-quartet06--quartet06-2,kern/beethoven-string-quartets,kern,ok,,4,4,0.0,1850,493,0.4
kern-beethoven-string-quartets-quartet06,kern-beethoven-string-quartets-quartet06--quartet06-3,kern/beethoven-string-quartets,kern,ok,,4,4,0.0,982,187,0.2
kern-beethoven-string-quartets-quartet07,kern-beethoven-string-quartets-quartet07--quartet07-1,kern/beethoven-string-quartets,kern,ok,,4,4,0.0,5423,738,1.9
kern-beethoven-string-quartets-quartet07,kern-beethoven-string-quartets-quartet07--quartet07-2,kern/beethoven-string-quartets,kern,ok,,4,4,0.0,6023,781,2.1
kern-beethoven-string-quartets-quartet07,kern-beethoven-string-quartets-quartet07--quartet07-3,kern/beethoven-string-quartets,kern,ok,,4,4,0.0,3732,362,0.9
kern-beethoven-string-quartets-quartet07,kern-beethoven-string-quartets-quartet07--quartet07-4,kern/beethoven-string-quartets,kern,ok,,4,4,0.0,5177,451,1.2
kern-beethoven-string-quartets-quartet08,kern-beethoven-string-quartets-quartet08--quartet08-1,kern/beethoven-string-quartets,kern,ok,,4,4,0.0,4824,758,1.1
kern-beethoven-string-quartets-quartet08,kern-beethoven-string-quartets-quartet08--quartet08-2,kern/beethoven-string-quartets,kern,ok,,4,4,0.0,2759,332,0.7
kern-beethoven-string-quartets-quartet08,kern-beethoven-string-quartets-quartet08--quartet08-3,kern/beethoven-string-quartets,kern,ok,,4,4,0.0,1539,505,0.5
kern-beethoven-string-quartets-quartet08,kern-beethoven-string-quartets-quartet08--quartet08-4,kern/beethoven-string-quartets,kern,ok,,4,4,0.0,4753,1898,1.6
kern-beethoven-string-quartets-quartet09,kern-beethoven-string-quartets-quartet09--quartet09-1,kern/beethoven-string-quartets,kern,ok,,4,4,0.0,4128,875,1.2
kern-beethoven-string-quartets-quartet09,kern-beethoven-string-quartets-quartet09--quartet09-2,kern/beethoven-string-quartets,kern,ok,,4,4,0.0,2993,637,0.8
kern-beethoven-string-quartets-quartet09,kern-beethoven-string-quartets-quartet09--quartet09-3,kern/beethoven-string-quartets,kern,ok,,4,4,0.0,1605,208,0.3
kern-beethoven-string-quartets-quartet09,kern-beethoven-string-quartets-quartet09--quartet09-4,kern/beethoven-string-quartets,kern,ok,,4,4,0.0,6556,975,1.8
kern-beethoven-string-quartets-quartet10,kern-beethoven-string-quartets-quartet10--quartet10-1,kern/beethoven-string-quartets,kern,ok,,4,4,0.0,4613,622,1.1
kern-beethoven-string-quartets-quartet10,kern-beethoven-string-quartets-quartet10--quartet10-2,kern/beethoven-string-quartets,kern,ok,,4,4,0.0,2345,326,0.7
kern-beethoven-string-quartets-quartet10,kern-beethoven-string-quartets-quartet10--quartet10-3,kern/beethoven-string-quartets,kern,ok,,4,4,0.0,4693,833,1.6
kern-beethoven-string-quartets-quartet10,kern-beethoven-string-quartets-quartet10--quartet10-4,kern/beethoven-string-quartets,kern,ok,,4,4,0.0,2818,367,0.8
kern-beethoven-string-quartets-quartet11,kern-beethoven-string-quartets-quartet11--quartet11-1,kern/beethoven-string-quartets,kern,ok,,4,4,0.0,3182,297,0.7
kern-beethoven-string-quartets-quartet11,kern-beethoven-string-quartets-quartet11--quartet11-2,kern/beethoven-string-quartets,kern,ok,,4,4,0.0,2101,415,0.5
kern-beethoven-string-quartets-quartet11,kern-beethoven-string-quartets-quartet11--quartet11-3,kern/beethoven-string-quartets,kern,ok,,4,4,0.0,2272,908,0.6
kern-beethoven-string-quartets-quartet11,kern-beethoven-string-quartets-quartet11--quartet11-4,kern/beethoven-string-quartets,kern,ok,,4,4,0.0,3530,567,0.6
kern-beethoven-string-quartets-quartet13,kern-beethoven-string-quartets-quartet13--quartet13-1,kern/beethoven-string-quartets,kern,ok,,4,4,0.0,5395,642,0.9
kern-beethoven-string-quartets-quartet13,kern-beethoven-string-quartets-quartet13--quartet13-2,kern/beethoven-string-quartets,kern,ok,,4,4,0.0,1384,425,0.3
kern-beethoven-string-quartets-quartet13,kern-beethoven-string-quartets-quartet13--quartet13-3,kern/beethoven-string-quartets,kern,ok,,4,4,0.0,3571,416,0.6
kern-beethoven-string-quartets-quartet13,kern-beethoven-string-quartets-quartet13--quartet13-4,kern/beethoven-string-quartets,kern,ok,,4,4,0.0,1751,178,0.3
kern-beethoven-string-quartets-quartet13,kern-beethoven-string-quartets-quartet13--quartet13-5,kern/beethoven-string-quartets,kern,ok,,4,4,0.0,1145,81,0.2
kern-beethoven-string-quartets-quartet13,kern-beethoven-string-quartets-quartet13--quartet13-6,kern/beethoven-string-quartets,kern,ok,,4,4,0.0,6881,551,1.9
kern-beethoven-string-quartets-quartet14,kern-beethoven-string-quartets-quartet14--quartet14-1,kern/beethoven-string-quartets,kern,ok,,4,4,0.0,1394,122,0.2
kern-beethoven-string-quartets-quartet14,kern-beethoven-string-quartets-quartet14--quartet14-2,kern/beethoven-string-quartets,kern,ok,,4,4,0.0,2095,509,0.4
kern-beethoven-string-quartets-quartet14,kern-beethoven-string-quartets-quartet14--quartet14-3,kern/beethoven-string-quartets,kern,ok,,4,4,0.0,166,68,0.0
kern-beethoven-string-quartets-quartet14,kern-beethoven-string-quartets-quartet14--quartet14-4,kern/beethoven-string-quartets,kern,ok,,4,4,0.0,5249,1228,1.2
kern-beethoven-string-quartets-quartet14,kern-beethoven-string-quartets-quartet14--quartet14-5,kern/beethoven-string-quartets,kern,ok,,4,4,0.0,4989,1205,1.5
kern-beethoven-string-quartets-quartet14,kern-beethoven-string-quartets-quartet14--quartet14-6,kern/beethoven-string-quartets,kern,ok,,4,4,0.0,278,29,0.0
kern-beethoven-string-quartets-quartet14,kern-beethoven-string-quartets-quartet14--quartet14-7,kern/beethoven-string-quartets,kern,ok,,4,4,0.0,4932,1488,1.5
kern-beethoven-string-quartets-quartet16,kern-beethoven-string-quartets-quartet16--quartet16-1,kern/beethoven-string-quartets,kern,ok,,4,4,0.0,3378,530,0.8
kern-beethoven-string-quartets-quartet16,kern-beethoven-string-quartets-quartet16--quartet16-2,kern/beethoven-string-quartets,kern,ok,,4,4,0.0,2943,309,0.5
kern-beethoven-string-quartets-quartet16,kern-beethoven-string-quartets-quartet16--quartet16-3,kern/beethoven-string-quartets,kern,ok,,4,4,0.0,1001,177,0.2
kern-beethoven-string-quartets-quartet16,kern-beethoven-string-quartets-quartet16--quartet16-4,kern/beethoven-string-quartets,kern,ok,,4,4,0.0,3049,941,0.7
kern-chopin-mazurkas-mazurka-50,kern-chopin-mazurkas-mazurka-50--mazurka-50,kern/chopin-mazurkas,kern,ok,,2,2,0.0,882,92,0.2
kern-chopin-mazurkas-mazurka-51,kern-chopin-mazurkas-mazurka-51--mazurka-51,kern/chopin-mazurkas,kern,ok,,2,2,0.0,978,89,0.2
kern-chopin-mazurkas-mazurka-52,kern-chopin-mazurkas-mazurka-52--mazurka-52,kern/chopin-mazurkas,kern,ok,,2,2,0.0,1075,46,0.2
kern-chopin-mazurkas-op17,kern-chopin-mazurkas-op17--mazurka17-1,kern/chopin-mazurkas,kern,ok,,2,2,0.0,470,57,0.2
kern-chopin-mazurkas-op17,kern-chopin-mazurkas-op17--mazurka17-2,kern/chopin-mazurkas,kern,ok,,2,2,0.0,559,48,0.1
kern-chopin-mazurkas-op17,kern-chopin-mazurkas-op17--mazurka17-3,kern/chopin-mazurkas,kern,ok,,2,2,0.0,656,76,0.2
kern-chopin-mazurkas-op17,kern-chopin-mazurkas-op17--mazurka17-4,kern/chopin-mazurkas,kern,ok,,2,2,0.0,1000,91,0.2
kern-chopin-mazurkas-op24,kern-chopin-mazurkas-op24--mazurka24-1,kern/chopin-mazurkas,kern,ok,,2,2,0.0,462,57,0.1
kern-chopin-mazurkas-op24,kern-chopin-mazurkas-op24--mazurka24-2,kern/chopin-mazurkas,kern,ok,,2,2,0.0,888,18,0.2
kern-chopin-mazurkas-op24,kern-chopin-mazurkas-op24--mazurka24-3,kern/chopin-mazurkas,kern,ok,,2,2,0.0,327,49,0.1
kern-chopin-mazurkas-op24,kern-chopin-mazurkas-op24--mazurka24-4,kern/chopin-mazurkas,kern,ok,,2,2,0.0,1166,86,0.3
kern-chopin-mazurkas-op30,kern-chopin-mazurkas-op30--mazurka30-1,kern/chopin-mazurkas,kern,ok,,2,2,0.0,458,68,0.1
kern-chopin-mazurkas-op30,kern-chopin-mazurkas-op30--mazurka30-2,kern/chopin-mazurkas,kern,ok,,2,2,0.0,557,27,0.1
kern-chopin-mazurkas-op30,kern-chopin-mazurkas-op30--mazurka30-3,kern/chopin-mazurkas,kern,ok,,2,2,0.0,620,124,0.3
kern-chopin-mazurkas-op30,kern-chopin-mazurkas-op30--mazurka30-4,kern/chopin-mazurkas,kern,ok,,2,2,0.0,1075,196,0.3
kern-chopin-mazurkas-op33,kern-chopin-mazurkas-op33--mazurka33-1,kern/chopin-mazurkas,kern,ok,,2,2,0.0,328,71,0.1
kern-chopin-mazurkas-op33,kern-chopin-mazurkas-op33--mazurka33-2,kern/chopin-mazurkas,kern,ok,,2,2,0.0,1291,113,0.3
kern-chopin-mazurkas-op33,kern-chopin-mazurkas-op33--mazurka33-3,kern/chopin-mazurkas,kern,ok,,2,2,0.0,383,51,0.1
kern-chopin-mazurkas-op33,kern-chopin-mazurkas-op33--mazurka33-4,kern/chopin-mazurkas,kern,ok,,2,2,0.0,1384,157,0.3
kern-chopin-mazurkas-op41,kern-chopin-mazurkas-op41--mazurka41-1,kern/chopin-mazurkas,kern,ok,,2,2,0.0,1155,130,0.3
kern-chopin-mazurkas-op41,kern-chopin-mazurkas-op41--mazurka41-2,kern/chopin-mazurkas,kern,ok,,2,2,0.0,442,36,0.1
kern-chopin-mazurkas-op41,kern-chopin-mazurkas-op41--mazurka41-3,kern/chopin-mazurkas,kern,ok,,2,2,0.0,672,36,0.1
kern-chopin-mazurkas-op41,kern-chopin-mazurkas-op41--mazurka41-4,kern/chopin-mazurkas,kern,ok,,2,2,0.0,614,23,0.1
kern-chopin-mazurkas-op50,kern-chopin-mazurkas-op50--mazurka50-1,kern/chopin-mazurkas,kern,ok,,2,2,0.0,902,109,0.2
kern-chopin-mazurkas-op50,kern-chopin-mazurkas-op50--mazurka50-2,kern/chopin-mazurkas,kern,ok,,2,2,0.0,748,85,0.1
kern-chopin-mazurkas-op50,kern-chopin-mazurkas-op50--mazurka50-3,kern/chopin-mazurkas,kern,ok,,2,2,0.0,1468,173,0.4
kern-chopin-mazurkas-op56,kern-chopin-mazurkas-op56--mazurka56-1,kern/chopin-mazurkas,kern,ok,,2,2,0.0,1706,276,0.4
kern-chopin-mazurkas-op56,kern-chopin-mazurkas-op56--mazurka56-2,kern/chopin-mazurkas,kern,ok,,2,2,0.0,661,57,0.1
kern-chopin-mazurkas-op56,kern-chopin-mazurkas-op56--mazurka56-3,kern/chopin-mazurkas,kern,ok,,2,2,0.0,1735,227,0.5
kern-chopin-mazurkas-op59,kern-chopin-mazurkas-op59--mazurka59-1,kern/chopin-mazurkas,kern,ok,,2,2,0.0,935,71,0.2
kern-chopin-mazurkas-op59,kern-chopin-mazurkas-op59--mazurka59-2,kern/chopin-mazurkas,kern,ok,,2,2,0.0,803,82,0.1
kern-chopin-mazurkas-op59,kern-chopin-mazurkas-op59--mazurka59-3,kern/chopin-mazurkas,kern,ok,,2,2,0.0,1373,136,0.7
kern-chopin-mazurkas-op6,kern-chopin-mazurkas-op6--mazurka06-1,kern/chopin-mazurkas,kern,ok,,2,2,0.0,731,73,0.2
kern-chopin-mazurkas-op6,kern-chopin-mazurkas-op6--mazurka06-2,kern/chopin-mazurkas,kern,ok,,2,2,0.0,569,42,0.1
kern-chopin-mazurkas-op6,kern-chopin-mazurkas-op6--mazurka06-3,kern/chopin-mazurkas,kern,ok,,2,2,0.0,631,67,0.2
kern-chopin-mazurkas-op6,kern-chopin-mazurkas-op6--mazurka06-4,kern/chopin-mazurkas,kern,ok,,2,2,0.0,237,15,0.0
kern-chopin-mazurkas-op63,kern-chopin-mazurkas-op63--mazurka63-1,kern/chopin-mazurkas,kern,ok,,2,2,0.0,752,155,0.1
kern-chopin-mazurkas-op63,kern-chopin-mazurkas-op63--mazurka63-2,kern/chopin-mazurkas,kern,ok,,2,2,0.0,408,49,0.1
kern-chopin-mazurkas-op63,kern-chopin-mazurkas-op63--mazurka63-3,kern/chopin-mazurkas,kern,ok,,2,2,0.0,583,50,0.1
kern-chopin-mazurkas-op67,kern-chopin-mazurkas-op67--mazurka67-1,kern/chopin-mazurkas,kern,ok,,2,2,0.0,546,58,0.1
kern-chopin-mazurkas-op67,kern-chopin-mazurkas-op67--mazurka67-2,kern/chopin-mazurkas,kern,ok,,2,2,0.0,424,26,0.1
kern-chopin-mazurkas-op67,kern-chopin-mazurkas-op67--mazurka67-3,kern/chopin-mazurkas,kern,ok,,2,2,0.0,398,64,0.1
kern-chopin-mazurkas-op67,kern-chopin-mazurkas-op67--mazurka67-4,kern/chopin-mazurkas,kern,ok,,2,2,0.0,555,58,0.1
kern-chopin-mazurkas-op68,kern-chopin-mazurkas-op68--mazurka68-1,kern/chopin-mazurkas,kern,ok,,2,2,0.0,619,63,0.1
kern-chopin-mazurkas-op68,kern-chopin-mazurkas-op68--mazurka68-2,kern/chopin-mazurkas,kern,ok,,2,2,0.0,516,42,0.2
kern-chopin-mazurkas-op68,kern-chopin-mazurkas-op68--mazurka68-3,kern/chopin-mazurkas,kern,ok,,2,2,0.0,461,7,0.1
kern-chopin-mazurkas-op68,kern-chopin-mazurkas-op68--mazurka68-4,kern/chopin-mazurkas,kern,ok,,2,2,0.0,331,31,0.1
kern-chopin-mazurkas-op7,kern-chopin-mazurkas-op7--mazurka07-1,kern/chopin-mazurkas,kern,ok,,2,2,0.0,500,65,0.1
kern-chopin-mazurkas-op7,kern-chopin-mazurkas-op7--mazurka07-2,kern/chopin-mazurkas,kern,ok,,2,2,0.0,412,54,0.1
kern-chopin-mazurkas-op7,kern-chopin-mazurkas-op7--mazurka07-3,kern/chopin-mazurkas,kern,ok,,2,2,0.0,733,99,0.1
kern-chopin-mazurkas-op7,kern-chopin-mazurkas-op7--mazurka07-4,kern/chopin-mazurkas,kern,ok,,2,2,0.0,388,22,0.1
kern-chopin-mazurkas-op7,kern-chopin-mazurkas-op7--mazurka07-5,kern/chopin-mazurkas,kern,ok,,2,2,0.0,152,4,0.1
kern-chopin-preludes-op28,kern-chopin-preludes-op28--prelude28-01,kern/chopin-preludes,kern,ok,,4,4,0.0,386,121,0.1
kern-chopin-preludes-op28,kern-chopin-preludes-op28--prelude28-02,kern/chopin-preludes,kern,ok,,2,2,0.0,192,13,0.0
kern-chopin-preludes-op28,kern-chopin-preludes-op28--prelude28-03,kern/chopin-preludes,kern,ok,,2,2,0.0,627,26,0.1
kern-chopin-preludes-op28,kern-chopin-preludes-op28--prelude28-04,kern/chopin-preludes,kern,ok,,2,2,0.0,252,5,0.0
kern-chopin-preludes-op28,kern-chopin-preludes-op28--prelude28-05,kern/chopin-preludes,kern,ok,,2,2,0.0,437,13,0.0
kern-chopin-preludes-op28,kern-chopin-preludes-op28--prelude28-06,kern/chopin-preludes,kern,ok,,2,2,0.0,346,10,0.0
kern-chopin-preludes-op28,kern-chopin-preludes-op28--prelude28-07,kern/chopin-preludes,kern,ok,,2,2,0.0,83,10,0.0
kern-chopin-preludes-op28,kern-chopin-preludes-op28--prelude28-08,kern/chopin-preludes,kern,ok,,3,3,0.0,1801,2,0.2
kern-chopin-preludes-op28,kern-chopin-preludes-op28--prelude28-09,kern/chopin-preludes,kern,ok,,2,2,0.0,261,2,0.0
kern-chopin-preludes-op28,kern-chopin-preludes-op28--prelude28-10,kern/chopin-preludes,kern,ok,,2,2,0.0,224,55,0.0
kern-chopin-preludes-op28,kern-chopin-preludes-op28--prelude28-11,kern/chopin-preludes,kern,ok,,2,2,0.0,272,7,0.1
kern-chopin-preludes-op28,kern-chopin-preludes-op28--prelude28-12,kern/chopin-preludes,kern,ok,,3,3,0.0,803,78,0.1
kern-chopin-preludes-op28,kern-chopin-preludes-op28--prelude28-13,kern/chopin-preludes,kern,ok,,2,2,0.0,684,14,0.1
kern-chopin-preludes-op28,kern-chopin-preludes-op28--prelude28-14,kern/chopin-preludes,kern,ok,,2,1,0.5,217,4,0.0
kern-chopin-preludes-op28,kern-chopin-preludes-op28--prelude28-15,kern/chopin-preludes,kern,ok,,2,2,0.0,1085,16,0.1
kern-chopin-preludes-op28,kern-chopin-preludes-op28--prelude28-16,kern/chopin-preludes,kern,ok,,2,2,0.0,1005,79,0.1
kern-chopin-preludes-op28,kern-chopin-preludes-op28--prelude28-17,kern/chopin-preludes,kern,ok,,2,2,0.0,1156,66,0.2
kern-chopin-preludes-op28,kern-chopin-preludes-op28--prelude28-18,kern/chopin-preludes,kern,ok,,2,2,0.0,429,56,0.0
kern-chopin-preludes-op28,kern-chopin-preludes-op28--prelude28-19,kern/chopin-preludes,kern,ok,,2,2,0.0,1227,11,0.2
kern-chopin-preludes-op28,kern-chopin-preludes-op28--prelude28-20,kern/chopin-preludes,kern,ok,,2,2,0.0,119,0,0.0
kern-chopin-preludes-op28,kern-chopin-preludes-op28--prelude28-21,kern/chopin-preludes,kern,ok,,2,2,0.0,509,35,0.1
kern-chopin-preludes-op28,kern-chopin-preludes-op28--prelude28-22,kern/chopin-preludes,kern,ok,,3,3,0.0,372,178,0.0
kern-chopin-preludes-op28,kern-chopin-preludes-op28--prelude28-23,kern/chopin-preludes,kern,ok,,2,2,0.0,480,22,0.1
kern-chopin-preludes-op28,kern-chopin-preludes-op28--prelude28-24,kern/chopin-preludes,kern,ok,,2,2,0.0,908,63,0.1
kern-haydn-piano-sonatas-sonata12,kern-haydn-piano-sonatas-sonata12--sonata12-1,kern/haydn-piano-sonatas,kern,ok,,2,2,0.0,775,29,0.2
kern-haydn-piano-sonatas-sonata12,kern-haydn-piano-sonatas-sonata12--sonata12-2,kern/haydn-piano-sonatas,kern,ok,,2,2,0.0,379,42,0.1
kern-haydn-piano-sonatas-sonata12,kern-haydn-piano-sonatas-sonata12--sonata12-3,kern/haydn-piano-sonatas,kern,ok,,2,2,0.0,452,75,0.1
kern-haydn-piano-sonatas-sonata13,kern-haydn-piano-sonatas-sonata13--sonata13-1,kern/haydn-piano-sonatas,kern,ok,,2,2,0.0,1243,96,0.2
kern-haydn-piano-sonatas-sonata15,kern-haydn-piano-sonatas-sonata15--sonata15-1,kern/haydn-piano-sonatas,kern,ok,,2,2,0.0,837,55,0.1
kern-haydn-piano-sonatas-sonata16,kern-haydn-piano-sonatas-sonata16--sonata16-1,kern/haydn-piano-sonatas,kern,ok,,2,2,0.0,1125,121,0.2
kern-haydn-piano-sonatas-sonata16,kern-haydn-piano-sonatas-sonata16--sonata16-2,kern/haydn-piano-sonatas,kern,ok,,2,2,0.0,470,53,0.1
kern-haydn-piano-sonatas-sonata16,kern-haydn-piano-sonatas-sonata16--sonata16-3,kern/haydn-piano-sonatas,kern,ok,,2,2,0.0,840,149,0.2
kern-haydn-piano-sonatas-sonata29,kern-haydn-piano-sonatas-sonata29--sonata29-3,kern/haydn-piano-sonatas,kern,ok,,2,2,0.0,1559,263,0.3
kern-haydn-piano-sonatas-sonata33,kern-haydn-piano-sonatas-sonata33--sonata33-3,kern/haydn-piano-sonatas,kern,ok,,2,2,0.0,1610,183,0.3
kern-haydn-piano-sonatas-sonata34,kern-haydn-piano-sonatas-sonata34--sonata34-1,kern/haydn-piano-sonatas,kern,ok,,2,2,0.0,1653,250,0.3
kern-haydn-piano-sonatas-sonata37,kern-haydn-piano-sonatas-sonata37--sonata37-1,kern/haydn-piano-sonatas,kern,ok,,2,2,0.0,1285,173,0.2
kern-haydn-piano-sonatas-sonata42,kern-haydn-piano-sonatas-sonata42--sonata42-3,kern/haydn-piano-sonatas,kern,ok,,2,2,0.0,1109,149,0.2
kern-haydn-piano-sonatas-sonata45-3a,kern-haydn-piano-sonatas-sonata45-3a--sonata45-3a,kern/haydn-piano-sonatas,kern,ok,,2,2,0.0,113,20,0.0
kern-haydn-piano-sonatas-sonata49,kern-haydn-piano-sonatas-sonata49--sonata49-1,kern/haydn-piano-sonatas,kern,ok,,2,2,0.0,1474,211,0.3
kern-haydn-piano-sonatas-sonata50,kern-haydn-piano-sonatas-sonata50--sonata50-1,kern/haydn-piano-sonatas,kern,ok,,2,2,0.0,1935,152,0.3
kern-haydn-piano-sonatas-sonata51,kern-haydn-piano-sonatas-sonata51--sonata51-3,kern/haydn-piano-sonatas,kern,ok,,2,2,0.0,603,46,0.1
kern-haydn-piano-sonatas-sonata52,kern-haydn-piano-sonatas-sonata52--sonata52-3,kern/haydn-piano-sonatas,kern,ok,,2,2,0.0,1306,225,0.3
kern-haydn-piano-sonatas-sonata53,kern-haydn-piano-sonatas-sonata53--sonata53-3,kern/haydn-piano-sonatas,kern,ok,,2,2,0.0,1458,79,0.3
kern-haydn-piano-sonatas-sonata59,kern-haydn-piano-sonatas-sonata59--sonata59-1,kern/haydn-piano-sonatas,kern,ok,,2,2,0.0,2286,388,0.5
kern-haydn-piano-sonatas-sonata61,kern-haydn-piano-sonatas-sonata61--sonata61-1,kern/haydn-piano-sonatas,kern,ok,,2,2,0.0,1669,139,0.5
kern-haydn-piano-sonatas-sonata61,kern-haydn-piano-sonatas-sonata61--sonata61-2,kern/haydn-piano-sonatas,kern,ok,,2,2,0.0,1031,35,0.3
kern-haydn-piano-sonatas-sonata62,kern-haydn-piano-sonatas-sonata62--sonata62-1,kern/haydn-piano-sonatas,kern,ok,,2,2,0.0,2714,310,0.5
kern-haydn-piano-sonatas-sonata62,kern-haydn-piano-sonatas-sonata62--sonata62-2,kern/haydn-piano-sonatas,kern,ok,,2,2,0.0,837,93,0.2
kern-haydn-piano-sonatas-sonata62,kern-haydn-piano-sonatas-sonata62--sonata62-3,kern/haydn-piano-sonatas,kern,ok,,2,2,0.0,2206,250,0.6
kern-humdrum-bach-brandenburg-bwv1046,kern-humdrum-bach-brandenburg-bwv1046--bwv1046a,kern/humdrum-bach-brandenburg,kern,ok,,13,10,0.231,6127,809,0.8
kern-humdrum-bach-brandenburg-bwv1046,kern-humdrum-bach-brandenburg-bwv1046--bwv1046b,kern/humdrum-bach-brandenburg,kern,ok,,11,8,0.273,1164,300,0.3
kern-humdrum-bach-brandenburg-bwv1046,kern-humdrum-bach-brandenburg-bwv1046--bwv1046c,kern/humdrum-bach-brandenburg,kern,ok,,13,10,0.231,5913,1395,1.1
kern-humdrum-bach-brandenburg-bwv1046,kern-humdrum-bach-brandenburg-bwv1046--bwv1046d,kern/humdrum-bach-brandenburg,kern,ok,,13,7,0.462,539,37,0.1
kern-humdrum-bach-brandenburg-bwv1046,kern-humdrum-bach-brandenburg-bwv1046--bwv1046e,kern/humdrum-bach-brandenburg,kern,ok,,3,3,0.0,239,0,0.0
kern-humdrum-bach-brandenburg-bwv1046,kern-humdrum-bach-brandenburg-bwv1046--bwv1046f,kern/humdrum-bach-brandenburg,kern,ok,,5,4,0.2,520,2,0.2
kern-humdrum-bach-brandenburg-bwv1046,kern-humdrum-bach-brandenburg-bwv1046--bwv1046g,kern/humdrum-bach-brandenburg,kern,ok,,3,3,0.0,360,0,0.0
kern-humdrum-bach-brandenburg-bwv1047,kern-humdrum-bach-brandenburg-bwv1047--bwv1047a,kern/humdrum-bach-brandenburg,kern,ok,,10,9,0.1,9094,727,1.1
kern-humdrum-bach-brandenburg-bwv1047,kern-humdrum-bach-brandenburg-bwv1047--bwv1047b,kern/humdrum-bach-brandenburg,kern,ok,,5,4,0.2,977,176,0.3
kern-humdrum-bach-brandenburg-bwv1047,kern-humdrum-bach-brandenburg-bwv1047--bwv1047c,kern/humdrum-bach-brandenburg,kern,ok,,10,8,0.2,2860,971,0.6
kern-humdrum-bach-brandenburg-bwv1048,kern-humdrum-bach-brandenburg-bwv1048--bwv1048a,kern/humdrum-bach-brandenburg,kern,ok,,10,10,0.0,11433,1393,1.3
kern-humdrum-bach-brandenburg-bwv1048,kern-humdrum-bach-brandenburg-bwv1048--bwv1048b,kern/humdrum-bach-brandenburg,kern,ok,,10,7,0.3,5048,219,0.8
kern-humdrum-bach-brandenburg-bwv1049,kern-humdrum-bach-brandenburg-bwv1049--bwv1049a,kern/humdrum-bach-brandenburg,kern,ok,,9,9,0.0,8890,3069,2.4
kern-humdrum-bach-brandenburg-bwv1049,kern-humdrum-bach-brandenburg-bwv1049--bwv1049b,kern/humdrum-bach-brandenburg,kern,ok,,9,7,0.222,1505,382,0.2
kern-humdrum-bach-brandenburg-bwv1049,kern-humdrum-bach-brandenburg-bwv1049--bwv1049c,kern/humdrum-bach-brandenburg,kern,ok,,9,8,0.111,5608,860,1.4
kern-humdrum-bach-brandenburg-bwv1050,kern-humdrum-bach-brandenburg-bwv1050--bwv1050a,kern/humdrum-bach-brandenburg,kern,ok,,9,9,0.0,10411,2072,1.8
kern-humdrum-bach-brandenburg-bwv1050,kern-humdrum-bach-brandenburg-bwv1050--bwv1050b,kern/humdrum-bach-brandenburg,kern,ok,,4,4,0.0,1312,166,0.3
kern-humdrum-bach-brandenburg-bwv1050,kern-humdrum-bach-brandenburg-bwv1050--bwv1050c,kern/humdrum-bach-brandenburg,kern,ok,,9,9,0.0,5944,2457,3.2
kern-humdrum-bach-brandenburg-bwv1051,kern-humdrum-bach-brandenburg-bwv1051--bwv1051a,kern/humdrum-bach-brandenburg,kern,ok,,7,6,0.143,6672,370,0.8
kern-humdrum-bach-brandenburg-bwv1051,kern-humdrum-bach-brandenburg-bwv1051--bwv1051b,kern/humdrum-bach-brandenburg,kern,ok,,5,4,0.2,1234,176,0.3
kern-humdrum-bach-brandenburg-bwv1051,kern-humdrum-bach-brandenburg-bwv1051--bwv1051c,kern/humdrum-bach-brandenburg,kern,ok,,7,6,0.143,4936,1370,0.7
kern-humdrum-corelli-op1n1,kern-humdrum-corelli-op1n1--op01n01a,kern/humdrum-corelli,kern,ok,,4,3,0.25,210,0,0.0
kern-humdrum-corelli-op1n1,kern-humdrum-corelli-op1n1--op01n01b,kern/humdrum-corelli,kern,ok,,4,4,0.0,720,37,0.1
kern-humdrum-corelli-op1n1,kern-humdrum-corelli-op1n1--op01n01c,kern/humdrum-corelli,kern,ok,,4,3,0.25,214,14,0.0
kern-humdrum-corelli-op1n1,kern-humdrum-corelli-op1n1--op01n01d,kern/humdrum-corelli,kern,ok,,4,3,0.25,679,71,0.1
kern-humdrum-corelli-op1n10,kern-humdrum-corelli-op1n10--op01n10a,kern/humdrum-corelli,kern,ok,,4,3,0.25,106,1,0.0
kern-humdrum-corelli-op1n10,kern-humdrum-corelli-op1n10--op01n10b,kern/humdrum-corelli,kern,ok,,4,4,0.0,364,16,0.0
kern-humdrum-corelli-op1n10,kern-humdrum-corelli-op1n10--op01n10c,kern/humdrum-corelli,kern,ok,,4,4,0.0,501,43,0.0
kern-humdrum-corelli-op1n10,kern-humdrum-corelli-op1n10--op01n10d,kern/humdrum-corelli,kern,ok,,4,3,0.25,146,8,0.0
kern-humdrum-corelli-op1n10,kern-humdrum-corelli-op1n10--op01n10e,kern/humdrum-corelli,kern,ok,,4,4,0.0,763,81,0.1
kern-humdrum-corelli-op1n11,kern-humdrum-corelli-op1n11--op01n11a,kern/humdrum-corelli,kern,ok,,4,3,0.25,162,2,0.0
kern-humdrum-corelli-op1n11,kern-humdrum-corelli-op1n11--op01n11b,kern/humdrum-corelli,kern,ok,,4,4,0.0,589,21,0.1
kern-humdrum-corelli-op1n11,kern-humdrum-corelli-op1n11--op01n11c,kern/humdrum-corelli,kern,ok,,4,3,0.25,214,11,0.0
kern-humdrum-corelli-op1n11,kern-humdrum-corelli-op1n11--op01n11d,kern/humdrum-corelli,kern,ok,,4,3,0.25,312,43,0.0
kern-humdrum-corelli-op1n12,kern-humdrum-corelli-op1n12--op01n12a,kern/humdrum-corelli,kern,ok,,4,3,0.25,277,23,0.1
kern-humdrum-corelli-op1n12,kern-humdrum-corelli-op1n12--op01n12b,kern/humdrum-corelli,kern,ok,,4,3,0.25,690,215,0.1
kern-humdrum-corelli-op1n12,kern-humdrum-corelli-op1n12--op01n12c,kern/humdrum-corelli,kern,ok,,4,3,0.25,126,7,0.0
kern-humdrum-corelli-op1n12,kern-humdrum-corelli-op1n12--op01n12d,kern/humdrum-corelli,kern,ok,,4,4,0.0,1180,99,0.1
kern-humdrum-corelli-op1n2,kern-humdrum-corelli-op1n2--op01n02a,kern/humdrum-corelli,kern,ok,,4,3,0.25,240,13,0.0
kern-humdrum-corelli-op1n2,kern-humdrum-corelli-op1n2--op01n02b,kern/humdrum-corelli,kern,ok,,4,4,0.0,500,34,0.1
kern-humdrum-corelli-op1n2,kern-humdrum-corelli-op1n2--op01n02c,kern/humdrum-corelli,kern,ok,,4,3,0.25,157,4,0.0
kern-humdrum-corelli-op1n2,kern-humdrum-corelli-op1n2--op01n02d,kern/humdrum-corelli,kern,ok,,4,4,0.0,815,119,0.1
kern-humdrum-corelli-op1n3,kern-humdrum-corelli-op1n3--op01n03a,kern/humdrum-corelli,kern,ok,,4,3,0.25,205,2,0.0
kern-humdrum-corelli-op1n3,kern-humdrum-corelli-op1n3--op01n03b,kern/humdrum-corelli,kern,ok,,4,4,0.0,1154,72,0.1
kern-humdrum-corelli-op1n3,kern-humdrum-corelli-op1n3--op01n03c,kern/humdrum-corelli,kern,ok,,4,3,0.25,718,85,0.2
kern-humdrum-corelli-op1n4,kern-humdrum-corelli-op1n4--op01n04a,kern/humdrum-corelli,kern,ok,,4,4,0.0,409,28,0.1
kern-humdrum-corelli-op1n4,kern-humdrum-corelli-op1n4--op01n04b,kern/humdrum-corelli,kern,ok,,4,3,0.25,152,3,0.0
kern-humdrum-corelli-op1n4,kern-humdrum-corelli-op1n4--op01n04c,kern/humdrum-corelli,kern,ok,,4,4,0.0,701,92,0.1
kern-humdrum-corelli-op1n4,kern-humdrum-corelli-op1n4--op01n04d,kern/humdrum-corelli,kern,ok,,4,4,0.0,545,16,0.1
kern-humdrum-corelli-op1n5,kern-humdrum-corelli-op1n5--op01n05a,kern/humdrum-corelli,kern,ok,,4,3,0.25,261,8,0.1
kern-humdrum-corelli-op1n5,kern-humdrum-corelli-op1n5--op01n05b,kern/humdrum-corelli,kern,ok,,4,4,0.0,753,30,0.1
kern-humdrum-corelli-op1n5,kern-humdrum-corelli-op1n5--op01n05c,kern/humdrum-corelli,kern,ok,,4,4,0.0,308,44,0.0
kern-humdrum-corelli-op1n5,kern-humdrum-corelli-op1n5--op01n05d,kern/humdrum-corelli,kern,ok,,4,4,0.0,605,36,0.1
kern-humdrum-corelli-op1n6,kern-humdrum-corelli-op1n6--op01n06a,kern/humdrum-corelli,kern,ok,,4,3,0.25,139,5,0.0
kern-humdrum-corelli-op1n6,kern-humdrum-corelli-op1n6--op01n06b,kern/humdrum-corelli,kern,ok,,4,3,0.25,674,48,0.1
kern-humdrum-corelli-op1n6,kern-humdrum-corelli-op1n6--op01n06c,kern/humdrum-corelli,kern,ok,,4,3,0.25,255,16,0.0
kern-humdrum-corelli-op1n6,kern-humdrum-corelli-op1n6--op01n06d,kern/humdrum-corelli,kern,ok,,4,3,0.25,476,56,0.1
kern-humdrum-corelli-op1n7,kern-humdrum-corelli-op1n7--op01n07a,kern/humdrum-corelli,kern,ok,,4,4,0.0,898,65,0.1
kern-humdrum-corelli-op1n7,kern-humdrum-corelli-op1n7--op01n07b,kern/humdrum-corelli,kern,ok,,4,3,0.25,136,1,0.0
kern-humdrum-corelli-op1n7,kern-humdrum-corelli-op1n7--op01n07c,kern/humdrum-corelli,kern,ok,,4,4,0.0,818,20,0.1
kern-humdrum-corelli-op1n8,kern-humdrum-corelli-op1n8--op01n08a,kern/humdrum-corelli,kern,ok,,4,4,0.0,193,9,0.1
kern-humdrum-corelli-op1n8,kern-humdrum-corelli-op1n8--op01n08b,kern/humdrum-corelli,kern,ok,,4,4,0.0,440,30,0.0
kern-humdrum-corelli-op1n8,kern-humdrum-corelli-op1n8--op01n08c,kern/humdrum-corelli,kern,ok,,4,4,0.0,418,24,0.0
kern-humdrum-corelli-op1n8,kern-humdrum-corelli-op1n8--op01n08d,kern/humdrum-corelli,kern,ok,,4,3,0.25,256,37,0.0
kern-humdrum-corelli-op1n9,kern-humdrum-corelli-op1n9--op01n09a,kern/humdrum-corelli,kern,ok,,4,4,0.0,357,91,0.1
kern-humdrum-corelli-op1n9,kern-humdrum-corelli-op1n9--op01n09b,kern/humdrum-corelli,kern,ok,,4,3,0.25,551,87,0.1
kern-humdrum-corelli-op1n9,kern-humdrum-corelli-op1n9--op01n09c,kern/humdrum-corelli,kern,ok,,4,3,0.25,249,3,0.0
kern-humdrum-corelli-op1n9,kern-humdrum-corelli-op1n9--op01n09d,kern/humdrum-corelli,kern,ok,,4,4,0.0,529,158,0.1
kern-humdrum-corelli-op3n1,kern-humdrum-corelli-op3n1--op3n1-01,kern/humdrum-corelli,kern,ok,,4,3,0.25,238,6,0.0
kern-humdrum-corelli-op3n1,kern-humdrum-corelli-op3n1--op3n1-02,kern/humdrum-corelli,kern,ok,,4,4,0.0,769,33,0.1
kern-humdrum-corelli-op3n1,kern-humdrum-corelli-op3n1--op3n1-03,kern/humdrum-corelli,kern,ok,,4,4,0.0,601,24,0.1
kern-humdrum-corelli-op3n1,kern-humdrum-corelli-op3n1--op3n1-04,kern/humdrum-corelli,kern,ok,,4,4,0.0,656,28,0.1
kern-humdrum-corelli-op3n10,kern-humdrum-corelli-op3n10--op3n10-01,kern/humdrum-corelli,kern,ok,,4,3,0.25,173,36,0.0
kern-humdrum-corelli-op3n10,kern-humdrum-corelli-op3n10--op3n10-02,kern/humdrum-corelli,kern,ok,,4,3,0.25,728,46,0.1
kern-humdrum-corelli-op3n10,kern-humdrum-corelli-op3n10--op3n10-03,kern/humdrum-corelli,kern,ok,,4,3,0.25,58,9,0.0
kern-humdrum-corelli-op3n10,kern-humdrum-corelli-op3n10--op3n10-04,kern/humdrum-corelli,kern,ok,,4,3,0.25,570,48,0.1
kern-humdrum-corelli-op3n11,kern-humdrum-corelli-op3n11--op3n11-01,kern/humdrum-corelli,kern,ok,,4,3,0.25,218,20,0.0
kern-humdrum-corelli-op3n11,kern-humdrum-corelli-op3n11--op3n11-02,kern/humdrum-corelli,kern,ok,,4,4,0.0,798,48,0.1
kern-humdrum-corelli-op3n11,kern-humdrum-corelli-op3n11--op3n11-03,kern/humdrum-corelli,kern,ok,,4,3,0.25,165,0,0.0
kern-humdrum-corelli-op3n11,kern-humdrum-corelli-op3n11--op3n11-04,kern/humdrum-corelli,kern,ok,,4,3,0.25,276,34,0.0
kern-humdrum-corelli-op3n12,kern-humdrum-corelli-op3n12--op3n12-01,kern/humdrum-corelli,kern,ok,,4,3,0.25,254,43,0.0
kern-humdrum-corelli-op3n12,kern-humdrum-corelli-op3n12--op3n12-02,kern/humdrum-corelli,kern,ok,,4,4,0.0,292,49,0.0
kern-humdrum-corelli-op3n12,kern-humdrum-corelli-op3n12--op3n12-03,kern/humdrum-corelli,kern,ok,,4,3,0.25,95,4,0.0
kern-humdrum-corelli-op3n12,kern-humdrum-corelli-op3n12--op3n12-04,kern/humdrum-corelli,kern,ok,,4,4,0.0,687,60,0.1
kern-humdrum-corelli-op3n12,kern-humdrum-corelli-op3n12--op3n12-05,kern/humdrum-corelli,kern,ok,,4,4,0.0,527,22,0.1
kern-humdrum-corelli-op3n12,kern-humdrum-corelli-op3n12--op3n12-06,kern/humdrum-corelli,kern,ok,,4,4,0.0,972,96,0.1
kern-humdrum-corelli-op3n12,kern-humdrum-corelli-op3n12--op3n12-07,kern/humdrum-corelli,kern,ok,,4,3,0.25,528,34,0.1
kern-humdrum-corelli-op3n2,kern-humdrum-corelli-op3n2--op3n2-01,kern/humdrum-corelli,kern,ok,,4,3,0.25,216,16,0.1
kern-humdrum-corelli-op3n2,kern-humdrum-corelli-op3n2--op3n2-02,kern/humdrum-corelli,kern,ok,,4,3,0.25,394,30,0.0
kern-humdrum-corelli-op3n2,kern-humdrum-corelli-op3n2--op3n2-03,kern/humdrum-corelli,kern,ok,,4,3,0.25,234,13,0.0
kern-humdrum-corelli-op3n2,kern-humdrum-corelli-op3n2--op3n2-04,kern/humdrum-corelli,kern,ok,,4,4,0.0,632,32,0.1
kern-humdrum-corelli-op3n3,kern-humdrum-corelli-op3n3--op3n3-01,kern/humdrum-corelli,kern,ok,,4,3,0.25,180,8,0.0
kern-humdrum-corelli-op3n3,kern-humdrum-corelli-op3n3--op3n3-02,kern/humdrum-corelli,kern,ok,,4,3,0.25,272,23,0.0
kern-humdrum-corelli-op3n3,kern-humdrum-corelli-op3n3--op3n3-03,kern/humdrum-corelli,kern,ok,,4,3,0.25,387,32,0.0
kern-humdrum-corelli-op3n3,kern-humdrum-corelli-op3n3--op3n3-04,kern/humdrum-corelli,kern,ok,,4,3,0.25,713,53,0.1
kern-humdrum-corelli-op3n4,kern-humdrum-corelli-op3n4--op3n4-01,kern/humdrum-corelli,kern,ok,,4,3,0.25,397,51,0.1
kern-humdrum-corelli-op3n4,kern-humdrum-corelli-op3n4--op3n4-02,kern/humdrum-corelli,kern,ok,,4,3,0.25,403,52,0.1
kern-humdrum-corelli-op3n4,kern-humdrum-corelli-op3n4--op3n4-03,kern/humdrum-corelli,kern,ok,,4,3,0.25,377,57,0.1
kern-humdrum-corelli-op3n4,kern-humdrum-corelli-op3n4--op3n4-04,kern/humdrum-corelli,kern,ok,,4,3,0.25,585,72,0.1
kern-humdrum-corelli-op3n5,kern-humdrum-corelli-op3n5--op3n5-01,kern/humdrum-corelli,kern,ok,,4,4,0.0,384,10,0.0
kern-humdrum-corelli-op3n5,kern-humdrum-corelli-op3n5--op3n5-02,kern/humdrum-corelli,kern,ok,,4,4,0.0,801,44,0.1
kern-humdrum-corelli-op3n5,kern-humdrum-corelli-op3n5--op3n5-03,kern/humdrum-corelli,kern,ok,,4,3,0.25,203,12,0.0
kern-humdrum-corelli-op3n5,kern-humdrum-corelli-op3n5--op3n5-04,kern/humdrum-corelli,kern,ok,,4,4,0.0,699,51,0.1
kern-humdrum-corelli-op3n6,kern-humdrum-corelli-op3n6--op3n6-01,kern/humdrum-corelli,kern,ok,,4,3,0.25,457,30,0.1
kern-humdrum-corelli-op3n6,kern-humdrum-corelli-op3n6--op3n6-02,kern/humdrum-corelli,kern,ok,,4,3,0.25,135,10,0.0
kern-humdrum-corelli-op3n6,kern-humdrum-corelli-op3n6--op3n6-03,kern/humdrum-corelli,kern,ok,,4,4,0.0,744,43,0.1
kern-humdrum-corelli-op3n6,kern-humdrum-corelli-op3n6--op3n6-04,kern/humdrum-corelli,kern,ok,,4,3,0.25,450,54,0.1
kern-humdrum-corelli-op3n7,kern-humdrum-corelli-op3n7--op3n7-01,kern/humdrum-corelli,kern,ok,,4,3,0.25,157,11,0.0
kern-humdrum-corelli-op3n7,kern-humdrum-corelli-op3n7--op3n7-02,kern/humdrum-corelli,kern,ok,,4,3,0.25,325,36,0.1
kern-humdrum-corelli-op3n7,kern-humdrum-corelli-op3n7--op3n7-03,kern/humdrum-corelli,kern,ok,,4,3,0.25,225,9,0.0
kern-humdrum-corelli-op3n7,kern-humdrum-corelli-op3n7--op3n7-04,kern/humdrum-corelli,kern,ok,,4,3,0.25,347,54,0.0
kern-humdrum-corelli-op3n8,kern-humdrum-corelli-op3n8--op3n8-01,kern/humdrum-corelli,kern,ok,,4,3,0.25,332,20,0.1
kern-humdrum-corelli-op3n8,kern-humdrum-corelli-op3n8--op3n8-02,kern/humdrum-corelli,kern,ok,,4,3,0.25,661,28,0.1
kern-humdrum-corelli-op3n8,kern-humdrum-corelli-op3n8--op3n8-03,kern/humdrum-corelli,kern,ok,,4,3,0.25,194,15,0.0
kern-humdrum-corelli-op3n8,kern-humdrum-corelli-op3n8--op3n8-04,kern/humdrum-corelli,kern,ok,,4,4,0.0,1151,121,0.1
kern-humdrum-corelli-op3n9,kern-humdrum-corelli-op3n9--op3n9-01,kern/humdrum-corelli,kern,ok,,4,3,0.25,168,15,0.0
kern-humdrum-corelli-op3n9,kern-humdrum-corelli-op3n9--op3n9-02,kern/humdrum-corelli,kern,ok,,4,3,0.25,340,24,0.1
kern-humdrum-corelli-op3n9,kern-humdrum-corelli-op3n9--op3n9-03,kern/humdrum-corelli,kern,ok,,4,3,0.25,242,2,0.0
kern-humdrum-corelli-op3n9,kern-humdrum-corelli-op3n9--op3n9-04,kern/humdrum-corelli,kern,ok,,4,4,0.0,563,10,0.1
kern-humdrum-corelli-op4n1,kern-humdrum-corelli-op4n1--op4n1-01,kern/humdrum-corelli,kern,ok,,4,3,0.25,213,18,0.1
kern-humdrum-corelli-op4n1,kern-humdrum-corelli-op4n1--op4n1-03,kern/humdrum-corelli,kern,ok,,4,3,0.25,439,22,0.1
kern-humdrum-corelli-op4n10,kern-humdrum-corelli-op4n10--op4n10-02,kern/humdrum-corelli,kern,ok,,4,3,0.25,126,16,0.0
kern-humdrum-corelli-op4n10,kern-humdrum-corelli-op4n10--op4n10-03,kern/humdrum-corelli,kern,ok,,4,3,0.25,413,59,0.1
kern-humdrum-corelli-op4n11,kern-humdrum-corelli-op4n11--op4n11-01,kern/humdrum-corelli,kern,ok,,4,3,0.25,361,40,0.1
kern-humdrum-corelli-op4n11,kern-humdrum-corelli-op4n11--op4n11-02,kern/humdrum-corelli,kern,ok,,4,3,0.25,635,83,0.1
kern-humdrum-corelli-op4n11,kern-humdrum-corelli-op4n11--op4n11-03,kern/humdrum-corelli,kern,ok,,4,3,0.25,485,16,0.1
kern-humdrum-corelli-op4n12,kern-humdrum-corelli-op4n12--op4n12-01,kern/humdrum-corelli,kern,ok,,4,3,0.25,233,25,0.0
kern-humdrum-corelli-op4n12,kern-humdrum-corelli-op4n12--op4n12-02,kern/humdrum-corelli,kern,ok,,4,3,0.25,509,70,0.1
kern-humdrum-corelli-op4n12,kern-humdrum-corelli-op4n12--op4n12-03,kern/humdrum-corelli,kern,ok,,4,3,0.25,321,13,0.0
kern-humdrum-corelli-op4n2,kern-humdrum-corelli-op4n2--op4n2-01,kern/humdrum-corelli,kern,ok,,4,3,0.25,266,11,0.0
kern-humdrum-corelli-op4n2,kern-humdrum-corelli-op4n2--op4n2-03,kern/humdrum-corelli,kern,ok,,4,3,0.25,320,19,0.1
kern-humdrum-corelli-op4n3,kern-humdrum-corelli-op4n3--op4n3-01,kern/humdrum-corelli,kern,ok,,4,3,0.25,272,39,0.0
kern-humdrum-corelli-op4n3,kern-humdrum-corelli-op4n3--op4n3-02,kern/humdrum-corelli,kern,ok,,4,3,0.25,478,46,0.1
kern-humdrum-corelli-op4n3,kern-humdrum-corelli-op4n3--op4n3-03,kern/humdrum-corelli,kern,ok,,4,3,0.25,186,8,0.0
kern-humdrum-corelli-op4n3,kern-humdrum-corelli-op4n3--op4n3-04,kern/humdrum-corelli,kern,ok,,4,3,0.25,345,44,0.0
kern-humdrum-corelli-op4n4,kern-humdrum-corelli-op4n4--op4n4-01,kern/humdrum-corelli,kern,ok,,4,3,0.25,203,37,0.0
kern-humdrum-corelli-op4n4,kern-humdrum-corelli-op4n4--op4n4-02,kern/humdrum-corelli,kern,ok,,4,3,0.25,277,20,0.1
kern-humdrum-corelli-op4n4,kern-humdrum-corelli-op4n4--op4n4-03,kern/humdrum-corelli,kern,ok,,4,3,0.25,284,36,0.0
kern-humdrum-corelli-op4n5,kern-humdrum-corelli-op4n5--op4n5-01,kern/humdrum-corelli,kern,ok,,4,3,0.25,282,25,0.1
kern-humdrum-corelli-op4n5,kern-humdrum-corelli-op4n5--op4n5-02,kern/humdrum-corelli,kern,ok,,4,3,0.25,422,2,0.1
kern-humdrum-corelli-op4n5,kern-humdrum-corelli-op4n5--op4n5-03,kern/humdrum-corelli,kern,ok,,4,3,0.25,246,0,0.0
kern-humdrum-corelli-op4n5,kern-humdrum-corelli-op4n5--op4n5-04,kern/humdrum-corelli,kern,ok,,4,3,0.25,108,14,0.0
kern-humdrum-corelli-op4n6,kern-humdrum-corelli-op4n6--op4n6-02,kern/humdrum-corelli,kern,ok,,4,3,0.25,283,35,0.1
kern-humdrum-corelli-op4n6,kern-humdrum-corelli-op4n6--op4n6-03,kern/humdrum-corelli,kern,ok,,4,3,0.25,448,22,0.1
kern-humdrum-corelli-op4n7,kern-humdrum-corelli-op4n7--op4n7-01,kern/humdrum-corelli,kern,ok,,4,3,0.25,258,16,0.0
kern-humdrum-corelli-op4n7,kern-humdrum-corelli-op4n7--op4n7-03,kern/humdrum-corelli,kern,ok,,4,3,0.25,261,9,0.1
kern-humdrum-corelli-op4n7,kern-humdrum-corelli-op4n7--op4n7-04,kern/humdrum-corelli,kern,ok,,4,3,0.25,475,8,0.1
kern-humdrum-corelli-op4n8,kern-humdrum-corelli-op4n8--op4n8-01,kern/humdrum-corelli,kern,ok,,4,3,0.25,232,17,0.0
kern-humdrum-corelli-op4n8,kern-humdrum-corelli-op4n8--op4n8-02,kern/humdrum-corelli,kern,ok,,4,3,0.25,512,40,0.1
kern-humdrum-corelli-op4n8,kern-humdrum-corelli-op4n8--op4n8-03,kern/humdrum-corelli,kern,ok,,4,3,0.25,179,0,0.0
kern-humdrum-corelli-op4n9,kern-humdrum-corelli-op4n9--op4n9-01,kern/humdrum-corelli,kern,ok,,4,3,0.25,291,76,0.0
kern-humdrum-corelli-op4n9,kern-humdrum-corelli-op4n9--op4n9-02,kern/humdrum-corelli,kern,ok,,4,3,0.25,432,46,0.1
kern-humdrum-corelli-op4n9,kern-humdrum-corelli-op4n9--op4n9-03,kern/humdrum-corelli,kern,ok,,4,3,0.25,112,1,0.0
kern-humdrum-corelli-op4n9,kern-humdrum-corelli-op4n9--op4n9-04,kern/humdrum-corelli,kern,ok,,4,3,0.25,599,73,0.1
kern-humdrum-corelli-op5n1,kern-humdrum-corelli-op5n1--op5n1-02,kern/humdrum-corelli,kern,ok,,2,2,0.0,584,8,0.0
kern-humdrum-corelli-op5n1,kern-humdrum-corelli-op5n1--op5n1-03,kern/humdrum-corelli,kern,ok,,2,2,0.0,219,14,0.0
kern-humdrum-corelli-op5n1,kern-humdrum-corelli-op5n1--op5n1-04,kern/humdrum-corelli,kern,ok,,3,3,0.0,721,51,0.1
kern-humdrum-corelli-op5n10,kern-humdrum-corelli-op5n10--op5n10-01,kern/humdrum-corelli,kern,ok,,2,2,0.0,219,6,0.0
kern-humdrum-corelli-op5n10,kern-humdrum-corelli-op5n10--op5n10-02,kern/humdrum-corelli,kern,ok,,2,2,0.0,436,33,0.0
kern-humdrum-corelli-op5n10,kern-humdrum-corelli-op5n10--op5n10-03,kern/humdrum-corelli,kern,ok,,3,3,0.0,129,42,0.0
kern-humdrum-corelli-op5n10,kern-humdrum-corelli-op5n10--op5n10-04,kern/humdrum-corelli,kern,ok,,2,2,0.0,127,10,0.0
kern-humdrum-corelli-op5n10,kern-humdrum-corelli-op5n10--op5n10-05,kern/humdrum-corelli,kern,ok,,2,2,0.0,402,11,0.1
kern-humdrum-corelli-op5n11,kern-humdrum-corelli-op5n11--op5n11-01,kern/humdrum-corelli,kern,ok,,2,2,0.0,213,4,0.0
kern-humdrum-corelli-op5n11,kern-humdrum-corelli-op5n11--op5n11-02,kern/humdrum-corelli,kern,ok,,2,2,0.0,735,24,0.1
kern-humdrum-corelli-op5n11,kern-humdrum-corelli-op5n11--op5n11-03,kern/humdrum-corelli,kern,ok,,2,2,0.0,40,1,0.0
kern-humdrum-corelli-op5n11,kern-humdrum-corelli-op5n11--op5n11-04,kern/humdrum-corelli,kern,ok,,2,2,0.0,313,14,0.1
kern-humdrum-corelli-op5n11,kern-humdrum-corelli-op5n11--op5n11-05,kern/humdrum-corelli,kern,ok,,2,2,0.0,144,4,0.0
kern-humdrum-corelli-op5n2,kern-humdrum-corelli-op5n2--op5n2-01,kern/humdrum-corelli,kern,ok,,2,2,0.0,229,7,0.0
kern-humdrum-corelli-op5n2,kern-humdrum-corelli-op5n2--op5n2-02,kern/humdrum-corelli,kern,ok,,4,4,0.0,762,105,0.1
kern-humdrum-corelli-op5n2,kern-humdrum-corelli-op5n2--op5n2-03,kern/humdrum-corelli,kern,ok,,3,3,0.0,598,84,0.1
kern-humdrum-corelli-op5n2,kern-humdrum-corelli-op5n2--op5n2-04,kern/humdrum-corelli,kern,ok,,2,2,0.0,243,6,0.0
kern-humdrum-corelli-op5n2,kern-humdrum-corelli-op5n2--op5n2-05,kern/humdrum-corelli,kern,ok,,4,4,0.0,433,140,0.1
kern-humdrum-corelli-op5n3,kern-humdrum-corelli-op5n3--op5n3-01,kern/humdrum-corelli,kern,ok,,2,2,0.0,285,22,0.0
kern-humdrum-corelli-op5n3,kern-humdrum-corelli-op5n3--op5n3-02,kern/humdrum-corelli,kern,ok,,4,4,0.0,828,111,0.1
kern-humdrum-corelli-op5n3,kern-humdrum-corelli-op5n3--op5n3-03,kern/humdrum-corelli,kern,ok,,2,2,0.0,237,8,0.0
kern-humdrum-corelli-op5n3,kern-humdrum-corelli-op5n3--op5n3-04,kern/humdrum-corelli,kern,ok,,2,2,0.0,547,39,0.1
kern-humdrum-corelli-op5n3,kern-humdrum-corelli-op5n3--op5n3-05,kern/humdrum-corelli,kern,ok,,2,2,0.0,546,45,0.1
kern-humdrum-corelli-op5n4,kern-humdrum-corelli-op5n4--op5n4-01,kern/humdrum-corelli,kern,ok,,2,2,0.0,204,10,0.0
kern-humdrum-corelli-op5n4,kern-humdrum-corelli-op5n4--op5n4-02,kern/humdrum-corelli,kern,ok,,3,3,0.0,1095,110,0.1
kern-humdrum-corelli-op5n4,kern-humdrum-corelli-op5n4--op5n4-03,kern/humdrum-corelli,kern,ok,,2,2,0.0,474,9,0.0
kern-humdrum-corelli-op5n4,kern-humdrum-corelli-op5n4--op5n4-04,kern/humdrum-corelli,kern,ok,,2,2,0.0,206,11,0.0
kern-humdrum-corelli-op5n4,kern-humdrum-corelli-op5n4--op5n4-05,kern/humdrum-corelli,kern,ok,,2,2,0.0,515,18,0.1
kern-humdrum-corelli-op5n5,kern-humdrum-corelli-op5n5--op5n5-01,kern/humdrum-corelli,kern,ok,,2,2,0.0,143,10,0.0
kern-humdrum-corelli-op5n5,kern-humdrum-corelli-op5n5--op5n5-03,kern/humdrum-corelli,kern,ok,,2,2,0.0,172,3,0.0
kern-humdrum-corelli-op5n5,kern-humdrum-corelli-op5n5--op5n5-04,kern/humdrum-corelli,kern,ok,,2,2,0.0,607,39,0.1
kern-humdrum-corelli-op5n5,kern-humdrum-corelli-op5n5--op5n5-05,kern/humdrum-corelli,kern,ok,,2,2,0.0,336,31,0.0
kern-humdrum-corelli-op5n6,kern-humdrum-corelli-op5n6--op5n6-01,kern/humdrum-corelli,kern,ok,,2,2,0.0,251,21,0.0
kern-humdrum-corelli-op5n6,kern-humdrum-corelli-op5n6--op5n6-02,kern/humdrum-corelli,kern,ok,,3,3,0.0,784,66,0.1
kern-humdrum-corelli-op5n6,kern-humdrum-corelli-op5n6--op5n6-03,kern/humdrum-corelli,kern,ok,,3,3,0.0,611,62,0.0
kern-humdrum-corelli-op5n6,kern-humdrum-corelli-op5n6--op5n6-04,kern/humdrum-corelli,kern,ok,,2,2,0.0,148,14,0.0
kern-humdrum-corelli-op5n6,kern-humdrum-corelli-op5n6--op5n6-05,kern/humdrum-corelli,kern,ok,,3,3,0.0,922,68,0.1
kern-humdrum-corelli-op5n7,kern-humdrum-corelli-op5n7--op5n7-01,kern/humdrum-corelli,kern,ok,,2,2,0.0,286,22,0.0
kern-humdrum-corelli-op5n7,kern-humdrum-corelli-op5n7--op5n7-02,kern/humdrum-corelli,kern,ok,,3,3,0.0,591,100,0.1
kern-humdrum-corelli-op5n7,kern-humdrum-corelli-op5n7--op5n7-03,kern/humdrum-corelli,kern,ok,,2,2,0.0,76,0,0.0
kern-humdrum-corelli-op5n7,kern-humdrum-corelli-op5n7--op5n7-04,kern/humdrum-corelli,kern,ok,,2,2,0.0,549,20,0.0
kern-humdrum-corelli-op5n8,kern-humdrum-corelli-op5n8--op5n8-01,kern/humdrum-corelli,kern,ok,,2,2,0.0,208,15,0.0
kern-humdrum-corelli-op5n8,kern-humdrum-corelli-op5n8--op5n8-02,kern/humdrum-corelli,kern,ok,,2,2,0.0,324,10,0.0
kern-humdrum-corelli-op5n8,kern-humdrum-corelli-op5n8--op5n8-03,kern/humdrum-corelli,kern,ok,,2,2,0.0,196,0,0.0
kern-humdrum-corelli-op5n8,kern-humdrum-corelli-op5n8--op5n8-04,kern/humdrum-corelli,kern,ok,,2,2,0.0,363,20,0.0
kern-humdrum-corelli-op5n9,kern-humdrum-corelli-op5n9--op5n9-01,kern/humdrum-corelli,kern,ok,,2,2,0.0,301,35,0.0
kern-humdrum-corelli-op5n9,kern-humdrum-corelli-op5n9--op5n9-02,kern/humdrum-corelli,kern,ok,,3,3,0.0,602,106,0.1
kern-humdrum-corelli-op5n9,kern-humdrum-corelli-op5n9--op5n9-03,kern/humdrum-corelli,kern,ok,,2,2,0.0,34,2,0.0
kern-humdrum-corelli-op5n9,kern-humdrum-corelli-op5n9--op5n9-04,kern/humdrum-corelli,kern,ok,,2,2,0.0,600,0,0.0
kern-humdrum-corelli-op6n1,kern-humdrum-corelli-op6n1--op6n1-01,kern/humdrum-corelli,kern,ok,,7,5,0.286,1048,269,0.2
kern-humdrum-corelli-op6n1,kern-humdrum-corelli-op6n1--op6n1-02,kern/humdrum-corelli,kern,ok,,7,4,0.429,374,103,0.1
kern-humdrum-corelli-op6n1,kern-humdrum-corelli-op6n1--op6n1-03,kern/humdrum-corelli,kern,ok,,7,4,0.429,825,149,0.2
kern-humdrum-corelli-op6n1,kern-humdrum-corelli-op6n1--op6n1-04,kern/humdrum-corelli,kern,ok,,7,7,0.0,942,168,0.1
kern-humdrum-corelli-op6n1,kern-humdrum-corelli-op6n1--op6n1-05,kern/humdrum-corelli,kern,ok,,7,4,0.429,743,113,0.2
kern-humdrum-corelli-op6n1,kern-humdrum-corelli-op6n1--op6n1-06,kern/humdrum-corelli,kern,ok,,7,7,0.0,1553,409,0.3
kern-humdrum-corelli-op6n10,kern-humdrum-corelli-op6n10--op6n10-01,kern/humdrum-corelli,kern,ok,,7,7,0.0,899,127,0.1
kern-humdrum-corelli-op6n10,kern-humdrum-corelli-op6n10--op6n10-02,kern/humdrum-corelli,kern,ok,,7,4,0.429,660,170,0.1
kern-humdrum-corelli-op6n10,kern-humdrum-corelli-op6n10--op6n10-03,kern/humdrum-corelli,kern,ok,,7,4,0.429,92,49,0.0
kern-humdrum-corelli-op6n10,kern-humdrum-corelli-op6n10--op6n10-04,kern/humdrum-corelli,kern,ok,,7,7,0.0,1070,232,0.2
kern-humdrum-corelli-op6n10,kern-humdrum-corelli-op6n10--op6n10-05,kern/humdrum-corelli,kern,ok,,7,7,0.0,1389,211,0.1
kern-humdrum-corelli-op6n10,kern-humdrum-corelli-op6n10--op6n10-06,kern/humdrum-corelli,kern,ok,,7,5,0.286,751,168,0.1
kern-humdrum-corelli-op6n11,kern-humdrum-corelli-op6n11--op6n11-01,kern/humdrum-corelli,kern,ok,,7,4,0.429,425,67,0.1
kern-humdrum-corelli-op6n11,kern-humdrum-corelli-op6n11--op6n11-02,kern/humdrum-corelli,kern,ok,,7,7,0.0,1211,252,0.1
kern-humdrum-corelli-op6n11,kern-humdrum-corelli-op6n11--op6n11-03,kern/humdrum-corelli,kern,ok,,7,4,0.429,44,28,0.0
kern-humdrum-corelli-op6n11,kern-humdrum-corelli-op6n11--op6n11-04,kern/humdrum-corelli,kern,ok,,7,4,0.429,312,27,0.1
kern-humdrum-corelli-op6n11,kern-humdrum-corelli-op6n11--op6n11-05,kern/humdrum-corelli,kern,ok,,7,4,0.429,191,47,0.0
kern-humdrum-corelli-op6n11,kern-humdrum-corelli-op6n11--op6n11-06a,kern/humdrum-corelli,kern,ok,,1,1,0.0,92,52,0.0
kern-humdrum-corelli-op6n11,kern-humdrum-corelli-op6n11--op6n11-06bcd,kern/humdrum-corelli,kern,ok,,3,3,0.0,363,181,0.1
kern-humdrum-corelli-op6n11,kern-humdrum-corelli-op6n11--op6n11-06e,kern/humdrum-corelli,kern,ok,,1,1,0.0,158,41,0.0
kern-humdrum-corelli-op6n11,kern-humdrum-corelli-op6n11--op6n11-06fg,kern/humdrum-corelli,kern,ok,,2,2,0.0,465,36,0.1
kern-humdrum-corelli-op6n12,kern-humdrum-corelli-op6n12--op6n12-01,kern/humdrum-corelli,kern,ok,,7,7,0.0,683,99,0.1
kern-humdrum-corelli-op6n12,kern-humdrum-corelli-op6n12--op6n12-02,kern/humdrum-corelli,kern,ok,,7,6,0.143,2241,425,0.3
kern-humdrum-corelli-op6n12,kern-humdrum-corelli-op6n12--op6n12-03,kern/humdrum-corelli,kern,ok,,7,5,0.286,384,37,0.0
kern-humdrum-corelli-op6n12,kern-humdrum-corelli-op6n12--op6n12-04,kern/humdrum-corelli,kern,ok,,7,4,0.429,244,43,0.0
kern-humdrum-corelli-op6n12,kern-humdrum-corelli-op6n12--op6n12-05,kern/humdrum-corelli,kern,ok,,7,6,0.143,1035,352,0.2
kern-humdrum-corelli-op6n2,kern-humdrum-corelli-op6n2--op6n2-02,kern/humdrum-corelli,kern,ok,,7,7,0.0,1301,140,0.2
kern-humdrum-corelli-op6n2,kern-humdrum-corelli-op6n2--op6n2-03,kern/humdrum-corelli,kern,ok,,7,4,0.429,254,77,0.0
kern-humdrum-corelli-op6n2,kern-humdrum-corelli-op6n2--op6n2-04,kern/humdrum-corelli,kern,ok,,7,7,0.0,1032,127,0.2
kern-humdrum-corelli-op6n3,kern-humdrum-corelli-op6n3--op6n3-01,kern/humdrum-corelli,kern,ok,,7,7,0.0,637,169,0.1
kern-humdrum-corelli-op6n3,kern-humdrum-corelli-op6n3--op6n3-02,kern/humdrum-corelli,kern,ok,,7,7,0.0,1733,282,0.2
kern-humdrum-corelli-op6n3,kern-humdrum-corelli-op6n3--op6n3-03,kern/humdrum-corelli,kern,ok,,7,4,0.429,180,33,0.1
kern-humdrum-corelli-op6n3,kern-humdrum-corelli-op6n3--op6n3-04,kern/humdrum-corelli,kern,ok,,7,7,0.0,980,117,0.1
kern-humdrum-corelli-op6n3,kern-humdrum-corelli-op6n3--op6n3-5abcd,kern/humdrum-corelli,kern,ok,,4,4,0.0,335,125,0.1
kern-humdrum-corelli-op6n3,kern-humdrum-corelli-op6n3--op6n3-5efg,kern/humdrum-corelli,kern,ok,,3,3,0.0,627,65,0.1
kern-humdrum-corelli-op6n4,kern-humdrum-corelli-op6n4--op6n4-01,kern/humdrum-corelli,kern,ok,,7,6,0.143,1647,325,0.2
kern-humdrum-corelli-op6n4,kern-humdrum-corelli-op6n4--op6n4-02,kern/humdrum-corelli,kern,ok,,7,7,0.0,647,34,0.0
kern-humdrum-corelli-op6n4,kern-humdrum-corelli-op6n4--op6n4-03,kern/humdrum-corelli,kern,ok,,7,7,0.0,441,58,0.0
kern-humdrum-corelli-op6n4,kern-humdrum-corelli-op6n4--op6n4-04,kern/humdrum-corelli,kern,ok,,7,7,0.0,1248,213,0.2
kern-humdrum-corelli-op6n4,kern-humdrum-corelli-op6n4--op6n4-05,kern/humdrum-corelli,kern,ok,,7,6,0.143,988,121,0.1
kern-humdrum-corelli-op6n5,kern-humdrum-corelli-op6n5--op6n5-01,kern/humdrum-corelli,kern,ok,,7,7,0.0,2766,471,0.4
kern-humdrum-corelli-op6n5,kern-humdrum-corelli-op6n5--op6n5-02,kern/humdrum-corelli,kern,ok,,7,7,0.0,648,90,0.1
kern-humdrum-corelli-op6n5,kern-humdrum-corelli-op6n5--op6n5-04,kern/humdrum-corelli,kern,ok,,7,7,0.0,194,79,0.0
kern-humdrum-corelli-op6n5,kern-humdrum-corelli-op6n5--op6n5-05,kern/humdrum-corelli,kern,ok,,7,7,0.0,1174,96,0.2
kern-humdrum-corelli-op6n6,kern-humdrum-corelli-op6n6--op6n6-01,kern/humdrum-corelli,kern,ok,,7,4,0.429,280,27,0.0
kern-humdrum-corelli-op6n6,kern-humdrum-corelli-op6n6--op6n6-02,kern/humdrum-corelli,kern,ok,,7,5,0.286,1529,393,0.2
kern-humdrum-corelli-op6n6,kern-humdrum-corelli-op6n6--op6n6-03,kern/humdrum-corelli,kern,ok,,7,5,0.286,791,108,0.1
kern-humdrum-corelli-op6n6,kern-humdrum-corelli-op6n6--op6n6-04,kern/humdrum-corelli,kern,ok,,7,6,0.143,1818,410,0.4
kern-humdrum-corelli-op6n6,kern-humdrum-corelli-op6n6--op6n6-05,kern/humdrum-corelli,kern,ok,,7,5,0.286,905,354,0.2
kern-humdrum-corelli-op6n7,kern-humdrum-corelli-op6n7--op6n7-01,kern/humdrum-corelli,kern,ok,,7,5,0.286,175,66,0.0
kern-humdrum-corelli-op6n7,kern-humdrum-corelli-op6n7--op6n7-02,kern/humdrum-corelli,kern,ok,,7,6,0.143,1422,230,0.1
kern-humdrum-corelli-op6n7,kern-humdrum-corelli-op6n7--op6n7-03,kern/humdrum-corelli,kern,ok,,7,7,0.0,835,137,0.1
kern-humdrum-corelli-op6n7,kern-humdrum-corelli-op6n7--op6n7-04,kern/humdrum-corelli,kern,ok,,7,7,0.0,779,202,0.1
kern-humdrum-corelli-op6n7,kern-humdrum-corelli-op6n7--op6n7-05,kern/humdrum-corelli,kern,ok,,7,7,0.0,755,109,0.1
kern-humdrum-corelli-op6n7,kern-humdrum-corelli-op6n7--op6n7-06,kern/humdrum-corelli,kern,ok,,7,4,0.429,660,143,0.1
kern-humdrum-corelli-op6n8,kern-humdrum-corelli-op6n8--op6n8-01,kern/humdrum-corelli,kern,ok,,7,5,0.286,58,21,0.0
kern-humdrum-corelli-op6n8,kern-humdrum-corelli-op6n8--op6n8-02,kern/humdrum-corelli,kern,ok,,7,4,0.429,141,17,0.0
kern-humdrum-corelli-op6n8,kern-humdrum-corelli-op6n8--op6n8-03,kern/humdrum-corelli,kern,ok,,7,7,0.0,1027,154,0.1
kern-humdrum-corelli-op6n8,kern-humdrum-corelli-op6n8--op6n8-04,kern/humdrum-corelli,kern,ok,,7,7,0.0,1551,117,0.1
kern-humdrum-corelli-op6n8,kern-humdrum-corelli-op6n8--op6n8-05,kern/humdrum-corelli,kern,ok,,7,7,0.0,371,40,0.0
kern-humdrum-corelli-op6n8,kern-humdrum-corelli-op6n8--op6n8-06,kern/humdrum-corelli,kern,ok,,7,7,0.0,1144,258,0.2
kern-humdrum-corelli-op6n8,kern-humdrum-corelli-op6n8--op6n8-07,kern/humdrum-corelli,kern,ok,,7,7,0.0,1612,352,0.2
kern-humdrum-corelli-op6n9,kern-humdrum-corelli-op6n9--op6n9-01,kern/humdrum-corelli,kern,ok,,7,4,0.429,353,99,0.1
kern-humdrum-corelli-op6n9,kern-humdrum-corelli-op6n9--op6n9-02,kern/humdrum-corelli,kern,ok,,7,7,0.0,1366,235,0.1
kern-humdrum-corelli-op6n9,kern-humdrum-corelli-op6n9--op6n9-03,kern/humdrum-corelli,kern,ok,,7,4,0.429,441,66,0.1
kern-humdrum-corelli-op6n9,kern-humdrum-corelli-op6n9--op6n9-04,kern/humdrum-corelli,kern,ok,,7,4,0.429,400,88,0.1
kern-humdrum-corelli-op6n9,kern-humdrum-corelli-op6n9--op6n9-05,kern/humdrum-corelli,kern,ok,,7,4,0.429,52,35,0.0
kern-humdrum-corelli-op6n9,kern-humdrum-corelli-op6n9--op6n9-06,kern/humdrum-corelli,kern,ok,,7,6,0.143,646,204,0.1
kern-humdrum-haydn-quartets-op01n0,kern-humdrum-haydn-quartets-op01n0--op01n0-01,kern/humdrum-haydn-quartets,kern,ok,,4,4,0.0,894,257,0.1
kern-humdrum-haydn-quartets-op01n0,kern-humdrum-haydn-quartets-op01n0--op01n0-02,kern/humdrum-haydn-quartets,kern,ok,,4,4,0.0,587,117,0.1
kern-humdrum-haydn-quartets-op01n0,kern-humdrum-haydn-quartets-op01n0--op01n0-03,kern/humdrum-haydn-quartets,kern,ok,,5,5,0.0,1038,450,0.1
kern-humdrum-haydn-quartets-op01n0,kern-humdrum-haydn-quartets-op01n0--op01n0-05,kern/humdrum-haydn-quartets,kern,ok,,4,4,0.0,877,165,0.1
kern-humdrum-haydn-quartets-op01n1,kern-humdrum-haydn-quartets-op01n1--op01n1-01,kern/humdrum-haydn-quartets,kern,ok,,4,4,0.0,1003,178,0.1
kern-humdrum-haydn-quartets-op01n1,kern-humdrum-haydn-quartets-op01n1--op01n1-02,kern/humdrum-haydn-quartets,kern,ok,,4,4,0.0,519,152,0.1
kern-humdrum-haydn-quartets-op01n1,kern-humdrum-haydn-quartets-op01n1--op01n1-03,kern/humdrum-haydn-quartets,kern,ok,,4,4,0.0,1878,56,0.2
kern-humdrum-haydn-quartets-op01n1,kern-humdrum-haydn-quartets-op01n1--op01n1-04,kern/humdrum-haydn-quartets,kern,ok,,4,4,0.0,443,73,0.0
kern-humdrum-haydn-quartets-op01n1,kern-humdrum-haydn-quartets-op01n1--op01n1-05,kern/humdrum-haydn-quartets,kern,ok,,4,4,0.0,813,128,0.1
kern-humdrum-haydn-quartets-op01n2,kern-humdrum-haydn-quartets-op01n2--op01n2-01,kern/humdrum-haydn-quartets,kern,ok,,4,4,0.0,1201,237,0.2
kern-humdrum-haydn-quartets-op01n2,kern-humdrum-haydn-quartets-op01n2--op01n2-02,kern/humdrum-haydn-quartets,kern,ok,,4,4,0.0,694,66,0.1
kern-humdrum-haydn-quartets-op01n2,kern-humdrum-haydn-quartets-op01n2--op01n2-03,kern/humdrum-haydn-quartets,kern,ok,,4,4,0.0,997,278,0.1
kern-humdrum-haydn-quartets-op01n2,kern-humdrum-haydn-quartets-op01n2--op01n2-04,kern/humdrum-haydn-quartets,kern,ok,,4,4,0.0,540,116,0.1
kern-humdrum-haydn-quartets-op01n2,kern-humdrum-haydn-quartets-op01n2--op01n2-05,kern/humdrum-haydn-quartets,kern,ok,,4,4,0.0,912,116,0.1
kern-humdrum-haydn-quartets-op01n3,kern-humdrum-haydn-quartets-op01n3--op01n3-01,kern/humdrum-haydn-quartets,kern,ok,,4,4,0.0,1779,108,0.2
kern-humdrum-haydn-quartets-op01n3,kern-humdrum-haydn-quartets-op01n3--op01n3-03,kern/humdrum-haydn-quartets,kern,ok,,4,4,0.0,587,131,0.1
kern-humdrum-haydn-quartets-op01n3,kern-humdrum-haydn-quartets-op01n3--op01n3-04,kern/humdrum-haydn-quartets,kern,ok,,4,4,0.0,521,67,0.1
kern-humdrum-haydn-quartets-op01n3,kern-humdrum-haydn-quartets-op01n3--op01n3-05,kern/humdrum-haydn-quartets,kern,ok,,4,4,0.0,1164,223,0.2
kern-humdrum-haydn-quartets-op01n4,kern-humdrum-haydn-quartets-op01n4--op01n4-01,kern/humdrum-haydn-quartets,kern,ok,,4,4,0.0,1350,333,0.2
kern-humdrum-haydn-quartets-op01n4,kern-humdrum-haydn-quartets-op01n4--op01n4-02,kern/humdrum-haydn-quartets,kern,ok,,4,4,0.0,692,92,0.1
kern-humdrum-haydn-quartets-op01n4,kern-humdrum-haydn-quartets-op01n4--op01n4-03,kern/humdrum-haydn-quartets,kern,ok,,4,4,0.0,1257,184,0.1
kern-humdrum-haydn-quartets-op01n4,kern-humdrum-haydn-quartets-op01n4--op01n4-04,kern/humdrum-haydn-quartets,kern,ok,,4,4,0.0,670,65,0.1
kern-humdrum-haydn-quartets-op01n4,kern-humdrum-haydn-quartets-op01n4--op01n4-05,kern/humdrum-haydn-quartets,kern,ok,,4,4,0.0,1102,284,0.1
kern-humdrum-haydn-quartets-op01n6,kern-humdrum-haydn-quartets-op01n6--op01n6-01,kern/humdrum-haydn-quartets,kern,ok,,4,4,0.0,921,111,0.1
kern-humdrum-haydn-quartets-op01n6,kern-humdrum-haydn-quartets-op01n6--op01n6-02,kern/humdrum-haydn-quartets,kern,ok,,4,4,0.0,563,109,0.1
kern-humdrum-haydn-quartets-op01n6,kern-humdrum-haydn-quartets-op01n6--op01n6-04,kern/humdrum-haydn-quartets,kern,ok,,4,4,0.0,793,104,0.1
kern-humdrum-haydn-quartets-op01n6,kern-humdrum-haydn-quartets-op01n6--op01n6-05,kern/humdrum-haydn-quartets,kern,ok,,4,4,0.0,893,144,0.1
kern-humdrum-haydn-quartets-op09n2,kern-humdrum-haydn-quartets-op09n2--op09n2-01,kern/humdrum-haydn-quartets,kern,ok,,4,4,0.0,2478,292,0.3
kern-humdrum-haydn-quartets-op09n2,kern-humdrum-haydn-quartets-op09n2--op09n2-02,kern/humdrum-haydn-quartets,kern,ok,,4,4,0.0,410,52,0.1
kern-humdrum-haydn-quartets-op09n2,kern-humdrum-haydn-quartets-op09n2--op09n2-03,kern/humdrum-haydn-quartets,kern,ok,,4,4,0.0,880,454,0.1
kern-humdrum-haydn-quartets-op09n2,kern-humdrum-haydn-quartets-op09n2--op09n2-04,kern/humdrum-haydn-quartets,kern,ok,,4,4,0.0,1243,167,0.2
kern-humdrum-haydn-quartets-op09n3,kern-humdrum-haydn-quartets-op09n3--op09n3-01,kern/humdrum-haydn-quartets,kern,ok,,5,5,0.0,1928,221,0.2
kern-humdrum-haydn-quartets-op09n3,kern-humdrum-haydn-quartets-op09n3--op09n3-02,kern/humdrum-haydn-quartets,kern,ok,,4,4,0.0,424,70,0.0
kern-humdrum-haydn-quartets-op09n3,kern-humdrum-haydn-quartets-op09n3--op09n3-03,kern/humdrum-haydn-quartets,kern,ok,,4,4,0.0,1597,242,0.3
kern-humdrum-haydn-quartets-op09n3,kern-humdrum-haydn-quartets-op09n3--op09n3-04,kern/humdrum-haydn-quartets,kern,ok,,4,4,0.0,1202,244,0.2
kern-humdrum-haydn-quartets-op103-02,kern-humdrum-haydn-quartets-op103-02--op103-02,kern/humdrum-haydn-quartets,kern,ok,,4,4,0.0,433,95,0.1
kern-humdrum-haydn-quartets-op17n1,kern-humdrum-haydn-quartets-op17n1--op17n1-01,kern/humdrum-haydn-quartets,kern,ok,,4,4,0.0,2217,249,0.3
kern-humdrum-haydn-quartets-op17n1,kern-humdrum-haydn-quartets-op17n1--op17n1-02,kern/humdrum-haydn-quartets,kern,ok,,4,4,0.0,601,60,0.1
kern-humdrum-haydn-quartets-op17n1,kern-humdrum-haydn-quartets-op17n1--op17n1-03,kern/humdrum-haydn-quartets,kern,ok,,4,4,0.0,1462,310,0.2
kern-humdrum-haydn-quartets-op17n1,kern-humdrum-haydn-quartets-op17n1--op17n1-04,kern/humdrum-haydn-quartets,kern,ok,,4,4,0.0,2377,339,0.5
kern-humdrum-haydn-quartets-op17n2,kern-humdrum-haydn-quartets-op17n2--op17n2-01,kern/humdrum-haydn-quartets,kern,ok,,4,4,0.0,2050,157,0.2
kern-humdrum-haydn-quartets-op17n2,kern-humdrum-haydn-quartets-op17n2--op17n2-02,kern/humdrum-haydn-quartets,kern,ok,,4,4,0.0,496,44,0.1
kern-humdrum-haydn-quartets-op17n2,kern-humdrum-haydn-quartets-op17n2--op17n2-03,kern/humdrum-haydn-quartets,kern,ok,,4,4,0.0,1633,228,0.3
kern-humdrum-haydn-quartets-op17n2,kern-humdrum-haydn-quartets-op17n2--op17n2-04,kern/humdrum-haydn-quartets,kern,ok,,4,4,0.0,2051,257,0.3
kern-humdrum-haydn-quartets-op17n3,kern-humdrum-haydn-quartets-op17n3--op17n3-01,kern/humdrum-haydn-quartets,kern,ok,,4,4,0.0,1699,287,0.3
kern-humdrum-haydn-quartets-op17n3,kern-humdrum-haydn-quartets-op17n3--op17n3-02,kern/humdrum-haydn-quartets,kern,ok,,4,4,0.0,645,81,0.1
kern-humdrum-haydn-quartets-op17n3,kern-humdrum-haydn-quartets-op17n3--op17n3-03,kern/humdrum-haydn-quartets,kern,ok,,4,4,0.0,1420,112,0.2
kern-humdrum-haydn-quartets-op17n3,kern-humdrum-haydn-quartets-op17n3--op17n3-04,kern/humdrum-haydn-quartets,kern,ok,,4,4,0.0,1681,147,0.2
kern-humdrum-haydn-quartets-op17n5,kern-humdrum-haydn-quartets-op17n5--op17n5-01,kern/humdrum-haydn-quartets,kern,ok,,4,4,0.0,2155,281,0.3
kern-humdrum-haydn-quartets-op17n5,kern-humdrum-haydn-quartets-op17n5--op17n5-02,kern/humdrum-haydn-quartets,kern,ok,,4,4,0.0,538,102,0.1
kern-humdrum-haydn-quartets-op17n5,kern-humdrum-haydn-quartets-op17n5--op17n5-03,kern/humdrum-haydn-quartets,kern,ok,,4,4,0.0,1113,190,0.2
kern-humdrum-haydn-quartets-op17n5,kern-humdrum-haydn-quartets-op17n5--op17n5-04,kern/humdrum-haydn-quartets,kern,ok,,4,4,0.0,1535,231,0.2
kern-humdrum-haydn-quartets-op17n6,kern-humdrum-haydn-quartets-op17n6--op17n6-01,kern/humdrum-haydn-quartets,kern,ok,,4,4,0.0,2568,359,0.4
kern-humdrum-haydn-quartets-op17n6,kern-humdrum-haydn-quartets-op17n6--op17n6-02,kern/humdrum-haydn-quartets,kern,ok,,4,4,0.0,433,74,0.1
kern-humdrum-haydn-quartets-op17n6,kern-humdrum-haydn-quartets-op17n6--op17n6-03,kern/humdrum-haydn-quartets,kern,ok,,4,4,0.0,1561,205,0.1
kern-humdrum-haydn-quartets-op17n6,kern-humdrum-haydn-quartets-op17n6--op17n6-04,kern/humdrum-haydn-quartets,kern,ok,,4,4,0.0,1675,242,0.3
kern-humdrum-haydn-quartets-op20n1,kern-humdrum-haydn-quartets-op20n1--op20n1-01,kern/humdrum-haydn-quartets,kern,ok,,4,4,0.0,2282,343,0.3
kern-humdrum-haydn-quartets-op20n1,kern-humdrum-haydn-quartets-op20n1--op20n1-02,kern/humdrum-haydn-quartets,kern,ok,,4,4,0.0,495,114,0.1
kern-humdrum-haydn-quartets-op20n1,kern-humdrum-haydn-quartets-op20n1--op20n1-04,kern/humdrum-haydn-quartets,kern,ok,,4,4,0.0,1234,258,0.3
kern-humdrum-haydn-quartets-op20n2,kern-humdrum-haydn-quartets-op20n2--op20n2-01,kern/humdrum-haydn-quartets,kern,ok,,4,4,0.0,2496,259,0.3
kern-humdrum-haydn-quartets-op20n2,kern-humdrum-haydn-quartets-op20n2--op20n2-03,kern/humdrum-haydn-quartets,kern,ok,,4,4,0.0,551,134,0.1
kern-humdrum-haydn-quartets-op20n2,kern-humdrum-haydn-quartets-op20n2--op20n2-04,kern/humdrum-haydn-quartets,kern,ok,,4,4,0.0,2502,274,0.3
kern-humdrum-haydn-quartets-op20n3,kern-humdrum-haydn-quartets-op20n3--op20n3-02,kern/humdrum-haydn-quartets,kern,ok,,4,4,0.0,740,125,0.1
kern-humdrum-haydn-quartets-op20n3,kern-humdrum-haydn-quartets-op20n3--op20n3-03,kern/humdrum-haydn-quartets,kern,ok,,4,4,0.0,1869,202,0.3
kern-humdrum-haydn-quartets-op20n3,kern-humdrum-haydn-quartets-op20n3--op20n3-04,kern/humdrum-haydn-quartets,kern,ok,,4,4,0.0,1497,282,0.2
kern-humdrum-haydn-quartets-op20n4,kern-humdrum-haydn-quartets-op20n4--op20n4-03,kern/humdrum-haydn-quartets,kern,ok,,4,4,0.0,359,43,0.0
kern-humdrum-haydn-quartets-op20n4,kern-humdrum-haydn-quartets-op20n4--op20n4-04,kern/humdrum-haydn-quartets,kern,ok,,4,4,0.0,2721,383,0.4
kern-humdrum-haydn-quartets-op20n5,kern-humdrum-haydn-quartets-op20n5--op20n5-01,kern/humdrum-haydn-quartets,kern,ok,,4,4,0.0,3224,521,0.4
kern-humdrum-haydn-quartets-op20n5,kern-humdrum-haydn-quartets-op20n5--op20n5-02,kern/humdrum-haydn-quartets,kern,ok,,4,4,0.0,798,166,0.2
kern-humdrum-haydn-quartets-op20n5,kern-humdrum-haydn-quartets-op20n5--op20n5-03,kern/humdrum-haydn-quartets,kern,ok,,4,4,0.0,1747,177,0.2
kern-humdrum-haydn-quartets-op20n5,kern-humdrum-haydn-quartets-op20n5--op20n5-04,kern/humdrum-haydn-quartets,kern,ok,,4,4,0.0,1545,232,0.3
kern-humdrum-haydn-quartets-op20n6,kern-humdrum-haydn-quartets-op20n6--op20n6-01,kern/humdrum-haydn-quartets,kern,ok,,5,5,0.0,2594,600,0.4
kern-humdrum-haydn-quartets-op20n6,kern-humdrum-haydn-quartets-op20n6--op20n6-02,kern/humdrum-haydn-quartets,kern,ok,,4,4,0.0,1629,338,0.2
kern-humdrum-haydn-quartets-op20n6,kern-humdrum-haydn-quartets-op20n6--op20n6-03,kern/humdrum-haydn-quartets,kern,ok,,4,4,0.0,331,88,0.1
kern-humdrum-haydn-quartets-op20n6,kern-humdrum-haydn-quartets-op20n6--op20n6-04,kern/humdrum-haydn-quartets,kern,ok,,4,4,0.0,2055,235,0.2
kern-humdrum-haydn-quartets-op33n1,kern-humdrum-haydn-quartets-op33n1--op33n1-01,kern/humdrum-haydn-quartets,kern,ok,,4,4,0.0,1888,326,0.2
kern-humdrum-haydn-quartets-op33n1,kern-humdrum-haydn-quartets-op33n1--op33n1-02,kern/humdrum-haydn-quartets,kern,ok,,4,4,0.0,489,117,0.1
kern-humdrum-haydn-quartets-op33n1,kern-humdrum-haydn-quartets-op33n1--op33n1-03,kern/humdrum-haydn-quartets,kern,ok,,4,4,0.0,1739,187,0.2
kern-humdrum-haydn-quartets-op33n1,kern-humdrum-haydn-quartets-op33n1--op33n1-04,kern/humdrum-haydn-quartets,kern,ok,,4,4,0.0,2091,320,0.4
kern-humdrum-haydn-quartets-op33n2,kern-humdrum-haydn-quartets-op33n2--op33n2-01,kern/humdrum-haydn-quartets,kern,ok,,4,4,0.0,1907,444,0.3
kern-humdrum-haydn-quartets-op33n2,kern-humdrum-haydn-quartets-op33n2--op33n2-02,kern/humdrum-haydn-quartets,kern,ok,,4,4,0.0,676,173,0.1
kern-humdrum-haydn-quartets-op33n2,kern-humdrum-haydn-quartets-op33n2--op33n2-03,kern/humdrum-haydn-quartets,kern,ok,,4,4,0.0,1029,192,0.1
kern-humdrum-haydn-quartets-op33n2,kern-humdrum-haydn-quartets-op33n2--op33n2-04,kern/humdrum-haydn-quartets,kern,ok,,4,4,0.0,1621,452,0.3
kern-humdrum-haydn-quartets-op33n3,kern-humdrum-haydn-quartets-op33n3--op33n3-01,kern/humdrum-haydn-quartets,kern,ok,,4,4,0.0,2438,320,0.3
kern-humdrum-haydn-quartets-op33n3,kern-humdrum-haydn-quartets-op33n3--op33n3-02,kern/humdrum-haydn-quartets,kern,ok,,4,4,0.0,449,60,0.0
kern-humdrum-haydn-quartets-op33n3,kern-humdrum-haydn-quartets-op33n3--op33n3-03,kern/humdrum-haydn-quartets,kern,ok,,4,4,0.0,1526,226,0.2
kern-humdrum-haydn-quartets-op33n3,kern-humdrum-haydn-quartets-op33n3--op33n3-04,kern/humdrum-haydn-quartets,kern,ok,,5,5,0.0,2107,462,0.3
kern-humdrum-haydn-quartets-op33n4,kern-humdrum-haydn-quartets-op33n4--op33n4-01,kern/humdrum-haydn-quartets,kern,ok,,4,4,0.0,2193,389,0.2
kern-humdrum-haydn-quartets-op33n4,kern-humdrum-haydn-quartets-op33n4--op33n4-02,kern/humdrum-haydn-quartets,kern,ok,,4,4,0.0,346,118,0.0
kern-humdrum-haydn-quartets-op33n4,kern-humdrum-haydn-quartets-op33n4--op33n4-03,kern/humdrum-haydn-quartets,kern,ok,,4,4,0.0,1369,177,0.1
kern-humdrum-haydn-quartets-op33n4,kern-humdrum-haydn-quartets-op33n4--op33n4-04,kern/humdrum-haydn-quartets,kern,ok,,4,4,0.0,2523,774,0.5
kern-humdrum-haydn-quartets-op33n5,kern-humdrum-haydn-quartets-op33n5--op33n5-01,kern/humdrum-haydn-quartets,kern,ok,,4,4,0.0,2925,418,0.6
kern-humdrum-haydn-quartets-op33n5,kern-humdrum-haydn-quartets-op33n5--op33n5-02,kern/humdrum-haydn-quartets,kern,ok,,4,4,0.0,1400,297,0.1
kern-humdrum-haydn-quartets-op33n5,kern-humdrum-haydn-quartets-op33n5--op33n5-03,kern/humdrum-haydn-quartets,kern,ok,,4,4,0.0,599,113,0.2
kern-humdrum-haydn-quartets-op33n5,kern-humdrum-haydn-quartets-op33n5--op33n5-04,kern/humdrum-haydn-quartets,kern,ok,,4,4,0.0,1946,157,0.2
kern-humdrum-haydn-quartets-op33n6,kern-humdrum-haydn-quartets-op33n6--op33n6-01,kern/humdrum-haydn-quartets,kern,ok,,4,4,0.0,2026,325,0.3
kern-humdrum-haydn-quartets-op33n6,kern-humdrum-haydn-quartets-op33n6--op33n6-02,kern/humdrum-haydn-quartets,kern,ok,,4,4,0.0,866,96,0.1
kern-humdrum-haydn-quartets-op33n6,kern-humdrum-haydn-quartets-op33n6--op33n6-03,kern/humdrum-haydn-quartets,kern,ok,,4,4,0.0,479,102,0.1
kern-humdrum-haydn-quartets-op33n6,kern-humdrum-haydn-quartets-op33n6--op33n6-04,kern/humdrum-haydn-quartets,kern,ok,,4,4,0.0,1379,372,0.2
kern-humdrum-haydn-quartets-op42-01,kern-humdrum-haydn-quartets-op42-01--op42-01,kern/humdrum-haydn-quartets,kern,ok,,4,4,0.0,1344,359,0.2
kern-humdrum-haydn-quartets-op50n1,kern-humdrum-haydn-quartets-op50n1--op50n1-01,kern/humdrum-haydn-quartets,kern,ok,,4,4,0.0,2569,306,0.5
kern-humdrum-haydn-quartets-op50n1,kern-humdrum-haydn-quartets-op50n1--op50n1-02,kern/humdrum-haydn-quartets,kern,ok,,4,4,0.0,1452,261,0.2
kern-humdrum-haydn-quartets-op50n1,kern-humdrum-haydn-quartets-op50n1--op50n1-03,kern/humdrum-haydn-quartets,kern,ok,,4,4,0.0,553,193,0.1
kern-humdrum-haydn-quartets-op50n1,kern-humdrum-haydn-quartets-op50n1--op50n1-04,kern/humdrum-haydn-quartets,kern,ok,,4,4,0.0,2419,374,0.4
kern-humdrum-haydn-quartets-op50n2,kern-humdrum-haydn-quartets-op50n2--op50n2-01,kern/humdrum-haydn-quartets,kern,ok,,4,4,0.0,2340,524,0.5
kern-humdrum-haydn-quartets-op50n2,kern-humdrum-haydn-quartets-op50n2--op50n2-02,kern/humdrum-haydn-quartets,kern,ok,,4,4,0.0,1114,435,0.1
kern-humdrum-haydn-quartets-op50n2,kern-humdrum-haydn-quartets-op50n2--op50n2-03,kern/humdrum-haydn-quartets,kern,ok,,4,4,0.0,596,181,0.1
kern-humdrum-haydn-quartets-op50n2,kern-humdrum-haydn-quartets-op50n2--op50n2-04,kern/humdrum-haydn-quartets,kern,ok,,4,4,0.0,3103,415,0.4
kern-humdrum-haydn-quartets-op50n3,kern-humdrum-haydn-quartets-op50n3--op50n3-01,kern/humdrum-haydn-quartets,kern,ok,,4,4,0.0,2507,493,0.3
kern-humdrum-haydn-quartets-op50n3,kern-humdrum-haydn-quartets-op50n3--op50n3-03,kern/humdrum-haydn-quartets,kern,ok,,4,4,0.0,804,116,0.1
kern-humdrum-haydn-quartets-op50n3,kern-humdrum-haydn-quartets-op50n3--op50n3-04,kern/humdrum-haydn-quartets,kern,ok,,4,4,0.0,1613,420,0.3
kern-humdrum-haydn-quartets-op50n4,kern-humdrum-haydn-quartets-op50n4--op50n4-01,kern/humdrum-haydn-quartets,kern,ok,,4,4,0.0,3203,371,0.4
kern-humdrum-haydn-quartets-op50n4,kern-humdrum-haydn-quartets-op50n4--op50n4-03,kern/humdrum-haydn-quartets,kern,ok,,4,4,0.0,658,77,0.1
kern-humdrum-haydn-quartets-op50n4,kern-humdrum-haydn-quartets-op50n4--op50n4-04,kern/humdrum-haydn-quartets,kern,ok,,4,4,0.0,1397,193,0.1
kern-humdrum-haydn-quartets-op50n5,kern-humdrum-haydn-quartets-op50n5--op50n5-03,kern/humdrum-haydn-quartets,kern,ok,,4,4,0.0,620,180,0.1
kern-humdrum-haydn-quartets-op50n5,kern-humdrum-haydn-quartets-op50n5--op50n5-04,kern/humdrum-haydn-quartets,kern,ok,,4,4,0.0,2483,248,0.4
kern-humdrum-haydn-quartets-op50n6,kern-humdrum-haydn-quartets-op50n6--op50n6-01,kern/humdrum-haydn-quartets,kern,ok,,4,4,0.0,2568,254,0.3
kern-humdrum-haydn-quartets-op50n6,kern-humdrum-haydn-quartets-op50n6--op50n6-02,kern/humdrum-haydn-quartets,kern,ok,,4,4,0.0,1946,187,0.2
kern-humdrum-haydn-quartets-op50n6,kern-humdrum-haydn-quartets-op50n6--op50n6-03,kern/humdrum-haydn-quartets,kern,ok,,4,4,0.0,714,180,0.1
kern-humdrum-haydn-quartets-op50n6,kern-humdrum-haydn-quartets-op50n6--op50n6-04,kern/humdrum-haydn-quartets,kern,ok,,4,4,0.0,2897,488,0.5
kern-humdrum-haydn-quartets-op54n1,kern-humdrum-haydn-quartets-op54n1--op54n1-01,kern/humdrum-haydn-quartets,kern,ok,,4,4,0.0,3073,351,0.3
kern-humdrum-haydn-quartets-op54n1,kern-humdrum-haydn-quartets-op54n1--op54n1-02,kern/humdrum-haydn-quartets,kern,ok,,4,4,0.0,2007,120,0.3
kern-humdrum-haydn-quartets-op54n1,kern-humdrum-haydn-quartets-op54n1--op54n1-03,kern/humdrum-haydn-quartets,kern,ok,,4,4,0.0,738,111,0.1
kern-humdrum-haydn-quartets-op54n1,kern-humdrum-haydn-quartets-op54n1--op54n1-04,kern/humdrum-haydn-quartets,kern,ok,,4,4,0.0,2752,345,0.4
kern-humdrum-haydn-quartets-op54n2,kern-humdrum-haydn-quartets-op54n2--op54n2-01,kern/humdrum-haydn-quartets,kern,ok,,4,4,0.0,2649,798,0.7
kern-humdrum-haydn-quartets-op54n2,kern-humdrum-haydn-quartets-op54n2--op54n2-03,kern/humdrum-haydn-quartets,kern,ok,,4,4,0.0,672,148,0.2
kern-humdrum-haydn-quartets-op54n2,kern-humdrum-haydn-quartets-op54n2--op54n2-04,kern/humdrum-haydn-quartets,kern,ok,,4,4,0.0,2470,342,0.4
kern-humdrum-haydn-quartets-op54n3,kern-humdrum-haydn-quartets-op54n3--op54n3-01,kern/humdrum-haydn-quartets,kern,ok,,4,4,0.0,2403,245,0.5
kern-humdrum-haydn-quartets-op54n3,kern-humdrum-haydn-quartets-op54n3--op54n3-02,kern/humdrum-haydn-quartets,kern,ok,,4,4,0.0,1837,256,0.2
kern-humdrum-haydn-quartets-op54n3,kern-humdrum-haydn-quartets-op54n3--op54n3-03,kern/humdrum-haydn-quartets,kern,ok,,4,4,0.0,689,108,0.1
kern-humdrum-haydn-quartets-op54n3,kern-humdrum-haydn-quartets-op54n3--op54n3-04,kern/humdrum-haydn-quartets,kern,ok,,4,4,0.0,2269,248,0.4
kern-humdrum-haydn-quartets-op55n1,kern-humdrum-haydn-quartets-op55n1--op55n1-02,kern/humdrum-haydn-quartets,kern,ok,,4,4,0.0,1713,141,0.2
kern-humdrum-haydn-quartets-op55n1,kern-humdrum-haydn-quartets-op55n1--op55n1-03,kern/humdrum-haydn-quartets,kern,ok,,4,4,0.0,619,144,0.1
kern-humdrum-haydn-quartets-op55n1,kern-humdrum-haydn-quartets-op55n1--op55n1-04,kern/humdrum-haydn-quartets,kern,ok,,4,4,0.0,1900,293,0.3
kern-humdrum-haydn-quartets-op55n2,kern-humdrum-haydn-quartets-op55n2--op55n2-01,kern/humdrum-haydn-quartets,kern,ok,,4,4,0.0,3865,256,0.5
kern-humdrum-haydn-quartets-op55n2,kern-humdrum-haydn-quartets-op55n2--op55n2-02,kern/humdrum-haydn-quartets,kern,ok,,4,4,0.0,2239,374,0.4
kern-humdrum-haydn-quartets-op55n2,kern-humdrum-haydn-quartets-op55n2--op55n2-03,kern/humdrum-haydn-quartets,kern,ok,,4,4,0.0,721,179,0.1
kern-humdrum-haydn-quartets-op55n2,kern-humdrum-haydn-quartets-op55n2--op55n2-04,kern/humdrum-haydn-quartets,kern,ok,,4,4,0.0,2231,416,0.3
kern-humdrum-haydn-quartets-op55n3,kern-humdrum-haydn-quartets-op55n3--op55n3-01,kern/humdrum-haydn-quartets,kern,ok,,4,4,0.0,1960,265,0.4
kern-humdrum-haydn-quartets-op55n3,kern-humdrum-haydn-quartets-op55n3--op55n3-02,kern/humdrum-haydn-quartets,kern,ok,,4,4,0.0,1527,625,0.3
kern-humdrum-haydn-quartets-op55n3,kern-humdrum-haydn-quartets-op55n3--op55n3-04,kern/humdrum-haydn-quartets,kern,ok,,4,4,0.0,2277,292,0.3
kern-humdrum-haydn-quartets-op64n1,kern-humdrum-haydn-quartets-op64n1--op64n1-02,kern/humdrum-haydn-quartets,kern,ok,,4,4,0.0,665,169,0.1
kern-humdrum-haydn-quartets-op64n1,kern-humdrum-haydn-quartets-op64n1--op64n1-04,kern/humdrum-haydn-quartets,kern,ok,,4,4,0.0,2166,503,0.3
kern-humdrum-haydn-quartets-op64n2,kern-humdrum-haydn-quartets-op64n2--op64n2-03,kern/humdrum-haydn-quartets,kern,ok,,4,4,0.0,568,167,0.1
kern-humdrum-haydn-quartets-op64n2,kern-humdrum-haydn-quartets-op64n2--op64n2-04,kern/humdrum-haydn-quartets,kern,ok,,4,4,0.0,2144,493,0.4
kern-humdrum-haydn-quartets-op64n3,kern-humdrum-haydn-quartets-op64n3--op64n3-01,kern/humdrum-haydn-quartets,kern,ok,,4,4,0.0,3166,366,0.4
kern-humdrum-haydn-quartets-op64n3,kern-humdrum-haydn-quartets-op64n3--op64n3-03,kern/humdrum-haydn-quartets,kern,ok,,4,4,0.0,853,260,0.2
kern-humdrum-haydn-quartets-op64n3,kern-humdrum-haydn-quartets-op64n3--op64n3-04,kern/humdrum-haydn-quartets,kern,ok,,4,4,0.0,2513,460,0.4
kern-humdrum-haydn-quartets-op64n4,kern-humdrum-haydn-quartets-op64n4--op64n4-01,kern/humdrum-haydn-quartets,kern,ok,,4,4,0.0,2126,332,0.2
kern-humdrum-haydn-quartets-op64n4,kern-humdrum-haydn-quartets-op64n4--op64n4-02,kern/humdrum-haydn-quartets,kern,ok,,4,4,0.0,697,151,0.1
kern-humdrum-haydn-quartets-op64n4,kern-humdrum-haydn-quartets-op64n4--op64n4-03,kern/humdrum-haydn-quartets,kern,ok,,4,4,0.0,1944,108,0.2
kern-humdrum-haydn-quartets-op64n4,kern-humdrum-haydn-quartets-op64n4--op64n4-04,kern/humdrum-haydn-quartets,kern,ok,,4,4,0.0,2381,397,0.4
kern-humdrum-haydn-quartets-op64n5,kern-humdrum-haydn-quartets-op64n5--op64n5-02,kern/humdrum-haydn-quartets,kern,ok,,4,4,0.0,1282,175,0.2
kern-humdrum-haydn-quartets-op64n5,kern-humdrum-haydn-quartets-op64n5--op64n5-03,kern/humdrum-haydn-quartets,kern,ok,,4,4,0.0,736,133,0.1
kern-humdrum-haydn-quartets-op64n5,kern-humdrum-haydn-quartets-op64n5--op64n5-04,kern/humdrum-haydn-quartets,kern,ok,,4,4,0.0,2113,250,0.3
kern-humdrum-haydn-quartets-op64n6,kern-humdrum-haydn-quartets-op64n6--op64n6-01,kern/humdrum-haydn-quartets,kern,ok,,4,4,0.0,1769,297,0.3
kern-humdrum-haydn-quartets-op64n6,kern-humdrum-haydn-quartets-op64n6--op64n6-02,kern/humdrum-haydn-quartets,kern,ok,,4,4,0.0,1387,68,0.2
kern-humdrum-haydn-quartets-op64n6,kern-humdrum-haydn-quartets-op64n6--op64n6-03,kern/humdrum-haydn-quartets,kern,ok,,4,4,0.0,664,114,0.1
kern-humdrum-haydn-quartets-op64n6,kern-humdrum-haydn-quartets-op64n6--op64n6-04,kern/humdrum-haydn-quartets,kern,ok,,4,4,0.0,2847,403,0.4
kern-humdrum-haydn-quartets-op71n1,kern-humdrum-haydn-quartets-op71n1--op71n1-01,kern/humdrum-haydn-quartets,kern,ok,,4,4,0.0,2857,529,0.4
kern-humdrum-haydn-quartets-op71n1,kern-humdrum-haydn-quartets-op71n1--op71n1-02,kern/humdrum-haydn-quartets,kern,ok,,4,4,0.0,972,134,0.1
kern-humdrum-haydn-quartets-op71n1,kern-humdrum-haydn-quartets-op71n1--op71n1-03,kern/humdrum-haydn-quartets,kern,ok,,4,4,0.0,594,136,0.1
kern-humdrum-haydn-quartets-op71n1,kern-humdrum-haydn-quartets-op71n1--op71n1-04,kern/humdrum-haydn-quartets,kern,ok,,4,4,0.0,2994,385,0.5
kern-humdrum-haydn-quartets-op71n2,kern-humdrum-haydn-quartets-op71n2--op71n2-01,kern/humdrum-haydn-quartets,kern,ok,,4,4,0.0,2850,386,0.3
kern-humdrum-haydn-quartets-op71n2,kern-humdrum-haydn-quartets-op71n2--op71n2-02,kern/humdrum-haydn-quartets,kern,ok,,4,4,0.0,1545,172,0.2
kern-humdrum-haydn-quartets-op71n2,kern-humdrum-haydn-quartets-op71n2--op71n2-03,kern/humdrum-haydn-quartets,kern,ok,,4,4,0.0,350,92,0.0
kern-humdrum-haydn-quartets-op71n2,kern-humdrum-haydn-quartets-op71n2--op71n2-04,kern/humdrum-haydn-quartets,kern,ok,,4,4,0.0,2081,300,0.3
kern-humdrum-haydn-quartets-op71n3,kern-humdrum-haydn-quartets-op71n3--op71n3-01,kern/humdrum-haydn-quartets,kern,ok,,4,4,0.0,3469,436,0.7
kern-humdrum-haydn-quartets-op71n3,kern-humdrum-haydn-quartets-op71n3--op71n3-02,kern/humdrum-haydn-quartets,kern,ok,,4,4,0.0,1791,209,0.3
kern-humdrum-haydn-quartets-op71n3,kern-humdrum-haydn-quartets-op71n3--op71n3-03,kern/humdrum-haydn-quartets,kern,ok,,4,4,0.0,883,139,0.1
kern-humdrum-haydn-quartets-op71n3,kern-humdrum-haydn-quartets-op71n3--op71n3-04,kern/humdrum-haydn-quartets,kern,ok,,4,4,0.0,2331,319,0.3
kern-humdrum-haydn-quartets-op74n1,kern-humdrum-haydn-quartets-op74n1--op74n1-01,kern/humdrum-haydn-quartets,kern,ok,,4,4,0.0,2720,279,0.4
kern-humdrum-haydn-quartets-op74n1,kern-humdrum-haydn-quartets-op74n1--op74n1-02,kern/humdrum-haydn-quartets,kern,ok,,4,4,0.0,1875,360,0.3
kern-humdrum-haydn-quartets-op74n1,kern-humdrum-haydn-quartets-op74n1--op74n1-03,kern/humdrum-haydn-quartets,kern,ok,,4,4,0.0,890,210,0.2
kern-humdrum-haydn-quartets-op74n1,kern-humdrum-haydn-quartets-op74n1--op74n1-04,kern/humdrum-haydn-quartets,kern,ok,,4,4,0.0,3370,459,0.7
kern-humdrum-haydn-quartets-op74n2,kern-humdrum-haydn-quartets-op74n2--op74n2-01,kern/humdrum-haydn-quartets,kern,ok,,4,4,0.0,3628,369,0.6
kern-humdrum-haydn-quartets-op74n2,kern-humdrum-haydn-quartets-op74n2--op74n2-02,kern/humdrum-haydn-quartets,kern,ok,,4,4,0.0,1765,156,0.3
kern-humdrum-haydn-quartets-op74n2,kern-humdrum-haydn-quartets-op74n2--op74n2-03,kern/humdrum-haydn-quartets,kern,ok,,4,4,0.0,710,155,0.1
kern-humdrum-haydn-quartets-op74n3,kern-humdrum-haydn-quartets-op74n3--op74n3-02,kern/humdrum-haydn-quartets,kern,ok,,4,4,0.0,1108,120,0.1
kern-humdrum-haydn-quartets-op74n3,kern-humdrum-haydn-quartets-op74n3--op74n3-03,kern/humdrum-haydn-quartets,kern,ok,,4,4,0.0,754,116,0.1
kern-humdrum-haydn-quartets-op74n3,kern-humdrum-haydn-quartets-op74n3--op74n3-04,kern/humdrum-haydn-quartets,kern,ok,,4,4,0.0,3056,809,0.4
kern-humdrum-haydn-quartets-op76n1,kern-humdrum-haydn-quartets-op76n1--op76n1-01,kern/humdrum-haydn-quartets,kern,ok,,4,4,0.0,3243,359,0.5
kern-humdrum-haydn-quartets-op76n1,kern-humdrum-haydn-quartets-op76n1--op76n1-02,kern/humdrum-haydn-quartets,kern,ok,,4,4,0.0,1997,260,0.2
kern-humdrum-haydn-quartets-op76n1,kern-humdrum-haydn-quartets-op76n1--op76n1-03,kern/humdrum-haydn-quartets,kern,ok,,4,4,0.0,636,198,0.2
kern-humdrum-haydn-quartets-op76n2,kern-humdrum-haydn-quartets-op76n2--op76n2-01,kern/humdrum-haydn-quartets,kern,ok,,6,6,0.0,2932,822,0.5
kern-humdrum-haydn-quartets-op76n2,kern-humdrum-haydn-quartets-op76n2--op76n2-02,kern/humdrum-haydn-quartets,kern,ok,,4,4,0.0,1490,270,0.2
kern-humdrum-haydn-quartets-op76n2,kern-humdrum-haydn-quartets-op76n2--op76n2-03,kern/humdrum-haydn-quartets,kern,ok,,4,4,0.0,1006,106,0.1
kern-humdrum-haydn-quartets-op76n3,kern-humdrum-haydn-quartets-op76n3--op76n3-02,kern/humdrum-haydn-quartets,kern,ok,,4,4,0.0,1762,149,0.3
kern-humdrum-haydn-quartets-op76n3,kern-humdrum-haydn-quartets-op76n3--op76n3-03,kern/humdrum-haydn-quartets,kern,ok,,4,4,0.0,696,195,0.1
kern-humdrum-haydn-quartets-op76n4,kern-humdrum-haydn-quartets-op76n4--op76n4-01,kern/humdrum-haydn-quartets,kern,ok,,4,4,0.0,3305,571,0.5
kern-humdrum-haydn-quartets-op76n4,kern-humdrum-haydn-quartets-op76n4--op76n4-02,kern/humdrum-haydn-quartets,kern,ok,,4,4,0.0,965,77,0.2
kern-humdrum-haydn-quartets-op76n4,kern-humdrum-haydn-quartets-op76n4--op76n4-03,kern/humdrum-haydn-quartets,kern,ok,,4,4,0.0,906,184,0.1
kern-humdrum-haydn-quartets-op76n4,kern-humdrum-haydn-quartets-op76n4--op76n4-04,kern/humdrum-haydn-quartets,kern,ok,,4,4,0.0,2671,354,0.4
kern-humdrum-haydn-quartets-op76n5,kern-humdrum-haydn-quartets-op76n5--op76n5-01,kern/humdrum-haydn-quartets,kern,ok,,4,4,0.0,2811,317,0.3
kern-humdrum-haydn-quartets-op76n5,kern-humdrum-haydn-quartets-op76n5--op76n5-02,kern/humdrum-haydn-quartets,kern,ok,,4,4,0.0,1267,135,0.2
kern-humdrum-haydn-quartets-op76n5,kern-humdrum-haydn-quartets-op76n5--op76n5-03,kern/humdrum-haydn-quartets,kern,ok,,4,4,0.0,701,166,0.1
kern-humdrum-haydn-quartets-op76n5,kern-humdrum-haydn-quartets-op76n5--op76n5-04,kern/humdrum-haydn-quartets,kern,ok,,4,4,0.0,3556,492,0.6
kern-humdrum-haydn-quartets-op76n6,kern-humdrum-haydn-quartets-op76n6--op76n6-01,kern/humdrum-haydn-quartets,kern,ok,,6,6,0.0,2147,1055,0.6
kern-humdrum-haydn-quartets-op76n6,kern-humdrum-haydn-quartets-op76n6--op76n6-02,kern/humdrum-haydn-quartets,kern,ok,,4,4,0.0,1263,135,0.1
kern-humdrum-haydn-quartets-op76n6,kern-humdrum-haydn-quartets-op76n6--op76n6-03,kern/humdrum-haydn-quartets,kern,ok,,4,4,0.0,1054,417,0.3
kern-humdrum-haydn-quartets-op76n6,kern-humdrum-haydn-quartets-op76n6--op76n6-04,kern/humdrum-haydn-quartets,kern,ok,,4,4,0.0,2240,562,0.4
kern-humdrum-haydn-quartets-op77n1,kern-humdrum-haydn-quartets-op77n1--op77n1-02,kern/humdrum-haydn-quartets,kern,ok,,4,4,0.0,2006,318,0.3
kern-humdrum-haydn-quartets-op77n1,kern-humdrum-haydn-quartets-op77n1--op77n1-03,kern/humdrum-haydn-quartets,kern,ok,,4,4,0.0,2090,189,0.3
kern-humdrum-haydn-quartets-op77n1,kern-humdrum-haydn-quartets-op77n1--op77n1-04,kern/humdrum-haydn-quartets,kern,ok,,4,4,0.0,3158,433,0.6
kern-humdrum-haydn-quartets-op77n2,kern-humdrum-haydn-quartets-op77n2--op77n2-02,kern/humdrum-haydn-quartets,kern,ok,,4,4,0.0,1073,219,0.2
kern-humdrum-haydn-quartets-op77n2,kern-humdrum-haydn-quartets-op77n2--op77n2-04,kern/humdrum-haydn-quartets,kern,ok,,4,4,0.0,4026,366,0.5
kern-humdrum-haydn-symphonies-sym099,kern-humdrum-haydn-symphonies-sym099--sym099a,kern/humdrum-haydn-symphonies,kern,ok,,18,18,0.0,8839,3451,3.2
kern-humdrum-haydn-symphonies-sym099,kern-humdrum-haydn-symphonies-sym099--sym099b,kern/humdrum-haydn-symphonies,kern,ok,,18,18,0.0,4653,1592,1.7
kern-humdrum-haydn-symphonies-sym099,kern-humdrum-haydn-symphonies-sym099--sym099c,kern/humdrum-haydn-symphonies,kern,ok,,18,18,0.0,2411,1758,1.3
kern-humdrum-haydn-symphonies-sym099,kern-humdrum-haydn-symphonies-sym099--sym099d,kern/humdrum-haydn-symphonies,kern,ok,,18,17,0.056,6819,3761,4.0
kern-humdrum-haydn-symphonies-sym100,kern-humdrum-haydn-symphonies-sym100--sym100a,kern/humdrum-haydn-symphonies,kern,ok,,16,14,0.125,7974,3634,4.1
kern-humdrum-haydn-symphonies-sym100,kern-humdrum-haydn-symphonies-sym100--sym100b,kern/humdrum-haydn-symphonies,kern,ok,,21,18,0.143,5740,3356,3.1
kern-humdrum-haydn-symphonies-sym100,kern-humdrum-haydn-symphonies-sym100--sym100c,kern/humdrum-haydn-symphonies,kern,ok,,16,15,0.062,2645,1109,1.1
kern-humdrum-haydn-symphonies-sym100,kern-humdrum-haydn-symphonies-sym100--sym100d,kern/humdrum-haydn-symphonies,kern,ok,,17,13,0.235,6597,5979,4.9
kern-humdrum-haydn-symphonies-sym101,kern-humdrum-haydn-symphonies-sym101--sym101a,kern/humdrum-haydn-symphonies,kern,ok,,18,16,0.111,8595,5347,5.3
kern-humdrum-haydn-symphonies-sym101,kern-humdrum-haydn-symphonies-sym101--sym101b,kern/humdrum-haydn-symphonies,kern,ok,,18,15,0.167,5528,1865,2.7
kern-humdrum-haydn-symphonies-sym101,kern-humdrum-haydn-symphonies-sym101--sym101c,kern/humdrum-haydn-symphonies,kern,ok,,17,15,0.118,3305,1996,2.0
kern-humdrum-haydn-symphonies-sym101,kern-humdrum-haydn-symphonies-sym101--sym101d,kern/humdrum-haydn-symphonies,kern,ok,,18,17,0.056,7840,3253,3.9
kern-humdrum-haydn-symphonies-sym102,kern-humdrum-haydn-symphonies-sym102--sym102a,kern/humdrum-haydn-symphonies,kern,ok,,16,14,0.125,8155,3799,4.6
kern-humdrum-haydn-symphonies-sym102,kern-humdrum-haydn-symphonies-sym102--sym102b,kern/humdrum-haydn-symphonies,kern,ok,,15,14,0.067,2580,644,1.3
kern-humdrum-haydn-symphonies-sym102,kern-humdrum-haydn-symphonies-sym102--sym102c,kern/humdrum-haydn-symphonies,kern,ok,,15,15,0.0,2226,1294,1.1
kern-humdrum-haydn-symphonies-sym102,kern-humdrum-haydn-symphonies-sym102--sym102d,kern/humdrum-haydn-symphonies,kern,ok,,16,16,0.0,7117,3361,4.1
kern-humdrum-haydn-symphonies-sym103,kern-humdrum-haydn-symphonies-sym103--sym103a,kern/humdrum-haydn-symphonies,kern,ok,,18,17,0.056,8270,3563,3.7
kern-humdrum-haydn-symphonies-sym103,kern-humdrum-haydn-symphonies-sym103--sym103b,kern/humdrum-haydn-symphonies,kern,ok,,17,16,0.059,6238,2834,3.3
kern-humdrum-haydn-symphonies-sym103,kern-humdrum-haydn-symphonies-sym103--sym103c,kern/humdrum-haydn-symphonies,kern,ok,,17,17,0.0,1701,1461,1.0
kern-humdrum-haydn-symphonies-sym103,kern-humdrum-haydn-symphonies-sym103--sym103d,kern/humdrum-haydn-symphonies,kern,ok,,18,16,0.111,8680,4270,4.7
kern-humdrum-haydn-symphonies-sym104,kern-humdrum-haydn-symphonies-sym104--sym104a,kern/humdrum-haydn-symphonies,kern,ok,,18,15,0.167,7891,3439,4.3
kern-humdrum-haydn-symphonies-sym104,kern-humdrum-haydn-symphonies-sym104--sym104b,kern/humdrum-haydn-symphonies,kern,ok,,18,16,0.111,3869,2019,2.3
kern-humdrum-haydn-symphonies-sym104,kern-humdrum-haydn-symphonies-sym104--sym104c,kern/humdrum-haydn-symphonies,kern,ok,,18,16,0.111,2211,1437,1.1
kern-humdrum-haydn-symphonies-sym104,kern-humdrum-haydn-symphonies-sym104--sym104d,kern/humdrum-haydn-symphonies,kern,ok,,18,16,0.111,8434,3593,3.8
kern-humdrum-mozart-quartets-k080,kern-humdrum-mozart-quartets-k080--k080-01,kern/humdrum-mozart-quartets,kern,ok,,4,4,0.0,1282,138,0.1
kern-humdrum-mozart-quartets-k080,kern-humdrum-mozart-quartets-k080--k080-02,kern/humdrum-mozart-quartets,kern,ok,,4,4,0.0,1628,176,0.3
kern-humdrum-mozart-quartets-k080,kern-humdrum-mozart-quartets-k080--k080-03,kern/humdrum-mozart-quartets,kern,ok,,4,4,0.0,518,68,0.1
kern-humdrum-mozart-quartets-k080,kern-humdrum-mozart-quartets-k080--k080-04,kern/humdrum-mozart-quartets,kern,ok,,4,4,0.0,875,150,0.1
kern-humdrum-mozart-quartets-k155,kern-humdrum-mozart-quartets-k155--k155-01,kern/humdrum-mozart-quartets,kern,ok,,4,4,0.0,2747,273,0.4
kern-humdrum-mozart-quartets-k155,kern-humdrum-mozart-quartets-k155--k155-02,kern/humdrum-mozart-quartets,kern,ok,,4,4,0.0,880,109,0.2
kern-humdrum-mozart-quartets-k155,kern-humdrum-mozart-quartets-k155--k155-03,kern/humdrum-mozart-quartets,kern,ok,,4,4,0.0,1088,197,0.2
kern-humdrum-mozart-quartets-k156,kern-humdrum-mozart-quartets-k156--k156-01,kern/humdrum-mozart-quartets,kern,ok,,4,4,0.0,1367,350,0.3
kern-humdrum-mozart-quartets-k156,kern-humdrum-mozart-quartets-k156--k156-02,kern/humdrum-mozart-quartets,kern,ok,,4,4,0.0,1040,133,0.1
kern-humdrum-mozart-quartets-k156,kern-humdrum-mozart-quartets-k156--k156-03,kern/humdrum-mozart-quartets,kern,ok,,4,4,0.0,688,268,0.2
kern-humdrum-mozart-quartets-k157,kern-humdrum-mozart-quartets-k157--k157-01,kern/humdrum-mozart-quartets,kern,ok,,4,4,0.0,2431,311,0.4
kern-humdrum-mozart-quartets-k157,kern-humdrum-mozart-quartets-k157--k157-02,kern/humdrum-mozart-quartets,kern,ok,,4,4,0.0,1226,375,0.3
kern-humdrum-mozart-quartets-k157,kern-humdrum-mozart-quartets-k157--k157-03,kern/humdrum-mozart-quartets,kern,ok,,4,4,0.0,1257,145,0.2
kern-humdrum-mozart-quartets-k158,kern-humdrum-mozart-quartets-k158--k158-01,kern/humdrum-mozart-quartets,kern,ok,,4,4,0.0,1217,821,0.3
kern-humdrum-mozart-quartets-k158,kern-humdrum-mozart-quartets-k158--k158-03,kern/humdrum-mozart-quartets,kern,ok,,4,4,0.0,877,484,0.2
kern-humdrum-mozart-quartets-k159,kern-humdrum-mozart-quartets-k159--k159-01,kern/humdrum-mozart-quartets,kern,ok,,4,4,0.0,1487,215,0.2
kern-humdrum-mozart-quartets-k159,kern-humdrum-mozart-quartets-k159--k159-02,kern/humdrum-mozart-quartets,kern,ok,,4,4,0.0,2430,381,0.5
kern-humdrum-mozart-quartets-k160,kern-humdrum-mozart-quartets-k160--k160-02,kern/humdrum-mozart-quartets,kern,ok,,4,4,0.0,960,121,0.2
kern-humdrum-mozart-quartets-k160,kern-humdrum-mozart-quartets-k160--k160-03,kern/humdrum-mozart-quartets,kern,ok,,4,4,0.0,1561,154,0.4
kern-humdrum-mozart-quartets-k168,kern-humdrum-mozart-quartets-k168--k168-01,kern/humdrum-mozart-quartets,kern,ok,,4,4,0.0,1783,218,0.2
kern-humdrum-mozart-quartets-k168,kern-humdrum-mozart-quartets-k168--k168-02,kern/humdrum-mozart-quartets,kern,ok,,4,4,0.0,529,92,0.1
kern-humdrum-mozart-quartets-k168,kern-humdrum-mozart-quartets-k168--k168-03,kern/humdrum-mozart-quartets,kern,ok,,4,4,0.0,403,121,0.3
kern-humdrum-mozart-quartets-k168,kern-humdrum-mozart-quartets-k168--k168-04,kern/humdrum-mozart-quartets,kern,ok,,4,4,0.0,1931,168,0.2
kern-humdrum-mozart-quartets-k169,kern-humdrum-mozart-quartets-k169--k169-01,kern/humdrum-mozart-quartets,kern,ok,,4,4,0.0,1643,263,0.2
kern-humdrum-mozart-quartets-k169,kern-humdrum-mozart-quartets-k169--k169-03,kern/humdrum-mozart-quartets,kern,ok,,4,4,0.0,500,155,0.1
kern-humdrum-mozart-quartets-k169,kern-humdrum-mozart-quartets-k169--k169-04,kern/humdrum-mozart-quartets,kern,ok,,4,4,0.0,961,161,0.2
kern-humdrum-mozart-quartets-k170,kern-humdrum-mozart-quartets-k170--k170-02,kern/humdrum-mozart-quartets,kern,ok,,4,4,0.0,435,88,0.0
kern-humdrum-mozart-quartets-k170,kern-humdrum-mozart-quartets-k170--k170-03,kern/humdrum-mozart-quartets,kern,ok,,4,4,0.0,914,538,0.2
kern-humdrum-mozart-quartets-k170,kern-humdrum-mozart-quartets-k170--k170-04,kern/humdrum-mozart-quartets,kern,ok,,4,4,0.0,1408,391,0.2
kern-humdrum-mozart-quartets-k171,kern-humdrum-mozart-quartets-k171--k171-01,kern/humdrum-mozart-quartets,kern,ok,,4,4,0.0,1616,353,0.3
kern-humdrum-mozart-quartets-k171,kern-humdrum-mozart-quartets-k171--k171-02,kern/humdrum-mozart-quartets,kern,ok,,4,4,0.0,481,73,0.1
kern-humdrum-mozart-quartets-k171,kern-humdrum-mozart-quartets-k171--k171-03,kern/humdrum-mozart-quartets,kern,ok,,4,4,0.0,805,149,0.1
kern-humdrum-mozart-quartets-k171,kern-humdrum-mozart-quartets-k171--k171-04,kern/humdrum-mozart-quartets,kern,ok,,4,4,0.0,1471,176,0.3
kern-humdrum-mozart-quartets-k172,kern-humdrum-mozart-quartets-k172--k172-01,kern/humdrum-mozart-quartets,kern,ok,,4,4,0.0,2074,137,0.3
kern-humdrum-mozart-quartets-k172,kern-humdrum-mozart-quartets-k172--k172-02,kern/humdrum-mozart-quartets,kern,ok,,4,4,0.0,1044,395,0.1
kern-humdrum-mozart-quartets-k172,kern-humdrum-mozart-quartets-k172--k172-04,kern/humdrum-mozart-quartets,kern,ok,,4,4,0.0,1975,312,0.5
kern-humdrum-mozart-quartets-k173,kern-humdrum-mozart-quartets-k173--k173-01,kern/humdrum-mozart-quartets,kern,ok,,4,4,0.0,1973,344,0.3
kern-humdrum-mozart-quartets-k173,kern-humdrum-mozart-quartets-k173--k173-03,kern/humdrum-mozart-quartets,kern,ok,,4,4,0.0,883,99,0.1
kern-humdrum-mozart-quartets-k173,kern-humdrum-mozart-quartets-k173--k173-04,kern/humdrum-mozart-quartets,kern,ok,,4,4,0.0,1357,112,0.2
kern-humdrum-mozart-quartets-k285,kern-humdrum-mozart-quartets-k285--k285-01,kern/humdrum-mozart-quartets,kern,ok,,4,4,0.0,3053,365,0.4
kern-humdrum-mozart-quartets-k285,kern-humdrum-mozart-quartets-k285--k285-02,kern/humdrum-mozart-quartets,kern,ok,,4,4,0.0,745,238,0.1
kern-humdrum-mozart-quartets-k285,kern-humdrum-mozart-quartets-k285--k285-03,kern/humdrum-mozart-quartets,kern,ok,,4,4,0.0,3593,343,0.6
kern-humdrum-mozart-quartets-k298,kern-humdrum-mozart-quartets-k298--k298-01,kern/humdrum-mozart-quartets,kern,ok,,4,4,0.0,1489,202,0.2
kern-humdrum-mozart-quartets-k298,kern-humdrum-mozart-quartets-k298--k298-02,kern/humdrum-mozart-quartets,kern,ok,,4,4,0.0,538,112,0.1
kern-humdrum-mozart-quartets-k298,kern-humdrum-mozart-quartets-k298--k298-03,kern/humdrum-mozart-quartets,kern,ok,,4,4,0.0,1827,301,0.3
kern-humdrum-mozart-quartets-k370,kern-humdrum-mozart-quartets-k370--k370-01,kern/humdrum-mozart-quartets,kern,ok,,4,4,0.0,2603,447,0.4
kern-humdrum-mozart-quartets-k370,kern-humdrum-mozart-quartets-k370--k370-02,kern/humdrum-mozart-quartets,kern,ok,,4,4,0.0,649,90,0.1
kern-humdrum-mozart-quartets-k387,kern-humdrum-mozart-quartets-k387--k387-01,kern/humdrum-mozart-quartets,kern,ok,,4,4,0.0,3391,591,0.5
kern-humdrum-mozart-quartets-k387,kern-humdrum-mozart-quartets-k387--k387-02,kern/humdrum-mozart-quartets,kern,ok,,4,4,0.0,1258,285,0.2
kern-humdrum-mozart-quartets-k387,kern-humdrum-mozart-quartets-k387--k387-03,kern/humdrum-mozart-quartets,kern,ok,,4,4,0.0,2290,356,0.4
kern-humdrum-mozart-quartets-k387,kern-humdrum-mozart-quartets-k387--k387-04,kern/humdrum-mozart-quartets,kern,ok,,4,4,0.0,2778,542,0.6
kern-humdrum-mozart-quartets-k421,kern-humdrum-mozart-quartets-k421--k421-01,kern/humdrum-mozart-quartets,kern,ok,,4,4,0.0,2987,451,0.5
kern-humdrum-mozart-quartets-k421,kern-humdrum-mozart-quartets-k421--k421-02,kern/humdrum-mozart-quartets,kern,ok,,4,4,0.0,1480,409,0.2
kern-humdrum-mozart-quartets-k421,kern-humdrum-mozart-quartets-k421--k421-03,kern/humdrum-mozart-quartets,kern,ok,,4,4,0.0,663,114,0.1
kern-humdrum-mozart-quartets-k421,kern-humdrum-mozart-quartets-k421--k421-04,kern/humdrum-mozart-quartets,kern,ok,,4,4,0.0,2654,393,0.4
kern-humdrum-mozart-quartets-k428,kern-humdrum-mozart-quartets-k428--k428-01,kern/humdrum-mozart-quartets,kern,ok,,4,4,0.0,2611,300,0.4
kern-humdrum-mozart-quartets-k428,kern-humdrum-mozart-quartets-k428--k428-02,kern/humdrum-mozart-quartets,kern,ok,,4,4,0.0,1349,201,0.1
kern-humdrum-mozart-quartets-k428,kern-humdrum-mozart-quartets-k428--k428-03,kern/humdrum-mozart-quartets,kern,ok,,4,4,0.0,1211,202,0.2
kern-humdrum-mozart-quartets-k458,kern-humdrum-mozart-quartets-k458--k458-01,kern/humdrum-mozart-quartets,kern,ok,,4,4,0.0,3942,710,0.7
kern-humdrum-mozart-quartets-k458,kern-humdrum-mozart-quartets-k458--k458-02,kern/humdrum-mozart-quartets,kern,ok,,4,4,0.0,794,83,0.1
kern-humdrum-mozart-quartets-k458,kern-humdrum-mozart-quartets-k458--k458-03,kern/humdrum-mozart-quartets,kern,ok,,4,4,0.0,2092,409,0.2
kern-humdrum-mozart-quartets-k464,kern-humdrum-mozart-quartets-k464--k464-02,kern/humdrum-mozart-quartets,kern,ok,,4,4,0.0,1018,151,0.1
kern-humdrum-mozart-quartets-k464,kern-humdrum-mozart-quartets-k464--k464-03,kern/humdrum-mozart-quartets,kern,ok,,4,4,0.0,3087,449,0.6
kern-humdrum-mozart-quartets-k464,kern-humdrum-mozart-quartets-k464--k464-04,kern/humdrum-mozart-quartets,kern,ok,,4,4,0.0,3378,486,0.6
kern-humdrum-mozart-quartets-k465,kern-humdrum-mozart-quartets-k465--k465-01,kern/humdrum-mozart-quartets,kern,ok,,4,4,0.0,4881,635,0.8
kern-humdrum-mozart-quartets-k465,kern-humdrum-mozart-quartets-k465--k465-02,kern/humdrum-mozart-quartets,kern,ok,,4,4,0.0,2212,257,0.3
kern-humdrum-mozart-quartets-k465,kern-humdrum-mozart-quartets-k465--k465-03,kern/humdrum-mozart-quartets,kern,ok,,4,4,0.0,1271,195,0.2
kern-humdrum-mozart-quartets-k465,kern-humdrum-mozart-quartets-k465--k465-04,kern/humdrum-mozart-quartets,kern,ok,,4,4,0.0,4874,844,1.0
kern-humdrum-mozart-quartets-k499,kern-humdrum-mozart-quartets-k499--k499-01,kern/humdrum-mozart-quartets,kern,ok,,4,4,0.0,4280,531,0.7
kern-humdrum-mozart-quartets-k499,kern-humdrum-mozart-quartets-k499--k499-03,kern/humdrum-mozart-quartets,kern,ok,,4,4,0.0,2632,252,0.3
kern-humdrum-mozart-quartets-k499,kern-humdrum-mozart-quartets-k499--k499-04,kern/humdrum-mozart-quartets,kern,ok,,4,4,0.0,3915,529,1.7
kern-humdrum-mozart-quartets-k546,kern-humdrum-mozart-quartets-k546--k546-01,kern/humdrum-mozart-quartets,kern,ok,,4,4,0.0,738,79,0.1
kern-humdrum-mozart-quartets-k546,kern-humdrum-mozart-quartets-k546--k546-02,kern/humdrum-mozart-quartets,kern,ok,,4,4,0.0,2628,305,0.4
kern-humdrum-mozart-quartets-k575,kern-humdrum-mozart-quartets-k575--k575-02,kern/humdrum-mozart-quartets,kern,ok,,4,4,0.0,1234,270,0.1
kern-humdrum-mozart-quartets-k575,kern-humdrum-mozart-quartets-k575--k575-03,kern/humdrum-mozart-quartets,kern,ok,,4,4,0.0,1151,223,0.2
kern-humdrum-mozart-quartets-k589,kern-humdrum-mozart-quartets-k589--k589-01,kern/humdrum-mozart-quartets,kern,ok,,4,4,0.0,2448,387,0.6
kern-humdrum-mozart-quartets-k589,kern-humdrum-mozart-quartets-k589--k589-03,kern/humdrum-mozart-quartets,kern,ok,,4,4,0.0,1685,217,0.2
kern-humdrum-mozart-quartets-k589,kern-humdrum-mozart-quartets-k589--k589-04,kern/humdrum-mozart-quartets,kern,ok,,4,4,0.0,2392,348,0.4
kern-humdrum-mozart-quartets-k590,kern-humdrum-mozart-quartets-k590--k590-01,kern/humdrum-mozart-quartets,kern,ok,,4,4,0.0,3767,675,0.5
kern-humdrum-mozart-quartets-k590,kern-humdrum-mozart-quartets-k590--k590-02,kern/humdrum-mozart-quartets,kern,ok,,4,4,0.0,2354,439,0.3
kern-humdrum-mozart-quartets-k590,kern-humdrum-mozart-quartets-k590--k590-03,kern/humdrum-mozart-quartets,kern,ok,,4,4,0.0,883,211,0.1
kern-humdrum-mozart-quartets-k590,kern-humdrum-mozart-quartets-k590--k590-04,kern/humdrum-mozart-quartets,kern,ok,,4,4,0.0,4589,571,0.8
kern-joplin-antoinette,kern-joplin-antoinette--antoinette,kern/joplin,kern,ok,,2,2,0.0,729,76,0.1
kern-joplin-augustan,kern-joplin-augustan--augustan,kern/joplin,kern,ok,,2,2,0.0,845,113,0.3
kern-joplin-bethena,kern-joplin-bethena--bethena,kern/joplin,kern,ok,,2,2,0.0,1138,76,0.3
kern-joplin-binks,kern-joplin-binks--binks,kern/joplin,kern,ok,,2,2,0.0,940,44,0.2
kern-joplin-breeze,kern-joplin-breeze--breeze,kern/joplin,kern,ok,,2,2,0.0,898,59,0.3
kern-joplin-cascades,kern-joplin-cascades--cascades,kern/joplin,kern,ok,,2,2,0.0,735,37,0.1
kern-joplin-chrysanthemum,kern-joplin-chrysanthemum--chrysanthemum,kern/joplin,kern,ok,,2,2,0.0,997,41,0.3
kern-joplin-cleopha,kern-joplin-cleopha--cleopha,kern/joplin,kern,ok,,2,2,0.0,703,50,0.1
kern-joplin-combination,kern-joplin-combination--combination,kern/joplin,kern,ok,,2,2,0.0,641,41,0.1
kern-joplin-countryclub,kern-joplin-countryclub--countryclub,kern/joplin,kern,ok,,2,2,0.0,839,34,0.2
kern-joplin-crush,kern-joplin-crush--crush,kern/joplin,kern,ok,,2,2,0.0,815,60,0.2
kern-joplin-easywinners,kern-joplin-easywinners--easywinners,kern/joplin,kern,ok,,2,2,0.0,913,39,0.3
kern-joplin-elite,kern-joplin-elite--elite,kern/joplin,kern,ok,,2,2,0.0,834,62,0.2
kern-joplin-entertainer,kern-joplin-entertainer--entertainer,kern/joplin,kern,ok,,2,2,0.0,830,32,0.2
kern-joplin-eugenia,kern-joplin-eugenia--eugenia,kern/joplin,kern,ok,,2,2,0.0,1162,26,0.2
kern-joplin-favorite,kern-joplin-favorite--favorite,kern/joplin,kern,ok,,2,2,0.0,761,26,0.1
kern-joplin-felicity,kern-joplin-felicity--felicity,kern/joplin,kern,ok,,2,2,0.0,748,27,0.1
kern-joplin-figleaf,kern-joplin-figleaf--figleaf,kern/joplin,kern,ok,,2,2,0.0,940,35,0.2
kern-joplin-gladiolus,kern-joplin-gladiolus--gladiolus,kern/joplin,kern,ok,,2,2,0.0,898,28,0.2
kern-joplin-harmony,kern-joplin-harmony--harmony,kern/joplin,kern,ok,,2,2,0.0,1021,14,0.3
kern-joplin-heliotrope,kern-joplin-heliotrope--heliotrope,kern/joplin,kern,ok,,2,2,0.0,1018,19,0.3
kern-joplin-leola,kern-joplin-leola--leola,kern/joplin,kern,ok,,2,2,0.0,860,27,0.1
kern-joplin-lilyqueen,kern-joplin-lilyqueen--lilyqueen,kern/joplin,kern,ok,,2,2,0.0,780,38,0.1
kern-joplin-magnetic,kern-joplin-magnetic--magnetic,kern/joplin,kern,ok,,2,2,0.0,1202,98,0.3
kern-joplin-majestic,kern-joplin-majestic--majestic,kern/joplin,kern,ok,,2,2,0.0,593,159,0.2
kern-joplin-mapleleaf,kern-joplin-mapleleaf--mapleleaf,kern/joplin,kern,ok,,2,2,0.0,772,62,0.2
kern-joplin-newrag,kern-joplin-newrag--newrag,kern/joplin,kern,ok,,2,2,0.0,1051,42,0.2
kern-joplin-nonpareil,kern-joplin-nonpareil--nonpareil,kern/joplin,kern,ok,,2,2,0.0,702,9,0.1
kern-joplin-original,kern-joplin-original--original,kern/joplin,kern,ok,,2,2,0.0,995,46,0.2
kern-joplin-palmleaf,kern-joplin-palmleaf--palmleaf,kern/joplin,kern,ok,,2,2,0.0,727,22,0.1
kern-joplin-paragon,kern-joplin-paragon--paragon,kern/joplin,kern,ok,,2,2,0.0,953,16,0.2
kern-joplin-peacherine,kern-joplin-peacherine--peacherine,kern/joplin,kern,ok,,2,2,0.0,771,41,0.2
kern-joplin-pineapple,kern-joplin-pineapple--pineapple,kern/joplin,kern,ok,,2,2,0.0,899,16,0.2
kern-joplin-pleasant,kern-joplin-pleasant--pleasant,kern/joplin,kern,ok,,2,2,0.0,743,47,0.2
kern-joplin-reflection,kern-joplin-reflection--reflection,kern/joplin,kern,ok,,2,2,0.0,860,41,0.2
kern-joplin-rosebud,kern-joplin-rosebud--rosebud,kern/joplin,kern,ok,,2,2,0.0,665,109,0.2
kern-joplin-roseleaf,kern-joplin-roseleaf--roseleaf,kern/joplin,kern,ok,,2,2,0.0,1160,35,0.2
kern-joplin-school,kern-joplin-school--school,kern/joplin,kern,ok,,3,3,0.0,466,23,0.1
kern-joplin-searchlight,kern-joplin-searchlight--searchlight,kern/joplin,kern,ok,,2,2,0.0,713,15,0.2
kern-joplin-solace,kern-joplin-solace--solace,kern/joplin,kern,ok,,2,2,0.0,1011,32,0.2
kern-joplin-something,kern-joplin-something--something,kern/joplin,kern,ok,,2,2,0.0,814,25,0.2
kern-joplin-stoptime,kern-joplin-stoptime--stoptime,kern/joplin,kern,ok,,2,2,0.0,651,135,0.2
kern-joplin-sugarcane,kern-joplin-sugarcane--sugarcane,kern/joplin,kern,ok,,2,2,0.0,791,30,0.1
kern-joplin-sunflower,kern-joplin-sunflower--sunflower,kern/joplin,kern,ok,,2,2,0.0,848,14,0.2
kern-joplin-swipesy,kern-joplin-swipesy--swipesy,kern/joplin,kern,ok,,2,2,0.0,813,17,0.2
kern-joplin-wallstreet,kern-joplin-wallstreet--wallstreet,kern/joplin,kern,ok,,2,2,0.0,800,30,0.2
kern-joplin-weepingwillow,kern-joplin-weepingwillow--weepingwillow,kern/joplin,kern,ok,,2,2,0.0,819,40,0.2
kern-scarlatti-keyboard-sonatas-L001K514,kern-scarlatti-keyboard-sonatas-L001K514--L001K514,kern/scarlatti-keyboard-sonatas,kern,ok,,2,2,0.0,537,48,0.1
kern-scarlatti-keyboard-sonatas-L002K384,kern-scarlatti-keyboard-sonatas-L002K384--L002K384,kern/scarlatti-keyboard-sonatas,kern,ok,,2,2,0.0,568,20,0.1
kern-scarlatti-keyboard-sonatas-L003K502,kern-scarlatti-keyboard-sonatas-L003K502--L003K502,kern/scarlatti-keyboard-sonatas,kern,ok,,2,2,0.0,1027,52,0.2
kern-scarlatti-keyboard-sonatas-L004K158,kern-scarlatti-keyboard-sonatas-L004K158--L004K158,kern/scarlatti-keyboard-sonatas,kern,ok,,2,2,0.0,638,15,0.2
kern-scarlatti-keyboard-sonatas-L005K406,kern-scarlatti-keyboard-sonatas-L005K406--L005K406,kern/scarlatti-keyboard-sonatas,kern,ok,,2,2,0.0,759,31,0.1
kern-scarlatti-keyboard-sonatas-L006K139,kern-scarlatti-keyboard-sonatas-L006K139--L006K139,kern/scarlatti-keyboard-sonatas,kern,ok,,2,2,0.0,1117,46,0.3
kern-scarlatti-keyboard-sonatas-L008K461,kern-scarlatti-keyboard-sonatas-L008K461--L008K461,kern/scarlatti-keyboard-sonatas,kern,ok,,2,2,0.0,1200,28,0.2
kern-scarlatti-keyboard-sonatas-L009K303,kern-scarlatti-keyboard-sonatas-L009K303--L009K303,kern/scarlatti-keyboard-sonatas,kern,ok,,2,2,0.0,782,19,0.2
kern-scarlatti-keyboard-sonatas-L010K084,kern-scarlatti-keyboard-sonatas-L010K084--L010K084,kern/scarlatti-keyboard-sonatas,kern,ok,,2,2,0.0,685,167,0.2
kern-scarlatti-keyboard-sonatas-L011K534,kern-scarlatti-keyboard-sonatas-L011K534--L011K534,kern/scarlatti-keyboard-sonatas,kern,ok,,2,2,0.0,542,10,0.2
kern-scarlatti-keyboard-sonatas-L012K478,kern-scarlatti-keyboard-sonatas-L012K478--L012K478,kern/scarlatti-keyboard-sonatas,kern,ok,,2,2,0.0,1074,67,0.2
kern-scarlatti-keyboard-sonatas-L013K060,kern-scarlatti-keyboard-sonatas-L013K060--L013K060,kern/scarlatti-keyboard-sonatas,kern,ok,,2,2,0.0,487,39,0.1
kern-scarlatti-keyboard-sonatas-L014K492,kern-scarlatti-keyboard-sonatas-L014K492--L014K492,kern/scarlatti-keyboard-sonatas,kern,ok,,2,2,0.0,1050,98,0.2
kern-scarlatti-keyboard-sonatas-L015K160,kern-scarlatti-keyboard-sonatas-L015K160--L015K160,kern/scarlatti-keyboard-sonatas,kern,ok,,2,2,0.0,1170,131,0.2
kern-scarlatti-keyboard-sonatas-L016K306,kern-scarlatti-keyboard-sonatas-L016K306--L016K306,kern/scarlatti-keyboard-sonatas,kern,ok,,2,2,0.0,1262,39,0.2
kern-scarlatti-keyboard-sonatas-L027K238,kern-scarlatti-keyboard-sonatas-L027K238--L027K238,kern/scarlatti-keyboard-sonatas,kern,ok,,2,2,0.0,507,55,0.1
kern-scarlatti-keyboard-sonatas-L051K166,kern-scarlatti-keyboard-sonatas-L051K166--L051K166,kern/scarlatti-keyboard-sonatas,kern,ok,,2,2,0.0,790,33,0.2
kern-scarlatti-keyboard-sonatas-L052K165,kern-scarlatti-keyboard-sonatas-L052K165--L052K165,kern/scarlatti-keyboard-sonatas,kern,ok,,2,2,0.0,599,45,0.1
kern-scarlatti-keyboard-sonatas-L054K200,kern-scarlatti-keyboard-sonatas-L054K200--L054K200,kern/scarlatti-keyboard-sonatas,kern,ok,,2,2,0.0,865,50,0.2
kern-scarlatti-keyboard-sonatas-L055K330,kern-scarlatti-keyboard-sonatas-L055K330--L055K330,kern/scarlatti-keyboard-sonatas,kern,ok,,2,2,0.0,552,7,0.1
kern-scarlatti-keyboard-sonatas-L056K281,kern-scarlatti-keyboard-sonatas-L056K281--L056K281,kern/scarlatti-keyboard-sonatas,kern,ok,,2,2,0.0,723,7,0.2
kern-scarlatti-keyboard-sonatas-L064K148,kern-scarlatti-keyboard-sonatas-L064K148--L064K148,kern/scarlatti-keyboard-sonatas,kern,ok,,2,2,0.0,524,28,0.1
kern-scarlatti-keyboard-sonatas-L101K156,kern-scarlatti-keyboard-sonatas-L101K156--L101K156,kern/scarlatti-keyboard-sonatas,kern,ok,,2,2,0.0,757,116,0.1
kern-scarlatti-keyboard-sonatas-L127K348,kern-scarlatti-keyboard-sonatas-L127K348--L127K348,kern/scarlatti-keyboard-sonatas,kern,ok,,2,2,0.0,779,12,0.1
kern-scarlatti-keyboard-sonatas-L154K235,kern-scarlatti-keyboard-sonatas-L154K235--L154K235,kern/scarlatti-keyboard-sonatas,kern,ok,,2,2,0.0,852,42,0.2
kern-scarlatti-keyboard-sonatas-L164K491,kern-scarlatti-keyboard-sonatas-L164K491--L164K491,kern/scarlatti-keyboard-sonatas,kern,ok,,2,2,0.0,972,52,0.2
kern-scarlatti-keyboard-sonatas-L166K085,kern-scarlatti-keyboard-sonatas-L166K085--L166K085,kern/scarlatti-keyboard-sonatas,kern,ok,,2,2,0.0,962,77,0.1
kern-scarlatti-keyboard-sonatas-L178K258,kern-scarlatti-keyboard-sonatas-L178K258--L178K258,kern/scarlatti-keyboard-sonatas,kern,ok,,2,2,0.0,1116,79,0.2
kern-scarlatti-keyboard-sonatas-L188K525,kern-scarlatti-keyboard-sonatas-L188K525--L188K525,kern/scarlatti-keyboard-sonatas,kern,ok,,2,2,0.0,741,39,0.1
kern-scarlatti-keyboard-sonatas-L198K296,kern-scarlatti-keyboard-sonatas-L198K296--L198K296,kern/scarlatti-keyboard-sonatas,kern,ok,,2,2,0.0,1586,59,0.3
kern-scarlatti-keyboard-sonatas-L240K369,kern-scarlatti-keyboard-sonatas-L240K369--L240K369,kern/scarlatti-keyboard-sonatas,kern,ok,,2,2,0.0,1003,9,0.2
kern-scarlatti-keyboard-sonatas-L302K372,kern-scarlatti-keyboard-sonatas-L302K372--L302K372,kern/scarlatti-keyboard-sonatas,kern,ok,,2,2,0.0,561,98,0.1
kern-scarlatti-keyboard-sonatas-L303K170,kern-scarlatti-keyboard-sonatas-L303K170--L303K170,kern/scarlatti-keyboard-sonatas,kern,ok,,2,2,0.0,1089,56,0.2
kern-scarlatti-keyboard-sonatas-L304K470,kern-scarlatti-keyboard-sonatas-L304K470--L304K470,kern/scarlatti-keyboard-sonatas,kern,ok,,2,2,0.0,1290,69,0.3
kern-scarlatti-keyboard-sonatas-L305K251,kern-scarlatti-keyboard-sonatas-L305K251--L305K251,kern/scarlatti-keyboard-sonatas,kern,ok,,2,2,0.0,782,80,0.2
kern-scarlatti-keyboard-sonatas-L306K345,kern-scarlatti-keyboard-sonatas-L306K345--L306K345,kern/scarlatti-keyboard-sonatas,kern,ok,,2,2,0.0,1014,19,0.2
kern-scarlatti-keyboard-sonatas-L307K269,kern-scarlatti-keyboard-sonatas-L307K269--L307K269,kern/scarlatti-keyboard-sonatas,kern,ok,,2,2,0.0,697,26,0.1
kern-scarlatti-keyboard-sonatas-L319K442,kern-scarlatti-keyboard-sonatas-L319K442--L319K442,kern/scarlatti-keyboard-sonatas,kern,ok,,2,2,0.0,828,18,0.2
kern-scarlatti-keyboard-sonatas-L333K425,kern-scarlatti-keyboard-sonatas-L333K425--L333K425,kern/scarlatti-keyboard-sonatas,kern,ok,,2,2,0.0,671,61,0.1
kern-scarlatti-keyboard-sonatas-L334K122,kern-scarlatti-keyboard-sonatas-L334K122--L334K122,kern/scarlatti-keyboard-sonatas,kern,ok,,2,2,0.0,926,12,0.2
kern-scarlatti-keyboard-sonatas-L336K093,kern-scarlatti-keyboard-sonatas-L336K093--L336K093,kern/scarlatti-keyboard-sonatas,kern,ok,,2,2,0.0,1493,59,0.3
kern-scarlatti-keyboard-sonatas-L337K336,kern-scarlatti-keyboard-sonatas-L337K336--L337K336,kern/scarlatti-keyboard-sonatas,kern,ok,,2,2,0.0,774,13,0.2
kern-scarlatti-keyboard-sonatas-L338K450,kern-scarlatti-keyboard-sonatas-L338K450--L338K450,kern/scarlatti-keyboard-sonatas,kern,ok,,2,2,0.0,814,34,0.2
kern-scarlatti-keyboard-sonatas-L339K512,kern-scarlatti-keyboard-sonatas-L339K512--L339K512,kern/scarlatti-keyboard-sonatas,kern,ok,,2,2,0.0,826,102,0.1
kern-scarlatti-keyboard-sonatas-L340K476,kern-scarlatti-keyboard-sonatas-L340K476--L340K476,kern/scarlatti-keyboard-sonatas,kern,ok,,2,2,0.0,1014,30,0.2
kern-scarlatti-keyboard-sonatas-L341K320,kern-scarlatti-keyboard-sonatas-L341K320--L341K320,kern/scarlatti-keyboard-sonatas,kern,ok,,2,2,0.0,839,30,0.2
kern-scarlatti-keyboard-sonatas-L342K220,kern-scarlatti-keyboard-sonatas-L342K220--L342K220,kern/scarlatti-keyboard-sonatas,kern,ok,,2,2,0.0,1255,71,0.3
kern-scarlatti-keyboard-sonatas-L343K434,kern-scarlatti-keyboard-sonatas-L343K434--L343K434,kern/scarlatti-keyboard-sonatas,kern,ok,,2,2,0.0,873,74,0.1
kern-scarlatti-keyboard-sonatas-L344K114,kern-scarlatti-keyboard-sonatas-L344K114--L344K114,kern/scarlatti-keyboard-sonatas,kern,ok,,2,2,0.0,1394,60,0.3
kern-scarlatti-keyboard-sonatas-L345K113,kern-scarlatti-keyboard-sonatas-L345K113--L345K113,kern/scarlatti-keyboard-sonatas,kern,ok,,2,2,0.0,1326,240,0.2
kern-scarlatti-keyboard-sonatas-L346K408,kern-scarlatti-keyboard-sonatas-L346K408--L346K408,kern/scarlatti-keyboard-sonatas,kern,ok,,2,2,0.0,650,52,0.1
kern-scarlatti-keyboard-sonatas-L347K227,kern-scarlatti-keyboard-sonatas-L347K227--L347K227,kern/scarlatti-keyboard-sonatas,kern,ok,,2,2,0.0,1353,36,0.3
kern-scarlatti-keyboard-sonatas-L348K244,kern-scarlatti-keyboard-sonatas-L348K244--L348K244,kern/scarlatti-keyboard-sonatas,kern,ok,,2,2,0.0,931,58,0.2
kern-scarlatti-keyboard-sonatas-L349K146,kern-scarlatti-keyboard-sonatas-L349K146--L349K146,kern/scarlatti-keyboard-sonatas,kern,ok,,2,2,0.0,690,68,0.2
kern-scarlatti-keyboard-sonatas-L350K498,kern-scarlatti-keyboard-sonatas-L350K498--L350K498,kern/scarlatti-keyboard-sonatas,kern,ok,,2,2,0.0,869,51,0.2
kern-scarlatti-keyboard-sonatas-L351K225,kern-scarlatti-keyboard-sonatas-L351K225--L351K225,kern/scarlatti-keyboard-sonatas,kern,ok,,2,2,0.0,1112,80,0.2
kern-scarlatti-keyboard-sonatas-L400K360,kern-scarlatti-keyboard-sonatas-L400K360--L400K360,kern/scarlatti-keyboard-sonatas,kern,ok,,2,2,0.0,912,43,0.1
kern-scarlatti-keyboard-sonatas-L503K513,kern-scarlatti-keyboard-sonatas-L503K513--L503K513,kern/scarlatti-keyboard-sonatas,kern,ok,,2,2,0.0,967,58,0.2
kern-scarlatti-keyboard-sonatas-L523K205,kern-scarlatti-keyboard-sonatas-L523K205--L523K205,kern/scarlatti-keyboard-sonatas,kern,ok,,2,2,0.0,2124,99,0.4
kern-scriabin-op1,kern-scriabin-op1--scriabin-op01,kern/scriabin,kern,ok,,2,2,0.0,1000,238,0.2
kern-scriabin-op10,kern-scriabin-op10--scriabin-op10_no01,kern/scriabin,kern,ok,,2,2,0.0,1070,198,0.2
kern-scriabin-op10,kern-scriabin-op10--scriabin-op10_no02,kern/scriabin,kern,ok,,2,2,0.0,964,172,0.3
kern-scriabin-op11,kern-scriabin-op11--scriabin-op11_no01,kern/scriabin,kern,ok,,2,2,0.0,427,21,0.1
kern-scriabin-op11,kern-scriabin-op11--scriabin-op11_no02,kern/scriabin,kern,ok,,2,2,0.0,390,85,0.1
kern-scriabin-op11,kern-scriabin-op11--scriabin-op11_no03,kern/scriabin,kern,ok,,2,2,0.0,590,29,0.1
kern-scriabin-op11,kern-scriabin-op11--scriabin-op11_no04,kern/scriabin,kern,ok,,2,2,0.0,277,58,0.0
kern-scriabin-op11,kern-scriabin-op11--scriabin-op11_no05,kern/scriabin,kern,ok,,2,2,0.0,341,9,0.0
kern-scriabin-op11,kern-scriabin-op11--scriabin-op11_no06,kern/scriabin,kern,ok,,2,2,0.0,241,22,0.0
kern-scriabin-op11,kern-scriabin-op11--scriabin-op11_no07,kern/scriabin,kern,ok,,2,2,0.0,503,26,0.1
kern-scriabin-op11,kern-scriabin-op11--scriabin-op11_no08,kern/scriabin,kern,ok,,2,2,0.0,608,57,0.1
kern-scriabin-op11,kern-scriabin-op11--scriabin-op11_no09,kern/scriabin,kern,ok,,2,2,0.0,249,47,0.0
kern-scriabin-op11,kern-scriabin-op11--scriabin-op11_no10,kern/scriabin,kern,ok,,2,2,0.0,210,67,0.0
kern-scriabin-op11,kern-scriabin-op11--scriabin-op11_no11,kern/scriabin,kern,ok,,2,2,0.0,704,37,0.1
kern-scriabin-op11,kern-scriabin-op11--scriabin-op11_no12,kern/scriabin,kern,ok,,2,2,0.0,311,79,0.0
kern-scriabin-op11,kern-scriabin-op11--scriabin-op11_no13,kern/scriabin,kern,ok,,2,2,0.0,188,5,0.0
kern-scriabin-op11,kern-scriabin-op11--scriabin-op11_no14,kern/scriabin,kern,ok,,2,2,0.0,457,258,0.1
kern-scriabin-op11,kern-scriabin-op11--scriabin-op11_no15,kern/scriabin,kern,ok,,2,2,0.0,211,17,0.0
kern-scriabin-op11,kern-scriabin-op11--scriabin-op11_no16,kern/scriabin,kern,ok,,2,1,0.5,391,70,0.2
kern-scriabin-op11,kern-scriabin-op11--scriabin-op11_no17,kern/scriabin,kern,ok,,2,2,0.0,143,50,0.0
kern-scriabin-op11,kern-scriabin-op11--scriabin-op11_no18,kern/scriabin,kern,ok,,2,2,0.0,515,76,0.1
kern-scriabin-op11,kern-scriabin-op11--scriabin-op11_no19,kern/scriabin,kern,ok,,2,2,0.0,461,29,0.1
kern-scriabin-op11,kern-scriabin-op11--scriabin-op11_no20,kern/scriabin,kern,ok,,2,2,0.0,268,50,0.1
kern-scriabin-op11,kern-scriabin-op11--scriabin-op11_no21,kern/scriabin,kern,ok,,2,2,0.0,269,53,0.0
kern-scriabin-op11,kern-scriabin-op11--scriabin-op11_no22,kern/scriabin,kern,ok,,2,2,0.0,192,20,0.1
kern-scriabin-op11,kern-scriabin-op11--scriabin-op11_no23,kern/scriabin,kern,ok,,2,2,0.0,340,29,0.0
kern-scriabin-op11,kern-scriabin-op11--scriabin-op11_no24,kern/scriabin,kern,ok,,2,2,0.0,337,7,0.0
kern-scriabin-op12,kern-scriabin-op12--scriabin-op12_no01,kern/scriabin,kern,ok,,2,2,0.0,2108,82,0.5
kern-scriabin-op12,kern-scriabin-op12--scriabin-op12_no02,kern/scriabin,kern,ok,,2,2,0.0,1480,185,0.4
kern-scriabin-op13,kern-scriabin-op13--scriabin-op13_no01,kern/scriabin,kern,ok,,2,2,0.0,379,43,0.1
kern-scriabin-op13,kern-scriabin-op13--scriabin-op13_no02,kern/scriabin,kern,ok,,2,2,0.0,438,86,0.1
kern-scriabin-op13,kern-scriabin-op13--scriabin-op13_no03,kern/scriabin,kern,ok,,2,2,0.0,201,8,0.0
kern-scriabin-op13,kern-scriabin-op13--scriabin-op13_no04,kern/scriabin,kern,ok,,2,2,0.0,616,7,0.1
kern-scriabin-op13,kern-scriabin-op13--scriabin-op13_no05,kern/scriabin,kern,ok,,2,2,0.0,374,47,0.0
kern-scriabin-op13,kern-scriabin-op13--scriabin-op13_no06,kern/scriabin,kern,ok,,2,2,0.0,650,98,0.1
kern-scriabin-op14,kern-scriabin-op14--scriabin-op14_no01,kern/scriabin,kern,ok,,2,2,0.0,620,156,0.2
kern-scriabin-op14,kern-scriabin-op14--scriabin-op14_no02,kern/scriabin,kern,ok,,2,2,0.0,981,106,0.1
kern-scriabin-op15,kern-scriabin-op15--scriabin-op15_no01,kern/scriabin,kern,ok,,2,2,0.0,476,15,0.1
kern-scriabin-op15,kern-scriabin-op15--scriabin-op15_no02,kern/scriabin,kern,ok,,2,2,0.0,565,6,0.0
kern-scriabin-op15,kern-scriabin-op15--scriabin-op15_no03,kern/scriabin,kern,ok,,2,2,0.0,237,18,0.0
kern-scriabin-op15,kern-scriabin-op15--scriabin-op15_no04,kern/scriabin,kern,ok,,2,2,0.0,298,70,0.0
kern-scriabin-op15,kern-scriabin-op15--scriabin-op15_no05,kern/scriabin,kern,ok,,2,2,0.0,32,4,0.1
kern-scriabin-op16,kern-scriabin-op16--scriabin-op16_no01,kern/scriabin,kern,ok,,2,2,0.0,593,71,0.1
kern-scriabin-op16,kern-scriabin-op16--scriabin-op16_no02,kern/scriabin,kern,ok,,2,2,0.0,269,4,0.1
kern-scriabin-op16,kern-scriabin-op16--scriabin-op16_no03,kern/scriabin,kern,ok,,2,2,0.0,344,36,0.1
kern-scriabin-op16,kern-scriabin-op16--scriabin-op16_no04,kern/scriabin,kern,ok,,2,2,0.0,95,8,0.0
kern-scriabin-op16,kern-scriabin-op16--scriabin-op16_no05,kern/scriabin,kern,ok,,2,2,0.0,220,25,0.0
kern-scriabin-op17,kern-scriabin-op17--scriabin-op17_no01,kern/scriabin,kern,ok,,2,2,0.0,198,43,0.1
kern-scriabin-op17,kern-scriabin-op17--scriabin-op17_no02,kern/scriabin,kern,ok,,2,2,0.0,310,11,0.1
kern-scriabin-op17,kern-scriabin-op17--scriabin-op17_no03,kern/scriabin,kern,ok,,2,2,0.0,421,17,0.1
kern-scriabin-op17,kern-scriabin-op17--scriabin-op17_no04,kern/scriabin,kern,ok,,2,2,0.0,228,36,0.0
kern-scriabin-op17,kern-scriabin-op17--scriabin-op17_no05,kern/scriabin,kern,ok,,2,2,0.0,686,31,0.1
kern-scriabin-op17,kern-scriabin-op17--scriabin-op17_no06,kern/scriabin,kern,ok,,2,2,0.0,214,9,0.0
kern-scriabin-op17,kern-scriabin-op17--scriabin-op17_no07,kern/scriabin,kern,ok,,2,2,0.0,682,75,0.1
kern-scriabin-op18,kern-scriabin-op18--scriabin-op18,kern/scriabin,kern,ok,,2,2,0.0,1552,166,0.4
kern-scriabin-op19,kern-scriabin-op19--scriabin-op19_no01,kern/scriabin,kern,ok,,2,2,0.0,2384,199,0.7
kern-scriabin-op19,kern-scriabin-op19--scriabin-op19_no02,kern/scriabin,kern,ok,,2,2,0.0,2653,134,0.7
kern-scriabin-op2,kern-scriabin-op2--scriabin-op02_no01,kern/scriabin,kern,ok,,2,2,0.0,720,34,0.1
kern-scriabin-op2,kern-scriabin-op2--scriabin-op2_no02,kern/scriabin,kern,ok,,2,2,0.0,139,54,0.1
kern-scriabin-op2,kern-scriabin-op2--scriabin-op2_no03,kern/scriabin,kern,ok,,2,2,0.0,547,92,0.1
kern-scriabin-op21,kern-scriabin-op21--scriabin-op21,kern/scriabin,kern,ok,,2,2,0.0,1148,91,0.4
kern-scriabin-op22,kern-scriabin-op22--scriabin-op22_no01,kern/scriabin,kern,ok,,2,2,0.0,244,35,0.0
kern-scriabin-op22,kern-scriabin-op22--scriabin-op22_no02,kern/scriabin,kern,ok,,2,2,0.0,263,17,0.0
kern-scriabin-op22,kern-scriabin-op22--scriabin-op22_no03,kern/scriabin,kern,ok,,2,2,0.0,229,35,0.0
kern-scriabin-op22,kern-scriabin-op22--scriabin-op22_no04,kern/scriabin,kern,ok,,2,2,0.0,275,51,0.2
kern-scriabin-op23,kern-scriabin-op23--scriabin-op23_no01,kern/scriabin,kern,ok,,2,2,0.0,860,182,0.4
kern-scriabin-op23,kern-scriabin-op23--scriabin-op23_no02,kern/scriabin,kern,ok,,2,2,0.0,876,58,0.2
kern-scriabin-op23,kern-scriabin-op23--scriabin-op23_no03,kern/scriabin,kern,ok,,2,2,0.0,507,35,0.1
kern-scriabin-op23,kern-scriabin-op23--scriabin-op23_no04,kern/scriabin,kern,ok,,2,2,0.0,1655,154,0.7
kern-scriabin-op25,kern-scriabin-op25--scriabin-op25_no01,kern/scriabin,kern,ok,,2,2,0.0,443,113,0.1
kern-scriabin-op25,kern-scriabin-op25--scriabin-op25_no02,kern/scriabin,kern,ok,,2,2,0.0,728,79,0.2
kern-scriabin-op25,kern-scriabin-op25--scriabin-op25_no03,kern/scriabin,kern,ok,,2,2,0.0,215,31,0.0
kern-scriabin-op25,kern-scriabin-op25--scriabin-op25_no04,kern/scriabin,kern,ok,,2,2,0.0,608,52,0.2
kern-scriabin-op25,kern-scriabin-op25--scriabin-op25_no05,kern/scriabin,kern,ok,,2,2,0.0,499,43,0.2
kern-scriabin-op25,kern-scriabin-op25--scriabin-op25_no06,kern/scriabin,kern,ok,,2,2,0.0,437,30,0.1
kern-scriabin-op25,kern-scriabin-op25--scriabin-op25_no07,kern/scriabin,kern,ok,,2,2,0.0,849,112,0.2
kern-scriabin-op25,kern-scriabin-op25--scriabin-op25_no08,kern/scriabin,kern,ok,,2,2,0.0,368,36,0.1
kern-scriabin-op25,kern-scriabin-op25--scriabin-op25_no09,kern/scriabin,kern,ok,,2,2,0.0,774,109,0.1
kern-scriabin-op27,kern-scriabin-op27--scriabin-op27_no01,kern/scriabin,kern,ok,,2,2,0.0,467,60,0.1
kern-scriabin-op27,kern-scriabin-op27--scriabin-op27_no02,kern/scriabin,kern,ok,,2,2,0.0,165,2,0.0
kern-scriabin-op28,kern-scriabin-op28--scriabin-op28,kern/scriabin,kern,ok,,2,2,0.0,693,91,0.7
kern-scriabin-op3,kern-scriabin-op3--scriabin-op3_no01,kern/scriabin,kern,ok,,2,2,0.0,647,40,0.2
kern-scriabin-op3,kern-scriabin-op3--scriabin-op3_no02,kern/scriabin,kern,ok,,2,2,0.0,660,76,0.1
kern-scriabin-op3,kern-scriabin-op3--scriabin-op3_no03,kern/scriabin,kern,ok,,2,2,0.0,631,115,0.1
kern-scriabin-op3,kern-scriabin-op3--scriabin-op3_no04,kern/scriabin,kern,ok,,2,2,0.0,1447,118,0.3
kern-scriabin-op3,kern-scriabin-op3--scriabin-op3_no05,kern/scriabin,kern,ok,,2,2,0.0,862,140,0.1
kern-scriabin-op3,kern-scriabin-op3--scriabin-op3_no06,kern/scriabin,kern,ok,,2,2,0.0,737,302,0.2
kern-scriabin-op3,kern-scriabin-op3--scriabin-op3_no07,kern/scriabin,kern,ok,,2,2,0.0,885,166,0.2
kern-scriabin-op3,kern-scriabin-op3--scriabin-op3_no08,kern/scriabin,kern,ok,,2,2,0.0,851,103,0.1
kern-scriabin-op3,kern-scriabin-op3--scriabin-op3_no09,kern/scriabin,kern,ok,,2,2,0.0,779,78,0.2
kern-scriabin-op3,kern-scriabin-op3--scriabin-op3_no10,kern/scriabin,kern,ok,,2,2,0.0,1264,246,0.3
kern-scriabin-op30,kern-scriabin-op30--scriabin-op30_no01,kern/scriabin,kern,ok,,3,3,0.0,510,126,0.2
kern-scriabin-op30,kern-scriabin-op30--scriabin-op30_no02,kern/scriabin,kern,ok,,2,2,0.0,2105,748,0.5
kern-scriabin-op31,kern-scriabin-op31--scriabin-op31_no01,kern/scriabin,kern,ok,,2,2,0.0,598,41,0.1
kern-scriabin-op31,kern-scriabin-op31--scriabin-op31_no02,kern/scriabin,kern,ok,,2,2,0.0,139,2,0.0
kern-scriabin-op31,kern-scriabin-op31--scriabin-op31_no03,kern/scriabin,kern,ok,,2,2,0.0,290,25,0.0
kern-scriabin-op31,kern-scriabin-op31--scriabin-op31_no04,kern/scriabin,kern,ok,,2,2,0.0,35,1,0.0
kern-scriabin-op32,kern-scriabin-op32--scriabin-op32_no01,kern/scriabin,kern,ok,,2,2,0.0,1048,111,0.2
kern-scriabin-op32,kern-scriabin-op32--scriabin-op32_no02,kern/scriabin,kern,ok,,2,2,0.0,790,90,0.2
kern-scriabin-op33,kern-scriabin-op33--scriabin-op33_no01,kern/scriabin,kern,ok,,2,2,0.0,195,21,0.0
kern-scriabin-op33,kern-scriabin-op33--scriabin-op33_no02,kern/scriabin,kern,ok,,2,2,0.0,178,18,0.0
kern-scriabin-op33,kern-scriabin-op33--scriabin-op33_no03,kern/scriabin,kern,ok,,2,2,0.0,96,34,0.0
kern-scriabin-op33,kern-scriabin-op33--scriabin-op33_no04,kern/scriabin,kern,ok,,2,2,0.0,288,44,0.0
kern-scriabin-op34,kern-scriabin-op34--scriabin-op34,kern/scriabin,kern,ok,,2,2,0.0,2262,236,0.4
kern-scriabin-op35,kern-scriabin-op35--scriabin-op35_no01,kern/scriabin,kern,ok,,2,2,0.0,415,14,0.1
kern-scriabin-op35,kern-scriabin-op35--scriabin-op35_no02,kern/scriabin,kern,ok,,2,2,0.0,295,29,0.0
kern-scriabin-op35,kern-scriabin-op35--scriabin-op35_no03,kern/scriabin,kern,ok,,2,2,0.0,322,102,0.2
kern-scriabin-op36,kern-scriabin-op36--scriabin-op36,kern/scriabin,kern,ok,,3,3,0.0,246,246,0.4
kern-scriabin-op37,kern-scriabin-op37--scriabin-op37_no01,kern/scriabin,kern,ok,,2,2,0.0,369,20,0.0
kern-scriabin-op37,kern-scriabin-op37--scriabin-op37_no02,kern/scriabin,kern,ok,,2,2,0.0,323,10,0.1
kern-scriabin-op37,kern-scriabin-op37--scriabin-op37_no03,kern/scriabin,kern,ok,,2,2,0.0,365,28,0.1
kern-scriabin-op37,kern-scriabin-op37--scriabin-op37_no04,kern/scriabin,kern,ok,,2,2,0.0,250,53,0.0
kern-scriabin-op38,kern-scriabin-op38--scriabin-op38,kern/scriabin,kern,ok,,2,2,0.0,868,107,0.4
kern-scriabin-op39,kern-scriabin-op39--scriabin-op39_no01,kern/scriabin,kern,ok,,2,2,0.0,365,8,0.1
kern-scriabin-op39,kern-scriabin-op39--scriabin-op39_no02,kern/scriabin,kern,ok,,2,2,0.0,166,6,0.0
kern-scriabin-op39,kern-scriabin-op39--scriabin-op39_no03,kern/scriabin,kern,ok,,2,2,0.0,318,9,0.0
kern-scriabin-op39,kern-scriabin-op39--scriabin-op39_no04,kern/scriabin,kern,ok,,2,2,0.0,93,11,0.0
kern-scriabin-op4,kern-scriabin-op4--scriabin-op04,kern/scriabin,kern,ok,,2,2,0.0,2646,394,1.0
kern-scriabin-op40,kern-scriabin-op40--scriabin-op40_no01,kern/scriabin,kern,ok,,2,2,0.0,539,85,0.1
kern-scriabin-op40,kern-scriabin-op40--scriabin-op40_no02,kern/scriabin,kern,ok,,2,2,0.0,359,92,0.1
kern-scriabin-op41,kern-scriabin-op41--scriabin-op41,kern/scriabin,kern,ok,,2,2,0.0,115,22,0.1
kern-scriabin-op42,kern-scriabin-op42--scriabin-op42_no01,kern/scriabin,kern,ok,,2,2,0.0,1395,146,0.4
kern-scriabin-op42,kern-scriabin-op42--scriabin-op42_no02,kern/scriabin,kern,ok,,2,2,0.0,358,32,0.1
kern-scriabin-op42,kern-scriabin-op42--scriabin-op42_no03,kern/scriabin,kern,ok,,2,2,0.0,717,28,0.1
kern-scriabin-op42,kern-scriabin-op42--scriabin-op42_no04,kern/scriabin,kern,ok,,2,2,0.0,464,78,0.2
kern-scriabin-op42,kern-scriabin-op42--scriabin-op42_no05,kern/scriabin,kern,ok,,2,2,0.0,1256,28,0.2
kern-scriabin-op42,kern-scriabin-op42--scriabin-op42_no06,kern/scriabin,kern,ok,,2,2,0.0,1310,8,0.2
kern-scriabin-op42,kern-scriabin-op42--scriabin-op42_no07,kern/scriabin,kern,ok,,2,2,0.0,612,15,0.1
kern-scriabin-op42,kern-scriabin-op42--scriabin-op42_no08,kern/scriabin,kern,ok,,2,2,0.0,1121,125,0.2
kern-scriabin-op44,kern-scriabin-op44--scriabin-op44_no01,kern/scriabin,kern,ok,,2,2,0.0,205,17,0.0
kern-scriabin-op44,kern-scriabin-op44--scriabin-op44_no02,kern/scriabin,kern,ok,,2,2,0.0,278,61,0.1
kern-scriabin-op45,kern-scriabin-op45--scriabin-op45_no01,kern/scriabin,kern,ok,,2,2,0.0,198,29,0.0
kern-scriabin-op45,kern-scriabin-op45--scriabin-op45_no02,kern/scriabin,kern,ok,,2,2,0.0,160,33,0.0
kern-scriabin-op45,kern-scriabin-op45--scriabin-op45_no03,kern/scriabin,kern,ok,,2,2,0.0,257,41,0.0
kern-scriabin-op46,kern-scriabin-op46--scriabin-op46,kern/scriabin,kern,ok,,2,2,0.0,412,116,0.1
kern-scriabin-op47,kern-scriabin-op47--scriabin-op47,kern/scriabin,kern,ok,,2,2,0.0,310,99,0.1
kern-scriabin-op48,kern-scriabin-op48--scriabin-op48_no01,kern/scriabin,kern,ok,,2,2,0.0,159,53,0.0
kern-scriabin-op48,kern-scriabin-op48--scriabin-op48_no02,kern/scriabin,kern,ok,,2,2,0.0,168,11,0.0
kern-scriabin-op48,kern-scriabin-op48--scriabin-op48_no03,kern/scriabin,kern,ok,,2,2,0.0,329,68,0.1
kern-scriabin-op48,kern-scriabin-op48--scriabin-op48_no04,kern/scriabin,kern,ok,,2,2,0.0,215,33,0.0
kern-scriabin-op49,kern-scriabin-op49--scriabin-op49_no01,kern/scriabin,kern,ok,,2,2,0.0,256,117,0.1
kern-scriabin-op49,kern-scriabin-op49--scriabin-op49_no02,kern/scriabin,kern,ok,,2,2,0.0,83,28,0.0
kern-scriabin-op49,kern-scriabin-op49--scriabin-op49_no03,kern/scriabin,kern,ok,,2,2,0.0,222,21,0.1
kern-scriabin-op5,kern-scriabin-op5--scriabin-op05_no01,kern/scriabin,kern,ok,,2,2,0.0,903,63,0.2
kern-scriabin-op5,kern-scriabin-op5--scriabin-op05_no02,kern/scriabin,kern,ok,,2,2,0.0,700,91,0.1
kern-scriabin-op51,kern-scriabin-op51--scriabin-op51_no01,kern/scriabin,kern,ok,,2,2,0.0,746,16,0.2
kern-scriabin-op51,kern-scriabin-op51--scriabin-op51_no02,kern/scriabin,kern,ok,,2,2,0.0,287,36,0.0
kern-scriabin-op51,kern-scriabin-op51--scriabin-op51_no03,kern/scriabin,kern,ok,,2,2,0.0,430,217,0.1
kern-scriabin-op51,kern-scriabin-op51--scriabin-op51_no04,kern/scriabin,kern,ok,,2,2,0.0,194,109,0.1
kern-scriabin-op52,kern-scriabin-op52--scriabin-op52_no01,kern/scriabin,kern,ok,,2,2,0.0,585,83,0.2
kern-scriabin-op52,kern-scriabin-op52--scriabin-op52_no02,kern/scriabin,kern,ok,,2,2,0.0,287,135,0.1
kern-scriabin-op52,kern-scriabin-op52--scriabin-op52_no03,kern/scriabin,kern,ok,,2,2,0.0,136,42,0.0
kern-scriabin-op53,kern-scriabin-op53--scriabin-op53,kern/scriabin,kern,ok,,3,3,0.0,1230,670,1.0
kern-scriabin-op56,kern-scriabin-op56--scriabin-op56_no01,kern/scriabin,kern,ok,,2,2,0.0,210,51,0.0
kern-scriabin-op56,kern-scriabin-op56--scriabin-op56_no02,kern/scriabin,kern,ok,,3,3,0.0,553,207,0.2
kern-scriabin-op56,kern-scriabin-op56--scriabin-op56_no03,kern/scriabin,kern,ok,,2,2,0.0,215,8,0.0
kern-scriabin-op56,kern-scriabin-op56--scriabin-op56_no04,kern/scriabin,kern,ok,,2,2,0.0,203,79,0.0
kern-scriabin-op57,kern-scriabin-op57--scriabin-op57_no01,kern/scriabin,kern,ok,,2,2,0.0,199,53,0.0
kern-scriabin-op57,kern-scriabin-op57--scriabin-op57_no02,kern/scriabin,kern,ok,,2,2,0.0,363,36,0.1
kern-scriabin-op58,kern-scriabin-op58--scriabin-op58,kern/scriabin,kern,ok,,2,2,0.0,227,22,0.1
kern-scriabin-op59,kern-scriabin-op59--scriabin-op59_no01,kern/scriabin,kern,ok,,2,2,0.0,393,68,0.1
kern-scriabin-op59,kern-scriabin-op59--scriabin-op59_no02,kern/scriabin,kern,ok,,2,2,0.0,553,196,0.1
kern-scriabin-op6,kern-scriabin-op6--scriabin-op6_no01,kern/scriabin,kern,ok,,2,2,0.0,2135,444,0.5
kern-scriabin-op6,kern-scriabin-op6--scriabin-op6_no02,kern/scriabin,kern,ok,,2,2,0.0,854,45,0.2
kern-scriabin-op6,kern-scriabin-op6--scriabin-op6_no03,kern/scriabin,kern,ok,,2,2,0.0,1117,265,0.2
kern-scriabin-op6,kern-scriabin-op6--scriabin-op6_no04,kern/scriabin,kern,ok,,2,2,0.0,654,86,0.1
kern-scriabin-op61,kern-scriabin-op61--scriabin-op61,kern/scriabin,kern,ok,,2,2,0.0,1252,247,0.5
kern-scriabin-op62,kern-scriabin-op62--scriabin-op62,kern/scriabin,kern,ok,,3,3,0.0,2187,1004,1.2
kern-scriabin-op63,kern-scriabin-op63--scriabin-op63_no01,kern/scriabin,kern,ok,,2,2,0.0,211,40,0.0
kern-scriabin-op63,kern-scriabin-op63--scriabin-op63_no02,kern/scriabin,kern,ok,,2,2,0.0,706,131,0.2
kern-scriabin-op64,kern-scriabin-op64--scriabin-op64,kern/scriabin,kern,ok,,4,4,0.0,396,812,1.0
kern-scriabin-op65,kern-scriabin-op65--scriabin-op65_no01,kern/scriabin,kern,ok,,2,2,0.0,613,76,0.1
kern-scriabin-op65,kern-scriabin-op65--scriabin-op65_no02,kern/scriabin,kern,ok,,2,2,0.0,372,58,0.1
kern-scriabin-op65,kern-scriabin-op65--scriabin-op65_no03,kern/scriabin,kern,ok,,2,2,0.0,860,111,0.3
kern-scriabin-op66,kern-scriabin-op66--scriabin-op66,kern/scriabin,kern,ok,,4,4,0.0,1879,1383,1.3
kern-scriabin-op67,kern-scriabin-op67--scriabin-op67_no01,kern/scriabin,kern,ok,,2,2,0.0,268,0,0.0
kern-scriabin-op67,kern-scriabin-op67--scriabin-op67_no02,kern/scriabin,kern,ok,,2,2,0.0,537,20,0.1
kern-scriabin-op68,kern-scriabin-op68--scriabin-op68,kern/scriabin,kern,ok,,3,3,0.0,982,280,0.5
kern-scriabin-op69,kern-scriabin-op69--scriabin-op69_no01,kern/scriabin,kern,ok,,2,2,0.0,382,76,0.1
kern-scriabin-op69,kern-scriabin-op69--scriabin-op69_no02,kern/scriabin,kern,ok,,2,2,0.0,377,157,0.1
kern-scriabin-op7,kern-scriabin-op7--scriabin-op7_no01,kern/scriabin,kern,ok,,2,2,0.0,916,139,0.2
kern-scriabin-op7,kern-scriabin-op7--scriabin-op7_no02,kern/scriabin,kern,ok,,2,2,0.0,1131,197,0.3
kern-scriabin-op70,kern-scriabin-op70--scriabin-op70,kern/scriabin,kern,ok,,3,3,0.0,200,476,0.8
kern-scriabin-op71,kern-scriabin-op71--scriabin-op71_no01,kern/scriabin,kern,ok,,2,2,0.0,490,86,0.1
kern-scriabin-op71,kern-scriabin-op71--scriabin-op71_no02,kern/scriabin,kern,ok,,2,2,0.0,423,124,0.1
kern-scriabin-op72,kern-scriabin-op72--scriabin-op72,kern/scriabin,kern,ok,,3,3,0.0,2641,530,0.7
kern-scriabin-op73,kern-scriabin-op73--scriabin-op73_no01,kern/scriabin,kern,ok,,2,2,0.0,752,179,0.2
kern-scriabin-op73,kern-scriabin-op73--scriabin-op73_no02,kern/scriabin,kern,ok,,2,2,0.0,403,46,0.1
kern-scriabin-op74,kern-scriabin-op74--scriabin-op74_no01,kern/scriabin,kern,ok,,2,2,0.0,88,5,0.0
kern-scriabin-op74,kern-scriabin-op74--scriabin-op74_no02,kern/scriabin,kern,ok,,2,2,0.0,118,16,0.0
kern-scriabin-op74,kern-scriabin-op74--scriabin-op74_no03,kern/scriabin,kern,ok,,2,2,0.0,202,38,0.0
kern-scriabin-op74,kern-scriabin-op74--scriabin-op74_no04,kern/scriabin,kern,ok,,2,2,0.0,271,0,0.0
kern-scriabin-op74,kern-scriabin-op74--scriabin-op74_no05,kern/scriabin,kern,ok,,2,2,0.0,333,59,0.1
kern-scriabin-op8,kern-scriabin-op8--scriabin-op08_no01,kern/scriabin,kern,ok,,2,2,0.0,912,27,0.2
kern-scriabin-op8,kern-scriabin-op8--scriabin-op08_no02,kern/scriabin,kern,ok,,2,2,0.0,722,1,0.1
kern-scriabin-op8,kern-scriabin-op8--scriabin-op08_no03,kern/scriabin,kern,ok,,2,2,0.0,1258,28,0.2
kern-scriabin-op8,kern-scriabin-op8--scriabin-op08_no04,kern/scriabin,kern,ok,,2,2,0.0,747,0,0.1
kern-scriabin-op8,kern-scriabin-op8--scriabin-op08_no05,kern/scriabin,kern,ok,,2,2,0.0,837,145,0.2
kern-scriabin-op8,kern-scriabin-op8--scriabin-op08_no06,kern/scriabin,kern,ok,,2,2,0.0,815,26,0.2
kern-scriabin-op8,kern-scriabin-op8--scriabin-op8_no07,kern/scriabin,kern,ok,,2,2,0.0,1052,199,0.2
kern-scriabin-op8,kern-scriabin-op8--scriabin-op8_no08,kern/scriabin,kern,ok,,2,2,0.0,539,34,0.1
kern-scriabin-op8,kern-scriabin-op8--scriabin-op8_no09,kern/scriabin,kern,ok,,2,2,0.0,1688,113,0.4
kern-scriabin-op8,kern-scriabin-op8--scriabin-op8_no10,kern/scriabin,kern,ok,,2,2,0.0,1339,35,0.2
kern-scriabin-op8,kern-scriabin-op8--scriabin-op8_no11,kern/scriabin,kern,ok,,2,2,0.0,996,63,0.2
kern-scriabin-op8,kern-scriabin-op8--scriabin-op8_no12,kern/scriabin,kern,ok,,2,2,0.0,1283,244,0.3
kern-scriabin-op9,kern-scriabin-op9--scriabin-op9_no01,kern/scriabin,kern,ok,,2,2,0.0,400,71,0.1
kern-scriabin-op9,kern-scriabin-op9--scriabin-op9_no02,kern/scriabin,kern,ok,,2,2,0.0,883,156,0.2
kern-vivaldi-op6-vivaldi-op06n01,kern-vivaldi-op6-vivaldi-op06n01--vivaldi-op06n01m1,kern/vivaldi-op6,kern,ok,,5,5,0.0,2499,450,0.5
kern-vivaldi-op6-vivaldi-op06n01,kern-vivaldi-op6-vivaldi-op06n01--vivaldi-op06n01m2,kern/vivaldi-op6,kern,ok,,2,2,0.0,397,25,0.1
kern-vivaldi-op6-vivaldi-op06n01,kern-vivaldi-op6-vivaldi-op06n01--vivaldi-op06n01m3,kern/vivaldi-op6,kern,ok,,5,5,0.0,1952,335,0.4
kern-vivaldi-op6-vivaldi-op06n02,kern-vivaldi-op6-vivaldi-op06n02--vivaldi-op06n02m1,kern/vivaldi-op6,kern,ok,,5,5,0.0,2887,331,0.4
kern-vivaldi-op6-vivaldi-op06n02,kern-vivaldi-op6-vivaldi-op06n02--vivaldi-op06n02m2,kern/vivaldi-op6,kern,ok,,2,2,0.0,149,3,0.0
kern-vivaldi-op6-vivaldi-op06n02,kern-vivaldi-op6-vivaldi-op06n02--vivaldi-op06n02m3,kern/vivaldi-op6,kern,ok,,5,5,0.0,2122,362,0.4
kern-vivaldi-op6-vivaldi-op06n03,kern-vivaldi-op6-vivaldi-op06n03--vivaldi-op06n03m1,kern/vivaldi-op6,kern,ok,,4,3,0.25,1788,328,0.5
kern-vivaldi-op6-vivaldi-op06n03,kern-vivaldi-op6-vivaldi-op06n03--vivaldi-op06n03m2,kern/vivaldi-op6,kern,ok,,4,4,0.0,308,58,0.0
kern-vivaldi-op6-vivaldi-op06n03,kern-vivaldi-op6-vivaldi-op06n03--vivaldi-op06n03m3,kern/vivaldi-op6,kern,ok,,3,3,0.0,876,73,0.2
kern-vivaldi-op6-vivaldi-op06n04,kern-vivaldi-op6-vivaldi-op06n04--vivaldi-op06n04m1,kern/vivaldi-op6,kern,ok,,5,4,0.2,1989,344,0.3
kern-vivaldi-op6-vivaldi-op06n04,kern-vivaldi-op6-vivaldi-op06n04--vivaldi-op06n04m2,kern/vivaldi-op6,kern,ok,,5,5,0.0,332,21,0.0
kern-vivaldi-op6-vivaldi-op06n04,kern-vivaldi-op6-vivaldi-op06n04--vivaldi-op06n04m3,kern/vivaldi-op6,kern,ok,,5,4,0.2,1600,335,0.4
kern-vivaldi-op6-vivaldi-op06n05,kern-vivaldi-op6-vivaldi-op06n05--vivaldi-op06n05m1,kern/vivaldi-op6,kern,ok,,5,4,0.2,1627,266,0.4
kern-vivaldi-op6-vivaldi-op06n05,kern-vivaldi-op6-vivaldi-op06n05--vivaldi-op06n05m2,kern/vivaldi-op6,kern,ok,,5,5,0.0,627,41,0.1
kern-vivaldi-op6-vivaldi-op06n05,kern-vivaldi-op6-vivaldi-op06n05--vivaldi-op06n05m3,kern/vivaldi-op6,kern,ok,,5,4,0.2,1511,250,0.4
kern-vivaldi-op6-vivaldi-op06n06,kern-vivaldi-op6-vivaldi-op06n06--vivaldi-op06n06m1,kern/vivaldi-op6,kern,ok,,5,4,0.2,2391,250,0.4
kern-vivaldi-op6-vivaldi-op06n06,kern-vivaldi-op6-vivaldi-op06n06--vivaldi-op06n06m2,kern/vivaldi-op6,kern,ok,,2,2,0.0,312,0,0.0
kern-vivaldi-op6-vivaldi-op06n06,kern-vivaldi-op6-vivaldi-op06n06--vivaldi-op06n06m3,kern/vivaldi-op6,kern,ok,,5,4,0.2,1885,451,0.5
m21-bach-bwv1.6-mxl,m21-bach-bwv1.6-mxl,m21_bach,mxl,ok,,5,5,0.0,491,5,0.0
m21-bach-bwv10.7-mxl,m21-bach-bwv10.7-mxl,m21_bach,mxl,ok,,4,4,0.0,206,2,0.0
m21-bach-bwv101.7-mxl,m21-bach-bwv101.7-mxl,m21_bach,mxl,ok,,4,4,0.0,207,0,0.0
m21-bach-bwv102.7-mxl,m21-bach-bwv102.7-mxl,m21_bach,mxl,ok,,4,4,0.0,228,0,0.0
m21-bach-bwv103.6-mxl,m21-bach-bwv103.6-mxl,m21_bach,mxl,ok,,4,4,0.0,247,0,0.2
m21-bach-bwv104.6-mxl,m21-bach-bwv104.6-mxl,m21_bach,mxl,ok,,4,4,0.0,199,0,0.0
m21-bach-bwv108.6-mxl,m21-bach-bwv108.6-mxl,m21_bach,mxl,ok,,4,4,0.0,291,0,0.0
m21-bach-bwv11.6-mxl,m21-bach-bwv11.6-mxl,m21_bach,mxl,ok,,4,4,0.0,263,0,0.0
m21-bach-bwv110.7-mxl,m21-bach-bwv110.7-mxl,m21_bach,mxl,ok,,4,4,0.0,206,0,0.0
m21-bach-bwv111.6-mxl,m21-bach-bwv111.6-mxl,m21_bach,mxl,ok,,4,4,0.0,350,0,0.0
m21-bach-bwv112.5-mxl,m21-bach-bwv112.5-mxl,m21_bach,mxl,ok,,4,4,0.0,295,0,0.0
m21-bach-bwv112.5-sc-mxl,m21-bach-bwv112.5-sc-mxl,m21_bach,mxl,ok,,7,7,0.0,357,7,0.1
m21-bach-bwv113.8-mxl,m21-bach-bwv113.8-mxl,m21_bach,mxl,ok,,4,4,0.0,209,0,0.1
m21-bach-bwv114.7-mxl,m21-bach-bwv114.7-mxl,m21_bach,mxl,ok,,4,4,0.0,209,0,0.0
m21-bach-bwv115.6-mxl,m21-bach-bwv115.6-mxl,m21_bach,mxl,ok,,4,4,0.0,172,0,0.0
m21-bach-bwv116.6-mxl,m21-bach-bwv116.6-mxl,m21_bach,mxl,ok,,4,4,0.0,215,0,0.0
m21-bach-bwv117.4-mxl,m21-bach-bwv117.4-mxl,m21_bach,mxl,ok,,4,4,0.0,205,0,0.0
m21-bach-bwv119.9-mxl,m21-bach-bwv119.9-mxl,m21_bach,mxl,ok,,4,4,0.0,180,10,0.0
m21-bach-bwv12.7-mxl,m21-bach-bwv12.7-mxl,m21_bach,mxl,ok,,5,5,0.0,307,0,0.0
m21-bach-bwv120.6-mxl,m21-bach-bwv120.6-mxl,m21_bach,mxl,ok,,4,4,0.0,293,0,0.0
m21-bach-bwv120.8-a-mxl,m21-bach-bwv120.8-a-mxl,m21_bach,mxl,ok,,8,8,0.0,518,50,0.0
m21-bach-bwv121.6-mxl,m21-bach-bwv121.6-mxl,m21_bach,mxl,ok,,4,4,0.0,265,0,0.0
m21-bach-bwv122.6-mxl,m21-bach-bwv122.6-mxl,m21_bach,mxl,ok,,4,4,0.0,156,0,0.0
m21-bach-bwv123.6-mxl,m21-bach-bwv123.6-mxl,m21_bach,mxl,ok,,4,4,0.0,179,0,0.0
m21-bach-bwv124.6-mxl,m21-bach-bwv124.6-mxl,m21_bach,mxl,ok,,5,5,0.0,327,0,0.0
m21-bach-bwv125.6-mxl,m21-bach-bwv125.6-mxl,m21_bach,mxl,ok,,4,4,0.0,215,0,0.0
m21-bach-bwv126.6-mxl,m21-bach-bwv126.6-mxl,m21_bach,mxl,ok,,4,4,0.0,476,4,0.0
m21-bach-bwv127.5-mxl,m21-bach-bwv127.5-mxl,m21_bach,mxl,ok,,4,4,0.0,242,0,0.0
m21-bach-bwv128.5-mxl,m21-bach-bwv128.5-mxl,m21_bach,mxl,ok,,6,6,0.0,382,0,0.0
m21-bach-bwv13.6-mxl,m21-bach-bwv13.6-mxl,m21_bach,mxl,ok,,4,4,0.0,206,0,0.0
m21-bach-bwv130.6-mxl,m21-bach-bwv130.6-mxl,m21_bach,mxl,ok,,8,8,0.0,283,50,0.0
m21-bach-bwv133.6-mxl,m21-bach-bwv133.6-mxl,m21_bach,mxl,ok,,4,4,0.0,175,8,0.0
m21-bach-bwv135.6-mxl,m21-bach-bwv135.6-mxl,m21_bach,mxl,ok,,4,4,0.0,276,0,0.0
m21-bach-bwv136.6-mxl,m21-bach-bwv136.6-mxl,m21_bach,mxl,ok,,5,5,0.0,274,0,0.0
m21-bach-bwv137.5-mxl,m21-bach-bwv137.5-mxl,m21_bach,mxl,ok,,8,8,0.0,399,9,0.0
m21-bach-bwv139.6-mxl,m21-bach-bwv139.6-mxl,m21_bach,mxl,ok,,4,4,0.0,226,0,0.0
m21-bach-bwv14.5-mxl,m21-bach-bwv14.5-mxl,m21_bach,mxl,ok,,4,4,0.0,220,0,0.0
m21-bach-bwv140.7-mxl,m21-bach-bwv140.7-mxl,m21_bach,mxl,ok,,4,4,0.0,276,16,0.0
m21-bach-bwv144.3-mxl,m21-bach-bwv144.3-mxl,m21_bach,mxl,ok,,4,4,0.0,193,0,0.0
m21-bach-bwv144.6-mxl,m21-bach-bwv144.6-mxl,m21_bach,mxl,ok,,4,4,0.0,255,0,0.0
m21-bach-bwv145-a-mxl,m21-bach-bwv145-a-mxl,m21_bach,mxl,ok,,4,4,0.0,210,0,0.0
m21-bach-bwv145.5-mxl,m21-bach-bwv145.5-mxl,m21_bach,mxl,ok,,4,4,0.0,175,0,0.0
m21-bach-bwv146.8-mxl,m21-bach-bwv146.8-mxl,m21_bach,mxl,ok,,4,4,0.0,283,0,0.0
m21-bach-bwv148.6-mxl,m21-bach-bwv148.6-mxl,m21_bach,mxl,ok,,4,4,0.0,201,8,0.0
m21-bach-bwv149.7-mxl,m21-bach-bwv149.7-mxl,m21_bach,mxl,ok,,8,8,0.0,535,108,0.0
m21-bach-bwv151.5-mxl,m21-bach-bwv151.5-mxl,m21_bach,mxl,ok,,4,4,0.0,168,4,0.0
m21-bach-bwv153.1-mxl,m21-bach-bwv153.1-mxl,m21_bach,mxl,ok,,4,4,0.0,196,0,0.0
m21-bach-bwv153.5-mxl,m21-bach-bwv153.5-mxl,m21_bach,mxl,ok,,4,4,0.0,183,0,0.0
m21-bach-bwv153.9-mxl,m21-bach-bwv153.9-mxl,m21_bach,mxl,ok,,4,4,0.0,143,0,0.0
m21-bach-bwv154.3-mxl,m21-bach-bwv154.3-mxl,m21_bach,mxl,ok,,4,4,0.0,207,0,0.0
m21-bach-bwv154.8-mxl,m21-bach-bwv154.8-mxl,m21_bach,mxl,ok,,4,4,0.0,235,0,0.0
m21-bach-bwv155.5-mxl,m21-bach-bwv155.5-mxl,m21_bach,mxl,ok,,4,4,0.0,214,0,0.1
m21-bach-bwv156.6-mxl,m21-bach-bwv156.6-mxl,m21_bach,mxl,ok,,4,4,0.0,200,0,0.0
m21-bach-bwv157.5-mxl,m21-bach-bwv157.5-mxl,m21_bach,mxl,ok,,4,4,0.0,246,0,0.0
m21-bach-bwv158.4-mxl,m21-bach-bwv158.4-mxl,m21_bach,mxl,ok,,4,4,0.0,274,4,0.1
m21-bach-bwv159.5-mxl,m21-bach-bwv159.5-mxl,m21_bach,mxl,ok,,4,4,0.0,271,0,0.6
m21-bach-bwv16.6-mxl,m21-bach-bwv16.6-mxl,m21_bach,mxl,ok,,4,4,0.0,195,0,0.0
m21-bach-bwv161.6-mxl,m21-bach-bwv161.6-mxl,m21_bach,mxl,ok,,5,5,0.0,343,5,0.0
m21-bach-bwv162.6-lpz-mxl,m21-bach-bwv162.6-lpz-mxl,m21_bach,mxl,ok,,4,4,0.0,291,0,0.0
m21-bach-bwv164.6-mxl,m21-bach-bwv164.6-mxl,m21_bach,mxl,ok,,4,4,0.0,174,0,0.1
m21-bach-bwv165.6-mxl,m21-bach-bwv165.6-mxl,m21_bach,mxl,ok,,4,4,0.0,155,0,0.0
m21-bach-bwv166.6-mxl,m21-bach-bwv166.6-mxl,m21_bach,mxl,ok,,4,4,0.0,142,0,0.0
m21-bach-bwv168.6-mxl,m21-bach-bwv168.6-mxl,m21_bach,mxl,ok,,4,4,0.0,205,0,0.0
m21-bach-bwv169.7-mxl,m21-bach-bwv169.7-mxl,m21_bach,mxl,ok,,4,4,0.0,248,0,0.0
m21-bach-bwv17.7-mxl,m21-bach-bwv17.7-mxl,m21_bach,mxl,ok,,4,4,0.0,346,0,0.0
m21-bach-bwv171.6-mxl,m21-bach-bwv171.6-mxl,m21_bach,mxl,ok,,8,8,0.0,851,252,0.1
m21-bach-bwv172.6-mxl,m21-bach-bwv172.6-mxl,m21_bach,mxl,ok,,5,5,0.0,334,5,0.0
m21-bach-bwv174.5-mxl,m21-bach-bwv174.5-mxl,m21_bach,mxl,ok,,4,4,0.0,369,1,0.0
m21-bach-bwv175.7-mxl,m21-bach-bwv175.7-mxl,m21_bach,mxl,ok,,7,6,0.143,644,21,0.1
m21-bach-bwv176.6-mxl,m21-bach-bwv176.6-mxl,m21_bach,mxl,ok,,4,4,0.0,361,0,0.0
m21-bach-bwv177.4-mxl,m21-bach-bwv177.4-mxl,m21_bach,mxl,ok,,4,4,0.0,204,0,0.0
m21-bach-bwv177.5-mxl,m21-bach-bwv177.5-mxl,m21_bach,mxl,ok,,4,4,0.0,263,0,0.0
m21-bach-bwv178.7-mxl,m21-bach-bwv178.7-mxl,m21_bach,mxl,ok,,4,4,0.0,266,0,0.0
m21-bach-bwv179.6-mxl,m21-bach-bwv179.6-mxl,m21_bach,mxl,ok,,4,4,0.0,177,0,0.0
m21-bach-bwv18.5-lz-mxl,m21-bach-bwv18.5-lz-mxl,m21_bach,mxl,ok,,4,4,0.0,235,0,0.0
m21-bach-bwv18.5-w-mxl,m21-bach-bwv18.5-w-mxl,m21_bach,mxl,ok,,4,4,0.0,239,0,0.0
m21-bach-bwv180.7-mxl,m21-bach-bwv180.7-mxl,m21_bach,mxl,ok,,4,4,0.0,253,0,0.0
m21-bach-bwv183.5-mxl,m21-bach-bwv183.5-mxl,m21_bach,mxl,ok,,4,4,0.0,239,0,0.0
m21-bach-bwv184.5-mxl,m21-bach-bwv184.5-mxl,m21_bach,mxl,ok,,4,4,0.0,237,0,0.0
m21-bach-bwv185.6-mxl,m21-bach-bwv185.6-mxl,m21_bach,mxl,ok,,5,5,0.0,431,1,0.0
m21-bach-bwv187.7-mxl,m21-bach-bwv187.7-mxl,m21_bach,mxl,ok,,4,4,0.0,282,0,0.1
m21-bach-bwv188.6-mxl,m21-bach-bwv188.6-mxl,m21_bach,mxl,ok,,4,4,0.0,204,8,0.0
m21-bach-bwv19.7-mxl,m21-bach-bwv19.7-mxl,m21_bach,mxl,ok,,8,8,0.0,392,56,0.1
m21-bach-bwv190.7-inst-mxl,m21-bach-bwv190.7-inst-mxl,m21_bach,mxl,ok,,15,10,0.333,1094,160,0.2
m21-bach-bwv190.7-mxl,m21-bach-bwv190.7-mxl,m21_bach,mxl,ok,,4,4,0.0,444,0,0.0
m21-bach-bwv194.12-mxl,m21-bach-bwv194.12-mxl,m21_bach,mxl,ok,,4,4,0.0,150,0,0.0
m21-bach-bwv194.6-mxl,m21-bach-bwv194.6-mxl,m21_bach,mxl,ok,,4,4,0.0,221,0,0.0
m21-bach-bwv195.6-mxl,m21-bach-bwv195.6-mxl,m21_bach,mxl,ok,,8,8,0.0,372,33,0.0
m21-bach-bwv197.10-mxl,m21-bach-bwv197.10-mxl,m21_bach,mxl,ok,,4,4,0.0,151,4,0.0
m21-bach-bwv197.5-mxl,m21-bach-bwv197.5-mxl,m21_bach,mxl,ok,,4,4,0.0,280,0,0.0
m21-bach-bwv197.7-a-mxl,m21-bach-bwv197.7-a-mxl,m21_bach,mxl,ok,,4,4,0.0,258,20,0.0
m21-bach-bwv2.6-mxl,m21-bach-bwv2.6-mxl,m21_bach,mxl,ok,,4,4,0.0,187,0,0.0
m21-bach-bwv20.11-mxl,m21-bach-bwv20.11-mxl,m21_bach,mxl,ok,,4,4,0.0,178,0,0.0
m21-bach-bwv20.7-mxl,m21-bach-bwv20.7-mxl,m21_bach,mxl,ok,,4,4,0.0,292,0,0.0
m21-bach-bwv226.2-mxl,m21-bach-bwv226.2-mxl,m21_bach,mxl,ok,,4,4,0.0,426,16,0.0
m21-bach-bwv227.1-mxl,m21-bach-bwv227.1-mxl,m21_bach,mxl,ok,,4,4,0.0,279,0,0.0
m21-bach-bwv227.11-mxl,m21-bach-bwv227.11-mxl,m21_bach,mxl,ok,,4,4,0.0,190,0,0.0
m21-bach-bwv227.3-mxl,m21-bach-bwv227.3-mxl,m21_bach,mxl,ok,,5,5,0.0,369,1,0.0
m21-bach-bwv227.7-mxl,m21-bach-bwv227.7-mxl,m21_bach,mxl,ok,,4,4,0.0,284,19,0.0
m21-bach-bwv229.2-mxl,m21-bach-bwv229.2-mxl,m21_bach,mxl,ok,,4,4,0.0,356,0,0.0
m21-bach-bwv24.6-mxl,m21-bach-bwv24.6-mxl,m21_bach,mxl,ok,,4,4,0.0,275,0,0.0
m21-bach-bwv244.10-mxl,m21-bach-bwv244.10-mxl,m21_bach,mxl,ok,,4,4,0.0,221,0,0.0
m21-bach-bwv244.15-mxl,m21-bach-bwv244.15-mxl,m21_bach,mxl,ok,,4,4,0.0,194,0,0.0
m21-bach-bwv244.17-mxl,m21-bach-bwv244.17-mxl,m21_bach,mxl,ok,,4,4,0.0,258,0,0.0
m21-bach-bwv244.25-mxl,m21-bach-bwv244.25-mxl,m21_bach,mxl,ok,,4,4,0.0,233,0,0.0
m21-bach-bwv244.29-a-mxl,m21-bach-bwv244.29-a-mxl,m21_bach,mxl,ok,,4,4,0.0,265,0,0.0
m21-bach-bwv244.3-mxl,m21-bach-bwv244.3-mxl,m21_bach,mxl,ok,,4,4,0.0,194,0,0.0
m21-bach-bwv244.32-mxl,m21-bach-bwv244.32-mxl,m21_bach,mxl,ok,,4,4,0.0,207,0,0.1
m21-bach-bwv244.37-mxl,m21-bach-bwv244.37-mxl,m21_bach,mxl,ok,,4,4,0.0,218,0,0.0
m21-bach-bwv244.40-mxl,m21-bach-bwv244.40-mxl,m21_bach,mxl,ok,,4,4,0.0,310,0,0.0
m21-bach-bwv244.44-mxl,m21-bach-bwv244.44-mxl,m21_bach,mxl,ok,,4,4,0.0,195,0,0.0
m21-bach-bwv244.46-mxl,m21-bach-bwv244.46-mxl,m21_bach,mxl,ok,,4,4,0.0,186,0,0.0
m21-bach-bwv244.54-mxl,m21-bach-bwv244.54-mxl,m21_bach,mxl,ok,,4,4,0.0,192,0,0.0
m21-bach-bwv244.62-mxl,m21-bach-bwv244.62-mxl,m21_bach,mxl,ok,,4,4,0.0,198,0,0.0
m21-bach-bwv245.11-mxl,m21-bach-bwv245.11-mxl,m21_bach,mxl,ok,,4,4,0.0,207,0,0.0
m21-bach-bwv245.14-mxl,m21-bach-bwv245.14-mxl,m21_bach,mxl,ok,,4,4,0.0,256,0,0.1
m21-bach-bwv245.15-mxl,m21-bach-bwv245.15-mxl,m21_bach,mxl,ok,,4,4,0.0,249,0,0.0
m21-bach-bwv245.17-mxl,m21-bach-bwv245.17-mxl,m21_bach,mxl,ok,,4,4,0.0,218,0,0.0
m21-bach-bwv245.22-mxl,m21-bach-bwv245.22-mxl,m21_bach,mxl,ok,,4,4,0.0,152,0,0.0
m21-bach-bwv245.26-mxl,m21-bach-bwv245.26-mxl,m21_bach,mxl,ok,,4,4,0.0,174,0,0.0
m21-bach-bwv245.28-mxl,m21-bach-bwv245.28-mxl,m21_bach,mxl,ok,,4,4,0.0,235,0,0.0
m21-bach-bwv245.3-mxl,m21-bach-bwv245.3-mxl,m21_bach,mxl,ok,,4,4,0.0,189,0,0.0
m21-bach-bwv245.37-mxl,m21-bach-bwv245.37-mxl,m21_bach,mxl,ok,,4,4,0.0,248,0,0.1
m21-bach-bwv245.40-mxl,m21-bach-bwv245.40-mxl,m21_bach,mxl,ok,,4,4,0.0,495,0,0.0
m21-bach-bwv245.5-mxl,m21-bach-bwv245.5-mxl,m21_bach,mxl,ok,,4,4,0.0,235,0,0.1
m21-bach-bwv248.12-2-mxl,m21-bach-bwv248.12-2-mxl,m21_bach,mxl,ok,,4,4,0.0,236,0,0.0
m21-bach-bwv248.17-mxl,m21-bach-bwv248.17-mxl,m21_bach,mxl,ok,,5,5,0.0,209,0,0.0
m21-bach-bwv248.23-2-mxl,m21-bach-bwv248.23-2-mxl,m21_bach,mxl,ok,,8,8,0.0,510,132,0.0
m21-bach-bwv248.23-s-mxl,m21-bach-bwv248.23-s-mxl,m21_bach,mxl,ok,,4,4,0.0,183,0,0.0
m21-bach-bwv248.28-mxl,m21-bach-bwv248.28-mxl,m21_bach,mxl,ok,,4,4,0.0,213,0,0.0
m21-bach-bwv248.33-3-mxl,m21-bach-bwv248.33-3-mxl,m21_bach,mxl,ok,,4,4,0.0,208,0,0.0
m21-bach-bwv248.35-3-mxl,m21-bach-bwv248.35-3-mxl,m21_bach,mxl,ok,,4,4,0.0,232,0,0.0
m21-bach-bwv248.35-3c-mxl,m21-bach-bwv248.35-3c-mxl,m21_bach,mxl,ok,,5,5,0.0,306,0,0.0
m21-bach-bwv248.42-4-mxl,m21-bach-bwv248.42-4-mxl,m21_bach,mxl,ok,,12,12,0.0,1855,374,0.2
m21-bach-bwv248.42-s-mxl,m21-bach-bwv248.42-s-mxl,m21_bach,mxl,ok,,4,4,0.0,283,0,0.0
m21-bach-bwv248.46-5-mxl,m21-bach-bwv248.46-5-mxl,m21_bach,mxl,ok,,4,4,0.0,235,4,0.0
m21-bach-bwv248.5-mxl,m21-bach-bwv248.5-mxl,m21_bach,mxl,ok,,4,4,0.0,219,0,0.0
m21-bach-bwv248.53-5-mxl,m21-bach-bwv248.53-5-mxl,m21_bach,mxl,ok,,4,4,0.0,164,0,0.0
m21-bach-bwv248.59-6-mxl,m21-bach-bwv248.59-6-mxl,m21_bach,mxl,ok,,5,5,0.0,277,0,0.0
m21-bach-bwv248.64-6-mxl,m21-bach-bwv248.64-6-mxl,m21_bach,mxl,ok,,14,14,0.0,3984,1228,0.3
m21-bach-bwv248.64-s-mxl,m21-bach-bwv248.64-s-mxl,m21_bach,mxl,ok,,4,4,0.0,275,0,0.0
m21-bach-bwv248.9-1-mxl,m21-bach-bwv248.9-1-mxl,m21_bach,mxl,ok,,8,8,0.0,466,138,0.0
m21-bach-bwv248.9-s-mxl,m21-bach-bwv248.9-s-mxl,m21_bach,mxl,ok,,5,5,0.0,224,0,0.1
m21-bach-bwv25.6-mxl,m21-bach-bwv25.6-mxl,m21_bach,mxl,ok,,4,4,0.0,216,0,0.0
m21-bach-bwv250-mxl,m21-bach-bwv250-mxl,m21_bach,mxl,ok,,6,6,0.0,284,9,0.0
m21-bach-bwv251-mxl,m21-bach-bwv251-mxl,m21_bach,mxl,ok,,6,6,0.0,325,0,0.0
m21-bach-bwv252-mxl,m21-bach-bwv252-mxl,m21_bach,mxl,ok,,6,5,0.167,270,1,0.0
m21-bach-bwv253-mxl,m21-bach-bwv253-mxl,m21_bach,mxl,ok,,4,4,0.0,164,0,0.0
m21-bach-bwv254-mxl,m21-bach-bwv254-mxl,m21_bach,mxl,ok,,4,4,0.0,204,0,0.0
m21-bach-bwv255-mxl,m21-bach-bwv255-mxl,m21_bach,mxl,ok,,4,4,0.0,139,0,0.0
m21-bach-bwv256-mxl,m21-bach-bwv256-mxl,m21_bach,mxl,ok,,4,4,0.0,206,0,0.0
m21-bach-bwv257-mxl,m21-bach-bwv257-mxl,m21_bach,mxl,ok,,4,4,0.0,203,0,0.0
m21-bach-bwv258-mxl,m21-bach-bwv258-mxl,m21_bach,mxl,ok,,4,4,0.0,191,0,0.0
m21-bach-bwv259-mxl,m21-bach-bwv259-mxl,m21_bach,mxl,ok,,4,4,0.0,227,0,0.0
m21-bach-bwv26.6-mxl,m21-bach-bwv26.6-mxl,m21_bach,mxl,ok,,4,4,0.0,187,0,0.0
m21-bach-bwv260-mxl,m21-bach-bwv260-mxl,m21_bach,mxl,ok,,4,4,0.0,215,0,0.0
m21-bach-bwv261-mxl,m21-bach-bwv261-mxl,m21_bach,mxl,ok,,4,4,0.0,295,32,0.0
m21-bach-bwv262-mxl,m21-bach-bwv262-mxl,m21_bach,mxl,ok,,4,4,0.0,193,0,0.0
m21-bach-bwv263-mxl,m21-bach-bwv263-mxl,m21_bach,mxl,ok,,4,4,0.0,231,0,0.0
m21-bach-bwv264-mxl,m21-bach-bwv264-mxl,m21_bach,mxl,ok,,4,4,0.0,142,12,0.0
m21-bach-bwv265-mxl,m21-bach-bwv265-mxl,m21_bach,mxl,ok,,4,4,0.0,141,0,0.0
m21-bach-bwv266-mxl,m21-bach-bwv266-mxl,m21_bach,mxl,ok,,4,4,0.0,236,0,0.0
m21-bach-bwv267-mxl,m21-bach-bwv267-mxl,m21_bach,mxl,ok,,4,4,0.0,325,0,0.0
m21-bach-bwv268-mxl,m21-bach-bwv268-mxl,m21_bach,mxl,ok,,4,4,0.0,245,0,0.0
m21-bach-bwv269-mxl,m21-bach-bwv269-mxl,m21_bach,mxl,ok,,4,4,0.0,225,0,0.1
m21-bach-bwv27.6-mxl,m21-bach-bwv27.6-mxl,m21_bach,mxl,ok,,5,5,0.0,293,6,0.0
m21-bach-bwv270-mxl,m21-bach-bwv270-mxl,m21_bach,mxl,ok,,4,4,0.0,206,0,0.0
m21-bach-bwv271-mxl,m21-bach-bwv271-mxl,m21_bach,mxl,ok,,4,4,0.0,201,0,0.0
m21-bach-bwv272-mxl,m21-bach-bwv272-mxl,m21_bach,mxl,ok,,4,4,0.0,193,0,0.0
m21-bach-bwv273-mxl,m21-bach-bwv273-mxl,m21_bach,mxl,ok,,4,4,0.0,207,0,0.1
m21-bach-bwv274-mxl,m21-bach-bwv274-mxl,m21_bach,mxl,ok,,4,4,0.0,182,0,0.0
m21-bach-bwv275-mxl,m21-bach-bwv275-mxl,m21_bach,mxl,ok,,4,4,0.0,224,13,0.0
m21-bach-bwv276-mxl,m21-bach-bwv276-mxl,m21_bach,mxl,ok,,4,4,0.0,559,4,0.0
m21-bach-bwv277-krn,m21-bach-bwv277-krn,m21_bach,krn,ok,,4,4,0.0,237,4,0.1
m21-bach-bwv277-mxl,m21-bach-bwv277-mxl,m21_bach,mxl,ok,,4,4,0.0,315,4,0.0
m21-bach-bwv278-mxl,m21-bach-bwv278-mxl,m21_bach,mxl,ok,,4,4,0.0,245,4,0.0
m21-bach-bwv279-mxl,m21-bach-bwv279-mxl,m21_bach,mxl,ok,,4,4,0.0,274,4,0.0
m21-bach-bwv28.6-mxl,m21-bach-bwv28.6-mxl,m21_bach,mxl,ok,,4,4,0.0,196,0,0.0
m21-bach-bwv280-mxl,m21-bach-bwv280-mxl,m21_bach,mxl,ok,,4,4,0.0,278,0,0.0
m21-bach-bwv281-krn,m21-bach-bwv281-krn,m21_bach,krn,ok,,4,4,0.0,125,4,0.0
m21-bach-bwv281-mxl,m21-bach-bwv281-mxl,m21_bach,mxl,ok,,4,4,0.0,120,4,0.0
m21-bach-bwv282-mxl,m21-bach-bwv282-mxl,m21_bach,mxl,ok,,4,4,0.0,152,14,0.0
m21-bach-bwv283-mxl,m21-bach-bwv283-mxl,m21_bach,mxl,ok,,4,4,0.0,311,0,0.0
m21-bach-bwv284-mxl,m21-bach-bwv284-mxl,m21_bach,mxl,ok,,4,4,0.0,256,0,0.0
m21-bach-bwv285-mxl,m21-bach-bwv285-mxl,m21_bach,mxl,ok,,4,4,0.0,235,0,0.0
m21-bach-bwv286-mxl,m21-bach-bwv286-mxl,m21_bach,mxl,ok,,4,4,0.0,103,0,0.0
m21-bach-bwv287-mxl,m21-bach-bwv287-mxl,m21_bach,mxl,ok,,4,4,0.0,202,0,0.0
m21-bach-bwv288-mxl,m21-bach-bwv288-mxl,m21_bach,mxl,ok,,4,4,0.0,245,0,0.0
m21-bach-bwv289-mxl,m21-bach-bwv289-mxl,m21_bach,mxl,ok,,4,4,0.0,219,0,0.0
m21-bach-bwv29.8-mxl,m21-bach-bwv29.8-mxl,m21_bach,mxl,ok,,8,8,0.0,509,161,0.1
m21-bach-bwv290-mxl,m21-bach-bwv290-mxl,m21_bach,mxl,ok,,4,4,0.0,148,0,0.0
m21-bach-bwv291-mxl,m21-bach-bwv291-mxl,m21_bach,mxl,ok,,4,4,0.0,184,4,0.0
m21-bach-bwv292-mxl,m21-bach-bwv292-mxl,m21_bach,mxl,ok,,4,4,0.0,250,0,0.1
m21-bach-bwv293-mxl,m21-bach-bwv293-mxl,m21_bach,mxl,ok,,4,4,0.0,146,0,0.0
m21-bach-bwv294-mxl,m21-bach-bwv294-mxl,m21_bach,mxl,ok,,4,4,0.0,293,0,0.0
m21-bach-bwv295-mxl,m21-bach-bwv295-mxl,m21_bach,mxl,ok,,4,4,0.0,181,0,0.0
m21-bach-bwv296-mxl,m21-bach-bwv296-mxl,m21_bach,mxl,ok,,4,4,0.0,190,20,0.0
m21-bach-bwv297-mxl,m21-bach-bwv297-mxl,m21_bach,mxl,ok,,4,4,0.0,206,0,0.0
m21-bach-bwv298-mxl,m21-bach-bwv298-mxl,m21_bach,mxl,ok,,4,4,0.0,184,0,0.1
m21-bach-bwv299-mxl,m21-bach-bwv299-mxl,m21_bach,mxl,ok,,4,4,0.0,211,0,0.0
m21-bach-bwv3.6-mxl,m21-bach-bwv3.6-mxl,m21_bach,mxl,ok,,4,4,0.0,167,0,0.0
m21-bach-bwv30.6-mxl,m21-bach-bwv30.6-mxl,m21_bach,mxl,ok,,4,4,0.0,238,0,0.0
m21-bach-bwv300-mxl,m21-bach-bwv300-mxl,m21_bach,mxl,ok,,4,4,0.0,227,20,0.0
m21-bach-bwv301-mxl,m21-bach-bwv301-mxl,m21_bach,mxl,ok,,4,4,0.0,223,0,0.0
m21-bach-bwv302-mxl,m21-bach-bwv302-mxl,m21_bach,mxl,ok,,4,4,0.0,234,0,0.0
m21-bach-bwv303-mxl,m21-bach-bwv303-mxl,m21_bach,mxl,ok,,4,4,0.0,239,0,0.1
m21-bach-bwv304-mxl,m21-bach-bwv304-mxl,m21_bach,mxl,ok,,4,4,0.0,378,2,0.0
m21-bach-bwv305-mxl,m21-bach-bwv305-mxl,m21_bach,mxl,ok,,4,4,0.0,279,0,0.0
m21-bach-bwv306-mxl,m21-bach-bwv306-mxl,m21_bach,mxl,ok,,4,4,0.0,192,0,0.0
m21-bach-bwv307-mxl,m21-bach-bwv307-mxl,m21_bach,mxl,ok,,4,4,0.0,194,0,0.0
m21-bach-bwv308-mxl,m21-bach-bwv308-mxl,m21_bach,mxl,ok,,4,4,0.0,181,0,0.0
m21-bach-bwv309-mxl,m21-bach-bwv309-mxl,m21_bach,mxl,ok,,4,4,0.0,231,0,0.0
m21-bach-bwv31.9-mxl,m21-bach-bwv31.9-mxl,m21_bach,mxl,ok,,5,5,0.0,354,0,0.0
m21-bach-bwv310-mxl,m21-bach-bwv310-mxl,m21_bach,mxl,ok,,4,4,0.0,168,0,0.0
m21-bach-bwv311-mxl,m21-bach-bwv311-mxl,m21_bach,mxl,ok,,4,4,0.0,293,4,0.0
m21-bach-bwv312-mxl,m21-bach-bwv312-mxl,m21_bach,mxl,ok,,4,4,0.0,326,4,0.0
m21-bach-bwv313-mxl,m21-bach-bwv313-mxl,m21_bach,mxl,ok,,4,4,0.0,197,0,0.0
m21-bach-bwv314-mxl,m21-bach-bwv314-mxl,m21_bach,mxl,ok,,4,4,0.0,189,0,0.0
m21-bach-bwv315-mxl,m21-bach-bwv315-mxl,m21_bach,mxl,ok,,4,4,0.0,253,8,0.0
m21-bach-bwv316-mxl,m21-bach-bwv316-mxl,m21_bach,mxl,ok,,4,4,0.0,208,0,0.1
m21-bach-bwv317-mxl,m21-bach-bwv317-mxl,m21_bach,mxl,ok,,4,4,0.0,278,0,0.0
m21-bach-bwv318-mxl,m21-bach-bwv318-mxl,m21_bach,mxl,ok,,4,4,0.0,199,0,0.0
m21-bach-bwv319-mxl,m21-bach-bwv319-mxl,m21_bach,mxl,ok,,4,4,0.0,204,0,0.0
m21-bach-bwv32.6-mxl,m21-bach-bwv32.6-mxl,m21_bach,mxl,ok,,4,4,0.0,212,0,0.0
m21-bach-bwv320-mxl,m21-bach-bwv320-mxl,m21_bach,mxl,ok,,4,4,0.0,378,0,0.0
m21-bach-bwv321-mxl,m21-bach-bwv321-mxl,m21_bach,mxl,ok,,4,4,0.0,152,0,0.1
m21-bach-bwv322-mxl,m21-bach-bwv322-mxl,m21_bach,mxl,ok,,4,4,0.0,341,4,0.0
m21-bach-bwv323-mxl,m21-bach-bwv323-mxl,m21_bach,mxl,ok,,4,4,0.0,99,0,0.0
m21-bach-bwv324-mxl,m21-bach-bwv324-mxl,m21_bach,mxl,ok,,4,4,0.0,104,0,0.0
m21-bach-bwv325-mxl,m21-bach-bwv325-mxl,m21_bach,mxl,ok,,4,4,0.0,289,8,0.0
m21-bach-bwv326-mxl,m21-bach-bwv326-mxl,m21_bach,mxl,ok,,4,4,0.0,189,0,0.0
m21-bach-bwv327-mxl,m21-bach-bwv327-mxl,m21_bach,mxl,ok,,4,4,0.0,149,0,0.0
m21-bach-bwv328-mxl,m21-bach-bwv328-mxl,m21_bach,mxl,ok,,4,4,0.0,966,4,0.1
m21-bach-bwv329-mxl,m21-bach-bwv329-mxl,m21_bach,mxl,ok,,4,4,0.0,225,0,0.0
m21-bach-bwv33.6-mxl,m21-bach-bwv33.6-mxl,m21_bach,mxl,ok,,4,4,0.0,303,4,0.0
m21-bach-bwv330-mxl,m21-bach-bwv330-mxl,m21_bach,mxl,ok,,4,4,0.0,178,4,0.0
m21-bach-bwv331-mxl,m21-bach-bwv331-mxl,m21_bach,mxl,ok,,4,4,0.0,150,0,0.0
m21-bach-bwv332-mxl,m21-bach-bwv332-mxl,m21_bach,mxl,ok,,4,4,0.0,152,0,0.1
m21-bach-bwv333-mxl,m21-bach-bwv333-mxl,m21_bach,mxl,ok,,4,4,0.0,208,0,0.0
m21-bach-bwv334-mxl,m21-bach-bwv334-mxl,m21_bach,mxl,ok,,4,4,0.0,204,0,0.0
m21-bach-bwv335-mxl,m21-bach-bwv335-mxl,m21_bach,mxl,ok,,4,4,0.0,154,0,0.0
m21-bach-bwv336-mxl,m21-bach-bwv336-mxl,m21_bach,mxl,ok,,4,4,0.0,156,0,0.0
m21-bach-bwv337-mxl,m21-bach-bwv337-mxl,m21_bach,mxl,ok,,4,4,0.0,200,0,0.0
m21-bach-bwv338-mxl,m21-bach-bwv338-mxl,m21_bach,mxl,ok,,4,4,0.0,199,0,0.0
m21-bach-bwv339-mxl,m21-bach-bwv339-mxl,m21_bach,mxl,ok,,4,4,0.0,205,20,0.0
m21-bach-bwv340-mxl,m21-bach-bwv340-mxl,m21_bach,mxl,ok,,4,4,0.0,405,0,0.0
m21-bach-bwv341-mxl,m21-bach-bwv341-mxl,m21_bach,mxl,ok,,4,4,0.0,142,8,0.0
m21-bach-bwv342-mxl,m21-bach-bwv342-mxl,m21_bach,mxl,ok,,4,4,0.0,230,0,0.0
m21-bach-bwv343-mxl,m21-bach-bwv343-mxl,m21_bach,mxl,ok,,4,4,0.0,232,0,0.0
m21-bach-bwv344-mxl,m21-bach-bwv344-mxl,m21_bach,mxl,ok,,4,4,0.0,236,0,0.0
m21-bach-bwv345-mxl,m21-bach-bwv345-mxl,m21_bach,mxl,ok,,4,4,0.0,204,0,0.0
m21-bach-bwv346-mxl,m21-bach-bwv346-mxl,m21_bach,mxl,ok,,4,4,0.0,244,8,0.0
m21-bach-bwv347-mxl,m21-bach-bwv347-mxl,m21_bach,mxl,ok,,4,4,0.0,229,0,0.0
m21-bach-bwv348-mxl,m21-bach-bwv348-mxl,m21_bach,mxl,ok,,4,4,0.0,275,0,0.0
m21-bach-bwv349-mxl,m21-bach-bwv349-mxl,m21_bach,mxl,ok,,4,4,0.0,161,0,0.0
m21-bach-bwv350-mxl,m21-bach-bwv350-mxl,m21_bach,mxl,ok,,4,4,0.0,354,0,0.0
m21-bach-bwv351-mxl,m21-bach-bwv351-mxl,m21_bach,mxl,ok,,4,4,0.0,178,0,0.0
m21-bach-bwv352-mxl,m21-bach-bwv352-mxl,m21_bach,mxl,ok,,4,4,0.0,238,0,0.0
m21-bach-bwv353-mxl,m21-bach-bwv353-mxl,m21_bach,mxl,ok,,4,4,0.0,236,0,0.0
m21-bach-bwv354-mxl,m21-bach-bwv354-mxl,m21_bach,mxl,ok,,4,4,0.0,235,0,0.1
m21-bach-bwv355-mxl,m21-bach-bwv355-mxl,m21_bach,mxl,ok,,4,4,0.0,278,0,0.0
m21-bach-bwv356-mxl,m21-bach-bwv356-mxl,m21_bach,mxl,ok,,4,4,0.0,216,0,0.0
m21-bach-bwv357-mxl,m21-bach-bwv357-mxl,m21_bach,mxl,ok,,4,4,0.0,287,0,0.0
m21-bach-bwv358-mxl,m21-bach-bwv358-mxl,m21_bach,mxl,ok,,4,4,0.0,200,0,0.0
m21-bach-bwv359-mxl,m21-bach-bwv359-mxl,m21_bach,mxl,ok,,4,4,0.0,205,0,0.0
m21-bach-bwv36.4-2-mxl,m21-bach-bwv36.4-2-mxl,m21_bach,mxl,ok,,4,4,0.0,238,4,0.0
m21-bach-bwv36.8-2-mxl,m21-bach-bwv36.8-2-mxl,m21_bach,mxl,ok,,4,4,0.0,149,0,0.0
m21-bach-bwv360-mxl,m21-bach-bwv360-mxl,m21_bach,mxl,ok,,4,4,0.0,199,0,0.1
m21-bach-bwv361-mxl,m21-bach-bwv361-mxl,m21_bach,mxl,ok,,4,4,0.0,221,0,0.0
m21-bach-bwv362-mxl,m21-bach-bwv362-mxl,m21_bach,mxl,ok,,4,4,0.0,458,0,0.0
m21-bach-bwv363-mxl,m21-bach-bwv363-mxl,m21_bach,mxl,ok,,4,4,0.0,206,4,0.0
m21-bach-bwv364-mxl,m21-bach-bwv364-mxl,m21_bach,mxl,ok,,4,4,0.0,164,12,0.0
m21-bach-bwv365-mxl,m21-bach-bwv365-mxl,m21_bach,mxl,ok,,4,4,0.0,148,0,0.0
m21-bach-bwv366-krn,m21-bach-bwv366-krn,m21_bach,krn,ok,,4,4,0.0,175,0,0.1
m21-bach-bwv366-mxl,m21-bach-bwv366-mxl,m21_bach,mxl,ok,,4,4,0.0,264,0,0.0
m21-bach-bwv367-mxl,m21-bach-bwv367-mxl,m21_bach,mxl,ok,,4,4,0.0,203,4,0.0
m21-bach-bwv368-mxl,m21-bach-bwv368-mxl,m21_bach,mxl,ok,,4,4,0.0,311,1,0.0
m21-bach-bwv369-mxl,m21-bach-bwv369-mxl,m21_bach,mxl,ok,,4,4,0.0,190,0,0.0
m21-bach-bwv37.6-mxl,m21-bach-bwv37.6-mxl,m21_bach,mxl,ok,,4,4,0.0,305,0,0.0
m21-bach-bwv370-mxl,m21-bach-bwv370-mxl,m21_bach,mxl,ok,,4,4,0.0,144,0,0.0
m21-bach-bwv371-mxl,m21-bach-bwv371-mxl,m21_bach,mxl,ok,,4,4,0.0,798,4,0.1
m21-bach-bwv372-mxl,m21-bach-bwv372-mxl,m21_bach,mxl,ok,,4,4,0.0,267,0,0.0
m21-bach-bwv373-mxl,m21-bach-bwv373-mxl,m21_bach,mxl,ok,,4,4,0.0,157,0,0.0
m21-bach-bwv374-mxl,m21-bach-bwv374-mxl,m21_bach,mxl,ok,,4,4,0.0,321,28,0.0
m21-bach-bwv375-mxl,m21-bach-bwv375-mxl,m21_bach,mxl,ok,,4,4,0.0,187,1,0.0
m21-bach-bwv376-mxl,m21-bach-bwv376-mxl,m21_bach,mxl,ok,,4,4,0.0,182,0,0.0
m21-bach-bwv377-mxl,m21-bach-bwv377-mxl,m21_bach,mxl,ok,,4,4,0.0,153,0,0.0
m21-bach-bwv378-mxl,m21-bach-bwv378-mxl,m21_bach,mxl,ok,,4,4,0.0,248,24,0.0
m21-bach-bwv379-mxl,m21-bach-bwv379-mxl,m21_bach,mxl,ok,,4,4,0.0,148,0,0.0
m21-bach-bwv38.6-mxl,m21-bach-bwv38.6-mxl,m21_bach,mxl,ok,,4,4,0.0,182,0,0.0
m21-bach-bwv380-mxl,m21-bach-bwv380-mxl,m21_bach,mxl,ok,,4,4,0.0,258,0,0.1
m21-bach-bwv381-mxl,m21-bach-bwv381-mxl,m21_bach,mxl,ok,,4,4,0.0,271,0,0.1
m21-bach-bwv382-mxl,m21-bach-bwv382-mxl,m21_bach,mxl,ok,,4,4,0.0,231,0,0.0
m21-bach-bwv383-mxl,m21-bach-bwv383-mxl,m21_bach,mxl,ok,,4,4,0.0,444,20,0.0
m21-bach-bwv384-mxl,m21-bach-bwv384-mxl,m21_bach,mxl,ok,,4,4,0.0,130,0,0.0
m21-bach-bwv385-mxl,m21-bach-bwv385-mxl,m21_bach,mxl,ok,,4,4,0.0,234,4,0.0
m21-bach-bwv386-mxl,m21-bach-bwv386-mxl,m21_bach,mxl,ok,,4,4,0.0,186,16,0.0
m21-bach-bwv387-mxl,m21-bach-bwv387-mxl,m21_bach,mxl,ok,,4,4,0.0,158,0,0.0
m21-bach-bwv388-mxl,m21-bach-bwv388-mxl,m21_bach,mxl,ok,,4,4,0.0,205,0,0.0
m21-bach-bwv389-mxl,m21-bach-bwv389-mxl,m21_bach,mxl,ok,,4,4,0.0,370,0,0.0
m21-bach-bwv39.7-mxl,m21-bach-bwv39.7-mxl,m21_bach,mxl,ok,,4,4,0.0,216,0,0.0
m21-bach-bwv390-mxl,m21-bach-bwv390-mxl,m21_bach,mxl,ok,,4,4,0.0,351,0,0.0
m21-bach-bwv391-mxl,m21-bach-bwv391-mxl,m21_bach,mxl,ok,,4,4,0.0,199,0,0.1
m21-bach-bwv392-mxl,m21-bach-bwv392-mxl,m21_bach,mxl,ok,,4,4,0.0,213,3,0.0
m21-bach-bwv393-mxl,m21-bach-bwv393-mxl,m21_bach,mxl,ok,,4,4,0.0,198,0,0.0
m21-bach-bwv394-mxl,m21-bach-bwv394-mxl,m21_bach,mxl,ok,,4,4,0.0,243,4,0.0
m21-bach-bwv395-mxl,m21-bach-bwv395-mxl,m21_bach,mxl,ok,,4,4,0.0,209,0,0.0
m21-bach-bwv396-mxl,m21-bach-bwv396-mxl,m21_bach,mxl,ok,,4,4,0.0,130,4,0.0
m21-bach-bwv397-mxl,m21-bach-bwv397-mxl,m21_bach,mxl,ok,,4,4,0.0,208,0,0.0
m21-bach-bwv398-mxl,m21-bach-bwv398-mxl,m21_bach,mxl,ok,,4,4,0.0,258,20,0.0
m21-bach-bwv399-mxl,m21-bach-bwv399-mxl,m21_bach,mxl,ok,,4,4,0.0,196,0,0.0
m21-bach-bwv4.8-mxl,m21-bach-bwv4.8-mxl,m21_bach,mxl,ok,,4,4,0.0,212,0,0.0
m21-bach-bwv40.3-mxl,m21-bach-bwv40.3-mxl,m21_bach,mxl,ok,,4,4,0.0,204,0,0.0
m21-bach-bwv40.6-mxl,m21-bach-bwv40.6-mxl,m21_bach,mxl,ok,,4,4,0.0,250,0,0.0
m21-bach-bwv40.8-mxl,m21-bach-bwv40.8-mxl,m21_bach,mxl,ok,,4,4,0.0,358,0,0.0
m21-bach-bwv400-mxl,m21-bach-bwv400-mxl,m21_bach,mxl,ok,,4,4,0.0,178,0,0.0
m21-bach-bwv401-mxl,m21-bach-bwv401-mxl,m21_bach,mxl,ok,,4,4,0.0,207,0,0.0
m21-bach-bwv402-mxl,m21-bach-bwv402-mxl,m21_bach,mxl,ok,,4,4,0.0,345,0,0.0
m21-bach-bwv403-mxl,m21-bach-bwv403-mxl,m21_bach,mxl,ok,,4,4,0.0,240,0,0.0
m21-bach-bwv404-mxl,m21-bach-bwv404-mxl,m21_bach,mxl,ok,,4,4,0.0,137,0,0.0
m21-bach-bwv405-mxl,m21-bach-bwv405-mxl,m21_bach,mxl,ok,,4,4,0.0,181,4,0.0
m21-bach-bwv406-mxl,m21-bach-bwv406-mxl,m21_bach,mxl,ok,,4,4,0.0,199,0,0.0
m21-bach-bwv407-mxl,m21-bach-bwv407-mxl,m21_bach,mxl,ok,,4,4,0.0,380,0,0.0
m21-bach-bwv408-mxl,m21-bach-bwv408-mxl,m21_bach,mxl,ok,,4,4,0.0,174,16,0.0
m21-bach-bwv409-mxl,m21-bach-bwv409-mxl,m21_bach,mxl,ok,,4,4,0.0,170,0,0.0
m21-bach-bwv41.6-mxl,m21-bach-bwv41.6-mxl,m21_bach,mxl,ok,,9,9,0.0,699,194,0.1
m21-bach-bwv410-mxl,m21-bach-bwv410-mxl,m21_bach,mxl,ok,,4,4,0.0,228,0,0.0
m21-bach-bwv411-mxl,m21-bach-bwv411-mxl,m21_bach,mxl,ok,,4,4,0.0,254,0,0.0
m21-bach-bwv412-mxl,m21-bach-bwv412-mxl,m21_bach,mxl,ok,,4,4,0.0,255,12,0.0
m21-bach-bwv413-mxl,m21-bach-bwv413-mxl,m21_bach,mxl,ok,,4,4,0.0,382,0,0.0
m21-bach-bwv414-mxl,m21-bach-bwv414-mxl,m21_bach,mxl,ok,,4,4,0.0,161,0,0.0
m21-bach-bwv415-mxl,m21-bach-bwv415-mxl,m21_bach,mxl,ok,,4,4,0.0,211,0,0.0
m21-bach-bwv416-mxl,m21-bach-bwv416-mxl,m21_bach,mxl,ok,,4,4,0.0,216,0,0.2
m21-bach-bwv417-mxl,m21-bach-bwv417-mxl,m21_bach,mxl,ok,,4,4,0.0,238,0,0.0
m21-bach-bwv418-mxl,m21-bach-bwv418-mxl,m21_bach,mxl,ok,,4,4,0.0,275,0,0.0
m21-bach-bwv419-mxl,m21-bach-bwv419-mxl,m21_bach,mxl,ok,,4,4,0.0,206,0,0.0
m21-bach-bwv42.7-mxl,m21-bach-bwv42.7-mxl,m21_bach,mxl,ok,,4,4,0.0,469,0,0.0
m21-bach-bwv420-mxl,m21-bach-bwv420-mxl,m21_bach,mxl,ok,,4,4,0.0,198,0,0.0
m21-bach-bwv421-mxl,m21-bach-bwv421-mxl,m21_bach,mxl,ok,,4,4,0.0,180,0,0.0
m21-bach-bwv422-mxl,m21-bach-bwv422-mxl,m21_bach,mxl,ok,,4,4,0.0,216,0,0.0
m21-bach-bwv423-mxl,m21-bach-bwv423-mxl,m21_bach,mxl,ok,,4,4,0.0,288,0,0.1
m21-bach-bwv424-mxl,m21-bach-bwv424-mxl,m21_bach,mxl,ok,,4,4,0.0,133,20,0.0
m21-bach-bwv425-mxl,m21-bach-bwv425-mxl,m21_bach,mxl,ok,,4,4,0.0,519,24,0.1
m21-bach-bwv426-mxl,m21-bach-bwv426-mxl,m21_bach,mxl,ok,,4,4,0.0,272,8,0.0
m21-bach-bwv427-mxl,m21-bach-bwv427-mxl,m21_bach,mxl,ok,,4,4,0.0,202,16,0.0
m21-bach-bwv428-mxl,m21-bach-bwv428-mxl,m21_bach,mxl,ok,,4,4,0.0,275,0,0.0
m21-bach-bwv429-mxl,m21-bach-bwv429-mxl,m21_bach,mxl,ok,,4,4,0.0,286,0,0.0
m21-bach-bwv43.11-mxl,m21-bach-bwv43.11-mxl,m21_bach,mxl,ok,,4,4,0.0,195,0,0.0
m21-bach-bwv430-mxl,m21-bach-bwv430-mxl,m21_bach,mxl,ok,,4,4,0.0,296,0,0.0
m21-bach-bwv431-mxl,m21-bach-bwv431-mxl,m21_bach,mxl,ok,,4,4,0.0,173,4,0.0
m21-bach-bwv432-mxl,m21-bach-bwv432-mxl,m21_bach,mxl,ok,,4,4,0.0,177,0,0.0
m21-bach-bwv433-mxl,m21-bach-bwv433-mxl,m21_bach,mxl,ok,,4,4,0.0,297,36,0.0
m21-bach-bwv434-mxl,m21-bach-bwv434-mxl,m21_bach,mxl,ok,,4,4,0.0,172,0,0.0
m21-bach-bwv435-mxl,m21-bach-bwv435-mxl,m21_bach,mxl,ok,,4,4,0.0,217,0,0.0
m21-bach-bwv436-mxl,m21-bach-bwv436-mxl,m21_bach,mxl,ok,,4,4,0.0,222,4,0.0
m21-bach-bwv437-mxl,m21-bach-bwv437-mxl,m21_bach,mxl,ok,,4,4,0.0,606,14,0.0
m21-bach-bwv438-mxl,m21-bach-bwv438-mxl,m21_bach,mxl,ok,,4,4,0.0,159,0,0.0
m21-bach-bwv44.7-mxl,m21-bach-bwv44.7-mxl,m21_bach,mxl,ok,,4,4,0.0,208,0,0.0
m21-bach-bwv45.7-mxl,m21-bach-bwv45.7-mxl,m21_bach,mxl,ok,,4,4,0.0,239,20,0.0
m21-bach-bwv46.6-mxl,m21-bach-bwv46.6-mxl,m21_bach,mxl,ok,,4,4,0.0,236,28,0.0
m21-bach-bwv47.5-mxl,m21-bach-bwv47.5-mxl,m21_bach,mxl,ok,,4,4,0.0,179,4,0.0
m21-bach-bwv48.3-mxl,m21-bach-bwv48.3-mxl,m21_bach,mxl,ok,,4,4,0.0,156,4,0.0
m21-bach-bwv48.7-mxl,m21-bach-bwv48.7-mxl,m21_bach,mxl,ok,,4,4,0.0,202,0,0.0
m21-bach-bwv5.7-mxl,m21-bach-bwv5.7-mxl,m21_bach,mxl,ok,,4,4,0.0,198,0,0.0
m21-bach-bwv52.6-mxl,m21-bach-bwv52.6-mxl,m21_bach,mxl,ok,,6,5,0.167,267,30,0.1
m21-bach-bwv55.5-mxl,m21-bach-bwv55.5-mxl,m21_bach,mxl,ok,,4,4,0.0,209,0,0.1
m21-bach-bwv56.5-mxl,m21-bach-bwv56.5-mxl,m21_bach,mxl,ok,,4,4,0.0,173,9,0.0
m21-bach-bwv57.8-mxl,m21-bach-bwv57.8-mxl,m21_bach,mxl,ok,,4,4,0.0,150,8,0.0
m21-bach-bwv59.3-mxl,m21-bach-bwv59.3-mxl,m21_bach,mxl,ok,,7,6,0.143,640,21,0.0
m21-bach-bwv6.6-mxl,m21-bach-bwv6.6-mxl,m21_bach,mxl,ok,,4,4,0.0,164,0,0.0
m21-bach-bwv60.5-mxl,m21-bach-bwv60.5-mxl,m21_bach,mxl,ok,,4,4,0.0,282,28,0.0
m21-bach-bwv62.6-mxl,m21-bach-bwv62.6-mxl,m21_bach,mxl,ok,,4,4,0.0,180,0,0.0
m21-bach-bwv64.2-mxl,m21-bach-bwv64.2-mxl,m21_bach,mxl,ok,,4,4,0.0,177,0,0.0
m21-bach-bwv64.4-mxl,m21-bach-bwv64.4-mxl,m21_bach,mxl,ok,,4,4,0.0,249,4,0.0
m21-bach-bwv64.8-mxl,m21-bach-bwv64.8-mxl,m21_bach,mxl,ok,,4,4,0.0,188,0,0.0
m21-bach-bwv65.2-mxl,m21-bach-bwv65.2-mxl,m21_bach,mxl,ok,,4,4,0.0,144,0,0.0
m21-bach-bwv65.7-mxl,m21-bach-bwv65.7-mxl,m21_bach,mxl,ok,,4,4,0.0,251,0,0.0
m21-bach-bwv66.6-mxl,m21-bach-bwv66.6-mxl,m21_bach,mxl,ok,,4,4,0.0,163,0,0.1
m21-bach-bwv67.4-xml,m21-bach-bwv67.4-xml,m21_bach,xml,ok,,4,4,0.0,173,0,0.0
m21-bach-bwv67.7-mxl,m21-bach-bwv67.7-mxl,m21_bach,mxl,ok,,4,4,0.0,132,0,0.0
m21-bach-bwv69.6-a-mxl,m21-bach-bwv69.6-a-mxl,m21_bach,mxl,ok,,4,4,0.0,170,0,0.0
m21-bach-bwv69.6-xml,m21-bach-bwv69.6-xml,m21_bach,xml,ok,,8,8,0.0,619,93,0.1
m21-bach-bwv7.7-mxl,m21-bach-bwv7.7-mxl,m21_bach,mxl,ok,,4,4,0.0,354,0,0.0
m21-bach-bwv70.11-mxl,m21-bach-bwv70.11-mxl,m21_bach,mxl,ok,,7,7,0.0,389,0,0.0
m21-bach-bwv70.7-mxl,m21-bach-bwv70.7-mxl,m21_bach,mxl,ok,,4,4,0.0,276,0,0.0
m21-bach-bwv72.6-mxl,m21-bach-bwv72.6-mxl,m21_bach,mxl,ok,,4,4,0.0,324,0,0.0
m21-bach-bwv73.5-mxl,m21-bach-bwv73.5-mxl,m21_bach,mxl,ok,,4,4,0.0,178,0,0.0
m21-bach-bwv74.8-mxl,m21-bach-bwv74.8-mxl,m21_bach,mxl,ok,,4,4,0.0,257,0,0.0
m21-bach-bwv77.6-mxl,m21-bach-bwv77.6-mxl,m21_bach,mxl,ok,,4,4,0.0,183,8,0.0
m21-bach-bwv78.7-mxl,m21-bach-bwv78.7-mxl,m21_bach,mxl,ok,,4,4,0.0,282,0,0.0
m21-bach-bwv79.3-mxl,m21-bach-bwv79.3-mxl,m21_bach,mxl,ok,,8,8,0.0,1228,323,0.1
m21-bach-bwv79.6-mxl,m21-bach-bwv79.6-mxl,m21_bach,mxl,ok,,7,7,0.0,231,12,0.0
m21-bach-bwv8.6-mxl,m21-bach-bwv8.6-mxl,m21_bach,mxl,ok,,5,5,0.0,306,28,0.0
m21-bach-bwv80.8-mxl,m21-bach-bwv80.8-mxl,m21_bach,mxl,ok,,4,4,0.0,248,1,0.0
m21-bach-bwv81.7-mxl,m21-bach-bwv81.7-mxl,m21_bach,mxl,ok,,4,4,0.0,195,0,0.0
m21-bach-bwv83.5-mxl,m21-bach-bwv83.5-mxl,m21_bach,mxl,ok,,4,4,0.0,203,0,0.0
m21-bach-bwv84.5-mxl,m21-bach-bwv84.5-mxl,m21_bach,mxl,ok,,4,4,0.0,145,4,0.0
m21-bach-bwv846-mxl,m21-bach-bwv846-mxl,m21_bach,mxl,ok,,2,2,0.0,534,128,0.1
m21-bach-bwv85.6-mxl,m21-bach-bwv85.6-mxl,m21_bach,mxl,ok,,4,4,0.0,291,0,0.0
m21-bach-bwv86.6-mxl,m21-bach-bwv86.6-mxl,m21_bach,mxl,ok,,4,4,0.0,186,0,0.0
m21-bach-bwv87.7-mxl,m21-bach-bwv87.7-mxl,m21_bach,mxl,ok,,4,4,0.0,220,0,0.0
m21-bach-bwv88.7-mxl,m21-bach-bwv88.7-mxl,m21_bach,mxl,ok,,4,4,0.0,165,0,0.0
m21-bach-bwv89.6-mxl,m21-bach-bwv89.6-mxl,m21_bach,mxl,ok,,4,4,0.0,193,0,0.0
m21-bach-bwv9.7-mxl,m21-bach-bwv9.7-mxl,m21_bach,mxl,ok,,4,4,0.0,214,0,0.0
m21-bach-bwv90.5-mxl,m21-bach-bwv90.5-mxl,m21_bach,mxl,ok,,4,4,0.0,233,0,0.0
m21-bach-bwv91.6-mxl,m21-bach-bwv91.6-mxl,m21_bach,mxl,ok,,7,7,0.0,334,11,0.0
m21-bach-bwv92.9-mxl,m21-bach-bwv92.9-mxl,m21_bach,mxl,ok,,4,4,0.0,320,0,0.0
m21-bach-bwv93.7-mxl,m21-bach-bwv93.7-mxl,m21_bach,mxl,ok,,4,4,0.0,220,12,0.0
m21-bach-bwv94.8-mxl,m21-bach-bwv94.8-mxl,m21_bach,mxl,ok,,4,4,0.0,239,0,0.0
m21-bach-bwv95.7-mxl,m21-bach-bwv95.7-mxl,m21_bach,mxl,ok,,5,5,0.0,347,0,0.0
m21-bach-bwv96.6-mxl,m21-bach-bwv96.6-mxl,m21_bach,mxl,ok,,4,4,0.0,156,0,0.0
m21-bach-bwv97.9-mxl,m21-bach-bwv97.9-mxl,m21_bach,mxl,ok,,7,7,0.0,388,0,0.0
m21-bach-bwv99.6-mxl,m21-bach-bwv99.6-mxl,m21_bach,mxl,ok,,4,4,0.0,273,0,0.0
musedata_bach-bg-canon-1080,musedata_bach-bg-canon-1080--01,musedata_bach,musedata_stage1,ok,,4,4,0.0,898,88,0.3
musedata_bach-bg-canon-1080,musedata_bach-bg-canon-1080--02,musedata_bach,musedata_stage1,ok,,4,4,0.0,1078,109,0.3
musedata_bach-bg-canon-1080,musedata_bach-bg-canon-1080--03,musedata_bach,musedata_stage1,ok,,4,4,0.0,1053,82,0.3
musedata_bach-bg-canon-1080,musedata_bach-bg-canon-1080--04,musedata_bach,musedata_stage1,ok,,4,4,0.0,1803,199,0.8
musedata_bach-bg-canon-1080,musedata_bach-bg-canon-1080--05,musedata_bach,musedata_stage1,ok,,7,7,0.0,1246,338,0.4
musedata_bach-bg-canon-1080,musedata_bach-bg-canon-1080--06,musedata_bach,musedata_stage1,ok,,5,5,0.0,1680,174,0.5
musedata_bach-bg-canon-1080,musedata_bach-bg-canon-1080--07,musedata_bach,musedata_stage1,ok,,5,5,0.0,1526,148,0.4
musedata_bach-bg-canon-1080,musedata_bach-bg-canon-1080--08,musedata_bach,musedata_stage1,ok,,3,3,0.0,2680,146,1.1
musedata_bach-bg-canon-1080,musedata_bach-bg-canon-1080--09,musedata_bach,musedata_stage1,ok,,4,4,0.0,1691,212,0.6
musedata_bach-bg-canon-1080,musedata_bach-bg-canon-1080--10,musedata_bach,musedata_stage1,ok,,4,4,0.0,1728,159,0.6
musedata_bach-bg-canon-1080,musedata_bach-bg-canon-1080--11,musedata_bach,musedata_stage1,ok,,4,4,0.0,3030,251,1.3
musedata_bach-bg-canon-1080,musedata_bach-bg-canon-1080--12,musedata_bach,musedata_stage1,ok,,8,8,0.0,2040,138,0.5
musedata_bach-bg-canon-1080,musedata_bach-bg-canon-1080--13,musedata_bach,musedata_stage1,ok,,6,6,0.0,2318,150,0.8
musedata_bach-bg-canon-1080,musedata_bach-bg-canon-1080--14,musedata_bach,musedata_stage1,ok,,4,4,0.0,1389,128,0.5
musedata_bach-bg-canon-1080,musedata_bach-bg-canon-1080--15,musedata_bach,musedata_stage1,ok,,2,2,0.0,1368,27,0.4
musedata_bach-bg-canon-1080,musedata_bach-bg-canon-1080--16,musedata_bach,musedata_stage1,ok,,2,2,0.0,1304,81,0.4
musedata_bach-bg-canon-1080,musedata_bach-bg-canon-1080--17,musedata_bach,musedata_stage1,ok,,2,2,0.0,1392,26,0.6
musedata_bach-bg-canon-1080,musedata_bach-bg-canon-1080--18,musedata_bach,musedata_stage1,ok,,2,2,0.0,989,41,0.3
musedata_bach-bg-canon-1080,musedata_bach-bg-canon-1080--19,musedata_bach,musedata_stage1,ok,,5,5,0.0,1597,187,0.6
musedata_bach-bg-canon-1080,musedata_bach-bg-canon-1080--20,musedata_bach,musedata_stage1,ok,,4,4,0.0,1682,92,0.6
musedata_bach-bg-canon-1080,musedata_bach-bg-canon-1080--21,musedata_bach,musedata_stage1,ok,,4,4,0.0,2620,233,1.6
musedata_bach-bg-cant-0001,musedata_bach-bg-cant-0001--01,musedata_bach,musedata_stage2,ok,,15,14,0.067,11379,2175,0.7
musedata_bach-bg-cant-0001,musedata_bach-bg-cant-0001--02,musedata_bach,musedata_stage2,ok,,3,2,0.333,100,22,0.0
musedata_bach-bg-cant-0001,musedata_bach-bg-cant-0001--03,musedata_bach,musedata_stage2,ok,,4,3,0.25,1916,207,0.1
musedata_bach-bg-cant-0001,musedata_bach-bg-cant-0001--04,musedata_bach,musedata_stage2,ok,,3,2,0.333,101,17,0.0
musedata_bach-bg-cant-0001,musedata_bach-bg-cant-0001--05,musedata_bach,musedata_stage2,ok,,8,7,0.125,3338,662,0.4
musedata_bach-bg-cant-0001,musedata_bach-bg-cant-0001--06,musedata_bach,musedata_stage2,ok,,13,7,0.462,470,13,0.1
musedata_bach-bg-cant-0002,musedata_bach-bg-cant-0002--01,musedata_bach,musedata_stage2,ok,,10,6,0.4,2309,483,0.2
musedata_bach-bg-cant-0002,musedata_bach-bg-cant-0002--02,musedata_bach,musedata_stage2,ok,,3,2,0.333,138,28,0.0
musedata_bach-bg-cant-0002,musedata_bach-bg-cant-0002--03,musedata_bach,musedata_stage2,ok,,4,3,0.25,1365,185,0.1
musedata_bach-bg-cant-0002,musedata_bach-bg-cant-0002--04,musedata_bach,musedata_stage2,ok,,6,5,0.167,308,61,0.0
musedata_bach-bg-cant-0002,musedata_bach-bg-cant-0002--05,musedata_bach,musedata_stage2,ok,,7,5,0.286,1660,381,0.1
musedata_bach-bg-cant-0002,musedata_bach-bg-cant-0002--06,musedata_bach,musedata_stage2,ok,,14,4,0.714,188,0,0.0
musedata_bach-bg-cant-0003,musedata_bach-bg-cant-0003--01,musedata_bach,musedata_stage2,ok,,11,10,0.091,2701,621,0.2
musedata_bach-bg-cant-0003,musedata_bach-bg-cant-0003--02,musedata_bach,musedata_stage2,ok,,6,5,0.167,503,134,0.0
musedata_bach-bg-cant-0003,musedata_bach-bg-cant-0003--03,musedata_bach,musedata_stage2,ok,,3,2,0.333,894,95,0.0
musedata_bach-bg-cant-0003,musedata_bach-bg-cant-0003--04,musedata_bach,musedata_stage2,ok,,3,2,0.333,123,23,0.0
musedata_bach-bg-cant-0003,musedata_bach-bg-cant-0003--05,musedata_bach,musedata_stage2,ok,,6,4,0.333,1560,256,0.1
musedata_bach-bg-cant-0003,musedata_bach-bg-cant-0003--05a,musedata_bach,musedata_stage2,ok,,7,6,0.143,2084,350,0.1
musedata_bach-bg-cant-0003,musedata_bach-bg-cant-0003--06,musedata_bach,musedata_stage2,ok,,11,5,0.545,213,0,0.0
musedata_bach-bg-cant-0004,musedata_bach-bg-cant-0004--01,musedata_bach,musedata_stage2,ok,,6,6,0.0,278,38,0.2
musedata_bach-bg-cant-0004,musedata_bach-bg-cant-0004--02,musedata_bach,musedata_stage2,ok,,14,9,0.357,4709,970,0.3
musedata_bach-bg-cant-0004,musedata_bach-bg-cant-0004--03,musedata_bach,musedata_stage2,ok,,6,3,0.5,665,168,0.0
musedata_bach-bg-cant-0004,musedata_bach-bg-cant-0004--04,musedata_bach,musedata_stage2,ok,,5,4,0.2,1079,121,0.1
musedata_bach-bg-cant-0004,musedata_bach-bg-cant-0004--05,musedata_bach,musedata_stage2,ok,,6,5,0.167,1430,151,0.1
musedata_bach-bg-cant-0004,musedata_bach-bg-cant-0004--06,musedata_bach,musedata_stage2,ok,,7,6,0.143,1390,278,0.1
musedata_bach-bg-cant-0004,musedata_bach-bg-cant-0004--07,musedata_bach,musedata_stage2,ok,,4,3,0.25,733,69,0.0
musedata_bach-bg-cant-0004,musedata_bach-bg-cant-0004--07a,musedata_bach,musedata_stage2,ok,,4,3,0.25,733,69,0.0
musedata_bach-bg-cant-0004,musedata_bach-bg-cant-0004--08,musedata_bach,musedata_stage2,ok,,13,4,0.692,214,13,0.0
musedata_bach-bg-cant-0005,musedata_bach-bg-cant-0005--01,musedata_bach,musedata_stage2,ok,,12,11,0.083,5104,856,0.3
musedata_bach-bg-cant-0005,musedata_bach-bg-cant-0005--02,musedata_bach,musedata_stage2,ok,,3,2,0.333,118,18,0.0
musedata_bach-bg-cant-0005,musedata_bach-bg-cant-0005--03,musedata_bach,musedata_stage2,ok,,4,3,0.25,2022,399,0.1
musedata_bach-bg-cant-0005,musedata_bach-bg-cant-0005--04,musedata_bach,musedata_stage2,ok,,4,3,0.25,181,35,0.0
musedata_bach-bg-cant-0005,musedata_bach-bg-cant-0005--05,musedata_bach,musedata_stage2,ok,,8,6,0.25,2625,736,0.2
musedata_bach-bg-cant-0005,musedata_bach-bg-cant-0005--06,musedata_bach,musedata_stage2,ok,,3,2,0.333,90,16,0.0
musedata_bach-bg-cant-0005,musedata_bach-bg-cant-0005--07,musedata_bach,musedata_stage2,ok,,11,5,0.545,250,0,0.1
musedata_bach-bg-cant-0006,musedata_bach-bg-cant-0006--01,musedata_bach,musedata_stage2,ok,,12,11,0.083,4711,635,0.3
musedata_bach-bg-cant-0006,musedata_bach-bg-cant-0006--02,musedata_bach,musedata_stage2,ok,,4,3,0.25,1070,170,0.1
musedata_bach-bg-cant-0006,musedata_bach-bg-cant-0006--03,musedata_bach,musedata_stage2,ok,,4,3,0.25,907,84,0.0
musedata_bach-bg-cant-0006,musedata_bach-bg-cant-0006--04,musedata_bach,musedata_stage2,ok,,3,2,0.333,90,18,0.0
musedata_bach-bg-cant-0006,musedata_bach-bg-cant-0006--05,musedata_bach,musedata_stage2,ok,,6,5,0.167,1613,393,0.2
musedata_bach-bg-cant-0006,musedata_bach-bg-cant-0006--06,musedata_bach,musedata_stage2,ok,,11,5,0.545,205,0,0.0
musedata_bach-bg-cant-0007,musedata_bach-bg-cant-0007--01,musedata_bach,musedata_stage2,ok,,12,12,0.0,7998,1433,0.4
musedata_bach-bg-cant-0007,musedata_bach-bg-cant-0007--02,musedata_bach,musedata_stage2,ok,,4,2,0.5,972,101,0.2
musedata_bach-bg-cant-0007,musedata_bach-bg-cant-0007--03,musedata_bach,musedata_stage2,ok,,3,2,0.333,128,16,0.0
musedata_bach-bg-cant-0007,musedata_bach-bg-cant-0007--04,musedata_bach,musedata_stage2,ok,,5,4,0.2,2391,447,0.2
musedata_bach-bg-cant-0007,musedata_bach-bg-cant-0007--04a,musedata_bach,musedata_stage2,ok,,5,4,0.2,2391,447,0.1
musedata_bach-bg-cant-0007,musedata_bach-bg-cant-0007--05,musedata_bach,musedata_stage2,ok,,6,5,0.167,228,112,0.1
musedata_bach-bg-cant-0007,musedata_bach-bg-cant-0007--06,musedata_bach,musedata_stage2,ok,,7,5,0.286,989,324,0.1
musedata_bach-bg-cant-0007,musedata_bach-bg-cant-0007--07,musedata_bach,musedata_stage2,ok,,10,5,0.5,352,0,0.0
musedata_bach-bg-cant-0008,musedata_bach-bg-cant-0008--01,musedata_bach,musedata_stage2,ok,,14,13,0.071,5720,1159,0.3
musedata_bach-bg-cant-0008,musedata_bach-bg-cant-0008--02,musedata_bach,musedata_stage2,ok,,4,3,0.25,1567,262,0.1
musedata_bach-bg-cant-0008,musedata_bach-bg-cant-0008--03,musedata_bach,musedata_stage2,ok,,6,5,0.167,129,15,0.0
musedata_bach-bg-cant-0008,musedata_bach-bg-cant-0008--04,musedata_bach,musedata_stage2,ok,,7,6,0.143,3363,1177,0.2
musedata_bach-bg-cant-0008,musedata_bach-bg-cant-0008--05,musedata_bach,musedata_stage2,ok,,3,2,0.333,113,19,0.0
musedata_bach-bg-cant-0008,musedata_bach-bg-cant-0008--06,musedata_bach,musedata_stage2,ok,,14,7,0.5,541,127,0.1
musedata_bach-bg-cant-0009,musedata_bach-bg-cant-0009--01,musedata_bach,musedata_stage2,ok,,11,11,0.0,5745,1983,0.4
musedata_bach-bg-cant-0009,musedata_bach-bg-cant-0009--02,musedata_bach,musedata_stage2,ok,,3,2,0.333,149,30,0.1
musedata_bach-bg-cant-0009,musedata_bach-bg-cant-0009--03,musedata_bach,musedata_stage2,ok,,4,3,0.25,1529,173,0.1
musedata_bach-bg-cant-0009,musedata_bach-bg-cant-0009--04,musedata_bach,musedata_stage2,ok,,3,2,0.333,144,25,0.0
musedata_bach-bg-cant-0009,musedata_bach-bg-cant-0009--05,musedata_bach,musedata_stage2,ok,,12,5,0.583,1915,838,0.2
musedata_bach-bg-cant-0009,musedata_bach-bg-cant-0009--05a,musedata_bach,musedata_stage2,ok,,8,5,0.375,1915,520,0.2
musedata_bach-bg-cant-0009,musedata_bach-bg-cant-0009--06,musedata_bach,musedata_stage2,ok,,3,2,0.333,163,30,0.0
musedata_bach-bg-cant-0009,musedata_bach-bg-cant-0009--07,musedata_bach,musedata_stage2,ok,,11,6,0.455,326,0,0.0
musedata_bach-bg-cant-0010,musedata_bach-bg-cant-0010--01,musedata_bach,musedata_stage2,ok,,12,11,0.083,4972,513,0.2
musedata_bach-bg-cant-0010,musedata_bach-bg-cant-0010--02,musedata_bach,musedata_stage2,ok,,7,6,0.143,3186,445,0.2
musedata_bach-bg-cant-0010,musedata_bach-bg-cant-0010--03,musedata_bach,musedata_stage2,ok,,3,2,0.333,181,45,0.0
musedata_bach-bg-cant-0010,musedata_bach-bg-cant-0010--04,musedata_bach,musedata_stage2,ok,,3,2,0.333,1022,86,0.1
musedata_bach-bg-cant-0010,musedata_bach-bg-cant-0010--05,musedata_bach,musedata_stage2,ok,,6,4,0.333,426,124,0.0
musedata_bach-bg-cant-0010,musedata_bach-bg-cant-0010--06,musedata_bach,musedata_stage2,ok,,6,5,0.167,762,67,0.0
musedata_bach-bg-cant-0010,musedata_bach-bg-cant-0010--07,musedata_bach,musedata_stage2,ok,,11,6,0.455,321,4,0.0
musedata_bach-bg-cant-0011,musedata_bach-bg-cant-0011--01,musedata_bach,musedata_stage2,ok,,16,16,0.0,7840,1657,0.6
musedata_bach-bg-cant-0011,musedata_bach-bg-cant-0011--02,musedata_bach,musedata_stage2,ok,,2,2,0.0,52,9,0.0
musedata_bach-bg-cant-0011,musedata_bach-bg-cant-0011--03,musedata_bach,musedata_stage2,ok,,4,4,0.0,241,28,0.0
musedata_bach-bg-cant-0011,musedata_bach-bg-cant-0011--04,musedata_bach,musedata_stage2,ok,,3,3,0.0,1278,406,0.0
musedata_bach-bg-cant-0011,musedata_bach-bg-cant-0011--05,musedata_bach,musedata_stage2,ok,,2,2,0.0,47,6,0.0
musedata_bach-bg-cant-0011,musedata_bach-bg-cant-0011--06,musedata_bach,musedata_stage2,ok,,5,5,0.0,335,0,0.0
musedata_bach-bg-cant-0011,musedata_bach-bg-cant-0011--07,musedata_bach,musedata_stage2,ok,,3,3,0.0,376,33,0.0
musedata_bach-bg-cant-0011,musedata_bach-bg-cant-0011--08,musedata_bach,musedata_stage2,ok,,4,4,0.0,75,18,0.0
musedata_bach-bg-cant-0011,musedata_bach-bg-cant-0011--09,musedata_bach,musedata_stage2,ok,,2,2,0.0,80,11,0.0
musedata_bach-bg-cant-0011,musedata_bach-bg-cant-0011--10,musedata_bach,musedata_stage2,ok,,4,4,0.0,1799,143,0.1
musedata_bach-bg-cant-0011,musedata_bach-bg-cant-0011--11,musedata_bach,musedata_stage2,ok,,16,16,0.0,5053,1295,0.3
musedata_bach-bg-cant-0012,musedata_bach-bg-cant-0012--01,musedata_bach,musedata_stage1,ok,,6,6,0.0,874,78,0.2
musedata_bach-bg-cant-0012,musedata_bach-bg-cant-0012--02,musedata_bach,musedata_stage1,ok,,10,9,0.1,1351,568,0.5
musedata_bach-bg-cant-0012,musedata_bach-bg-cant-0012--03,musedata_bach,musedata_stage1,ok,,6,6,0.0,108,4,0.0
musedata_bach-bg-cant-0012,musedata_bach-bg-cant-0012--04,musedata_bach,musedata_stage1,ok,,3,3,0.0,1014,52,0.2
musedata_bach-bg-cant-0012,musedata_bach-bg-cant-0012--05,musedata_bach,musedata_stage1,ok,,4,4,0.0,994,68,0.2
musedata_bach-bg-cant-0012,musedata_bach-bg-cant-0012--06,musedata_bach,musedata_stage1,ok,,3,3,0.0,719,113,0.2
musedata_bach-bg-cant-0012,musedata_bach-bg-cant-0012--07,musedata_bach,musedata_stage1,ok,,6,5,0.167,224,12,0.0
musedata_bach-bg-cant-0013,musedata_bach-bg-cant-0013--01,musedata_bach,musedata_stage1,ok,,5,5,0.0,2042,219,0.4
musedata_bach-bg-cant-0013,musedata_bach-bg-cant-0013--02,musedata_bach,musedata_stage1,ok,,2,2,0.0,103,10,0.0
musedata_bach-bg-cant-0013,musedata_bach-bg-cant-0013--03,musedata_bach,musedata_stage1,ok,,5,5,0.0,1854,146,0.4
musedata_bach-bg-cant-0013,musedata_bach-bg-cant-0013--04,musedata_bach,musedata_stage1,ok,,2,2,0.0,132,20,0.0
musedata_bach-bg-cant-0013,musedata_bach-bg-cant-0013--05,musedata_bach,musedata_stage1,ok,,3,3,0.0,1951,87,0.5
musedata_bach-bg-cant-0013,musedata_bach-bg-cant-0013--06,musedata_bach,musedata_stage1,ok,,5,5,0.0,261,10,0.1
musedata_bach-bg-cant-0014,musedata_bach-bg-cant-0014--01,musedata_bach,musedata_stage2,ok,,10,7,0.3,3496,748,0.3
musedata_bach-bg-cant-0014,musedata_bach-bg-cant-0014--02,musedata_bach,musedata_stage2,ok,,6,6,0.0,3793,602,0.2
musedata_bach-bg-cant-0014,musedata_bach-bg-cant-0014--03,musedata_bach,musedata_stage2,ok,,2,2,0.0,144,18,0.0
musedata_bach-bg-cant-0014,musedata_bach-bg-cant-0014--04,musedata_bach,musedata_stage2,ok,,4,4,0.0,2339,224,0.1
musedata_bach-bg-cant-0014,musedata_bach-bg-cant-0014--05,musedata_bach,musedata_stage2,ok,,5,5,0.0,391,0,0.1
musedata_bach-bg-cant-0015,musedata_bach-bg-cant-0015--01,musedata_bach,musedata_stage1,ok,,9,9,0.0,750,229,0.2
musedata_bach-bg-cant-0015,musedata_bach-bg-cant-0015--02,musedata_bach,musedata_stage1,ok,,2,2,0.0,401,45,0.1
musedata_bach-bg-cant-0015,musedata_bach-bg-cant-0015--03,musedata_bach,musedata_stage1,ok,,6,6,0.0,689,108,0.2
musedata_bach-bg-cant-0015,musedata_bach-bg-cant-0015--04,musedata_bach,musedata_stage1,ok,,9,9,0.0,1370,410,0.3
musedata_bach-bg-cant-0015,musedata_bach-bg-cant-0015--05,musedata_bach,musedata_stage1,ok,,5,5,0.0,633,88,0.1
musedata_bach-bg-cant-0015,musedata_bach-bg-cant-0015--06a,musedata_bach,musedata_stage1,ok,,3,3,0.0,258,114,0.1
musedata_bach-bg-cant-0015,musedata_bach-bg-cant-0015--06b,musedata_bach,musedata_stage1,ok,,3,3,0.0,33,151,0.1
musedata_bach-bg-cant-0015,musedata_bach-bg-cant-0015--06c,musedata_bach,musedata_stage1,ok,,8,8,0.0,1344,589,0.5
musedata_bach-bg-cant-0015,musedata_bach-bg-cant-0015--07,musedata_bach,musedata_stage1,ok,,6,6,0.0,728,165,0.2
musedata_bach-bg-cant-0015,musedata_bach-bg-cant-0015--08,musedata_bach,musedata_stage1,ok,,8,8,0.0,273,80,0.1
musedata_bach-bg-cant-0015,musedata_bach-bg-cant-0015--09a,musedata_bach,musedata_stage1,ok,,3,3,0.0,82,11,0.0
musedata_bach-bg-cant-0015,musedata_bach-bg-cant-0015--09b,musedata_bach,musedata_stage1,ok,,12,12,0.0,1387,689,0.6
musedata_bach-bg-cant-0015,musedata_bach-bg-cant-0015--10,musedata_bach,musedata_stage1,ok,,12,12,0.0,1614,205,0.3
musedata_bach-bg-cant-0016,musedata_bach-bg-cant-0016--01,musedata_bach,musedata_stage1,ok,,8,8,0.0,1608,113,0.3
musedata_bach-bg-cant-0016,musedata_bach-bg-cant-0016--02,musedata_bach,musedata_stage1,ok,,2,2,0.0,155,21,0.0
musedata_bach-bg-cant-0016,musedata_bach-bg-cant-0016--03,musedata_bach,musedata_stage1,ok,,9,9,0.0,3700,399,0.9
musedata_bach-bg-cant-0016,musedata_bach-bg-cant-0016--04,musedata_bach,musedata_stage1,ok,,2,2,0.0,149,21,0.0
musedata_bach-bg-cant-0016,musedata_bach-bg-cant-0016--05,musedata_bach,musedata_stage1,ok,,3,3,0.0,1567,116,0.5
musedata_bach-bg-cant-0016,musedata_bach-bg-cant-0016--06,musedata_bach,musedata_stage1,ok,,5,4,0.2,256,10,0.1
musedata_bach-bg-cant-0017,musedata_bach-bg-cant-0017--01,musedata_bach,musedata_stage1,ok,,10,9,0.1,4581,564,1.8
musedata_bach-bg-cant-0017,musedata_bach-bg-cant-0017--02,musedata_bach,musedata_stage1,ok,,2,2,0.0,110,16,0.0
musedata_bach-bg-cant-0017,musedata_bach-bg-cant-0017--03,musedata_bach,musedata_stage1,ok,,4,4,0.0,1791,143,0.5
musedata_bach-bg-cant-0017,musedata_bach-bg-cant-0017--04,musedata_bach,musedata_stage1,ok,,2,2,0.0,73,12,0.0
musedata_bach-bg-cant-0017,musedata_bach-bg-cant-0017--05,musedata_bach,musedata_stage1,ok,,5,5,0.0,2188,174,0.6
musedata_bach-bg-cant-0017,musedata_bach-bg-cant-0017--06,musedata_bach,musedata_stage1,ok,,2,2,0.0,125,21,0.0
musedata_bach-bg-cant-0017,musedata_bach-bg-cant-0017--07,musedata_bach,musedata_stage1,ok,,5,4,0.2,345,10,0.1
musedata_bach-bg-cant-0018,musedata_bach-bg-cant-0018--01,musedata_bach,musedata_stage1,ok,,9,5,0.444,1973,183,0.9
musedata_bach-bg-cant-0018,musedata_bach-bg-cant-0018--02,musedata_bach,musedata_stage1,ok,,3,3,0.0,226,43,0.0
musedata_bach-bg-cant-0018,musedata_bach-bg-cant-0018--03,musedata_bach,musedata_stage1,ok,,12,10,0.167,1909,661,0.8
musedata_bach-bg-cant-0018,musedata_bach-bg-cant-0018--04,musedata_bach,musedata_stage1,ok,,4,3,0.25,1057,64,0.3
musedata_bach-bg-cant-0018,musedata_bach-bg-cant-0018--05,musedata_bach,musedata_stage1,ok,,5,4,0.2,239,10,0.1
musedata_bach-bg-cant-0019,musedata_bach-bg-cant-0019--01,musedata_bach,musedata_stage1,ok,,12,12,0.0,5408,499,1.5
musedata_bach-bg-cant-0019,musedata_bach-bg-cant-0019--02,musedata_bach,musedata_stage1,ok,,2,2,0.0,105,15,0.0
musedata_bach-bg-cant-0019,musedata_bach-bg-cant-0019--03,musedata_bach,musedata_stage1,ok,,4,4,0.0,1783,136,0.4
musedata_bach-bg-cant-0019,musedata_bach-bg-cant-0019--04,musedata_bach,musedata_stage1,ok,,5,5,0.0,131,16,0.0
musedata_bach-bg-cant-0019,musedata_bach-bg-cant-0019--05,musedata_bach,musedata_stage1,ok,,6,6,0.0,3050,361,1.4
musedata_bach-bg-cant-0019,musedata_bach-bg-cant-0019--06,musedata_bach,musedata_stage1,ok,,2,2,0.0,68,9,0.0
musedata_bach-bg-cant-0019,musedata_bach-bg-cant-0019--07,musedata_bach,musedata_stage1,ok,,12,8,0.333,516,64,0.2
musedata_bach-bg-cant-0020,musedata_bach-bg-cant-0020--01,musedata_bach,musedata_stage2,ok,,11,11,0.0,3952,833,0.3
musedata_bach-bg-cant-0020,musedata_bach-bg-cant-0020--02,musedata_bach,musedata_stage2,ok,,2,2,0.0,89,14,0.0
musedata_bach-bg-cant-0020,musedata_bach-bg-cant-0020--03,musedata_bach,musedata_stage2,ok,,5,5,0.0,1224,218,0.1
musedata_bach-bg-cant-0020,musedata_bach-bg-cant-0020--04,musedata_bach,musedata_stage2,ok,,2,2,0.0,164,26,0.0
musedata_bach-bg-cant-0020,musedata_bach-bg-cant-0020--05,musedata_bach,musedata_stage2,ok,,5,5,0.0,1386,245,0.1
musedata_bach-bg-cant-0020,musedata_bach-bg-cant-0020--06,musedata_bach,musedata_stage2,ok,,5,5,0.0,915,35,0.0
musedata_bach-bg-cant-0020,musedata_bach-bg-cant-0020--07,musedata_bach,musedata_stage2,ok,,5,4,0.2,183,0,0.0
musedata_bach-bg-cant-0020,musedata_bach-bg-cant-0020--08,musedata_bach,musedata_stage2,ok,,6,6,0.0,1730,398,0.1
musedata_bach-bg-cant-0020,musedata_bach-bg-cant-0020--09,musedata_bach,musedata_stage2,ok,,2,2,0.0,154,28,0.0
musedata_bach-bg-cant-0020,musedata_bach-bg-cant-0020--10,musedata_bach,musedata_stage2,ok,,3,3,0.0,1012,142,0.0
musedata_bach-bg-cant-0020,musedata_bach-bg-cant-0020--11,musedata_bach,musedata_stage2,ok,,5,4,0.2,183,0,0.0
musedata_bach-bg-cant-0021,musedata_bach-bg-cant-0021--01,musedata_bach,musedata_stage1,ok,,5,5,0.0,665,26,0.1
musedata_bach-bg-cant-0021,musedata_bach-bg-cant-0021--02,musedata_bach,musedata_stage1,ok,,10,10,0.0,3793,419,0.9
musedata_bach-bg-cant-0021,musedata_bach-bg-cant-0021--03,musedata_bach,musedata_stage1,ok,,3,3,0.0,570,123,0.1
musedata_bach-bg-cant-0021,musedata_bach-bg-cant-0021--04,musedata_bach,musedata_stage1,ok,,5,5,0.0,213,28,0.1
musedata_bach-bg-cant-0021,musedata_bach-bg-cant-0021--05,musedata_bach,musedata_stage1,ok,,5,5,0.0,1708,154,0.4
musedata_bach-bg-cant-0021,musedata_bach-bg-cant-0021--06a,musedata_bach,musedata_stage1,ok,,10,10,0.0,1169,160,0.3
musedata_bach-bg-cant-0021,musedata_bach-bg-cant-0021--06b,musedata_bach,musedata_stage1,ok,,10,10,0.0,1468,547,0.4
musedata_bach-bg-cant-0021,musedata_bach-bg-cant-0021--07,musedata_bach,musedata_stage1,ok,,6,6,0.0,255,31,0.1
musedata_bach-bg-cant-0021,musedata_bach-bg-cant-0021--08a,musedata_bach,musedata_stage1,ok,,3,3,0.0,784,75,0.1
musedata_bach-bg-cant-0021,musedata_bach-bg-cant-0021--08b,musedata_bach,musedata_stage1,ok,,3,3,0.0,292,138,0.1
musedata_bach-bg-cant-0021,musedata_bach-bg-cant-0021--08c,musedata_bach,musedata_stage1,ok,,3,3,0.0,219,236,0.1
musedata_bach-bg-cant-0021,musedata_bach-bg-cant-0021--09,musedata_bach,musedata_stage1,ok,,10,5,0.5,1171,710,0.9
musedata_bach-bg-cant-0021,musedata_bach-bg-cant-0021--10,musedata_bach,musedata_stage1,ok,,2,2,0.0,691,36,0.2
musedata_bach-bg-cant-0021,musedata_bach-bg-cant-0021--11,musedata_bach,musedata_stage1,ok,,14,14,0.0,4377,1067,1.3
musedata_bach-bg-cant-0022,musedata_bach-bg-cant-0022--01,musedata_bach,musedata_stage1,ok,,9,9,0.0,3177,531,1.1
musedata_bach-bg-cant-0022,musedata_bach-bg-cant-0022--02,musedata_bach,musedata_stage1,ok,,3,3,0.0,1144,155,0.4
musedata_bach-bg-cant-0022,musedata_bach-bg-cant-0022--03,musedata_bach,musedata_stage1,ok,,5,5,0.0,425,47,0.1
musedata_bach-bg-cant-0022,musedata_bach-bg-cant-0022--04,musedata_bach,musedata_stage1,ok,,5,5,0.0,1348,197,0.6
musedata_bach-bg-cant-0022,musedata_bach-bg-cant-0022--05,musedata_bach,musedata_stage1,ok,,9,8,0.111,1110,129,0.3
musedata_bach-bg-cant-0023,musedata_bach-bg-cant-0023--01,musedata_bach,musedata_stage2,ok,,5,5,0.0,2115,226,0.2
musedata_bach-bg-cant-0023,musedata_bach-bg-cant-0023--03,musedata_bach,musedata_stage2,ok,,11,10,0.091,3237,775,0.3
musedata_bach-bg-cant-0023,musedata_bach-bg-cant-0023--04,musedata_bach,musedata_stage2,ok,,15,10,0.333,2384,705,0.2
musedata_bach-bg-cant-0024,musedata_bach-bg-cant-0024--01,musedata_bach,musedata_stage1,ok,,3,3,0.0,1604,101,0.5
musedata_bach-bg-cant-0024,musedata_bach-bg-cant-0024--02,musedata_bach,musedata_stage1,ok,,2,2,0.0,262,31,0.0
musedata_bach-bg-cant-0024,musedata_bach-bg-cant-0024--03,musedata_bach,musedata_stage1,ok,,9,9,0.0,3698,433,1.3
musedata_bach-bg-cant-0024,musedata_bach-bg-cant-0024--04,musedata_bach,musedata_stage1,ok,,5,5,0.0,340,163,0.1
musedata_bach-bg-cant-0024,musedata_bach-bg-cant-0024--05,musedata_bach,musedata_stage1,ok,,4,4,0.0,1042,70,0.2
musedata_bach-bg-cant-0024,musedata_bach-bg-cant-0024--06,musedata_bach,musedata_stage1,ok,,10,10,0.0,1758,155,0.4
musedata_bach-bg-cant-0025,musedata_bach-bg-cant-0025--01,musedata_bach,musedata_stage1,ok,,13,12,0.077,3501,738,1.0
musedata_bach-bg-cant-0025,musedata_bach-bg-cant-0025--02,musedata_bach,musedata_stage1,ok,,2,2,0.0,172,25,0.0
musedata_bach-bg-cant-0025,musedata_bach-bg-cant-0025--03,musedata_bach,musedata_stage1,ok,,2,2,0.0,688,42,0.1
musedata_bach-bg-cant-0025,musedata_bach-bg-cant-0025--04,musedata_bach,musedata_stage1,ok,,2,2,0.0,116,18,0.0
musedata_bach-bg-cant-0025,musedata_bach-bg-cant-0025--05,musedata_bach,musedata_stage1,ok,,8,8,0.0,2303,387,1.1
musedata_bach-bg-cant-0025,musedata_bach-bg-cant-0025--06,musedata_bach,musedata_stage1,ok,,5,4,0.2,217,0,0.1
musedata_bach-bg-cant-0026,musedata_bach-bg-cant-0026--01,musedata_bach,musedata_stage1,ok,,11,11,0.0,4198,951,1.1
musedata_bach-bg-cant-0026,musedata_bach-bg-cant-0026--02,musedata_bach,musedata_stage1,ok,,4,4,0.0,2770,271,0.9
musedata_bach-bg-cant-0026,musedata_bach-bg-cant-0026--03,musedata_bach,musedata_stage1,ok,,2,2,0.0,103,12,0.0
musedata_bach-bg-cant-0026,musedata_bach-bg-cant-0026--04,musedata_bach,musedata_stage1,ok,,5,5,0.0,2287,275,0.8
musedata_bach-bg-cant-0026,musedata_bach-bg-cant-0026--05,musedata_bach,musedata_stage1,ok,,2,2,0.0,82,10,0.0
musedata_bach-bg-cant-0026,musedata_bach-bg-cant-0026--06,musedata_bach,musedata_stage1,ok,,5,5,0.0,242,0,0.0
musedata_bach-bg-cant-0027,musedata_bach-bg-cant-0027--01,musedata_bach,musedata_stage1,ok,,11,10,0.091,2451,635,1.0
musedata_bach-bg-cant-0027,musedata_bach-bg-cant-0027--02,musedata_bach,musedata_stage1,ok,,2,2,0.0,89,14,0.0
musedata_bach-bg-cant-0027,musedata_bach-bg-cant-0027--03,musedata_bach,musedata_stage1,ok,,5,4,0.2,2830,286,0.9
musedata_bach-bg-cant-0027,musedata_bach-bg-cant-0027--04,musedata_bach,musedata_stage1,ok,,5,5,0.0,118,14,0.1
musedata_bach-bg-cant-0027,musedata_bach-bg-cant-0027--05,musedata_bach,musedata_stage1,ok,,5,5,0.0,2291,128,0.7
musedata_bach-bg-cant-0027,musedata_bach-bg-cant-0027--06a,musedata_bach,musedata_stage1,ok,,5,5,0.0,223,4,0.0
musedata_bach-bg-cant-0027,musedata_bach-bg-cant-0027--06b,musedata_bach,musedata_stage1,ok,,5,5,0.0,70,70,0.0
musedata_bach-bg-cant-0028,musedata_bach-bg-cant-0028--01,musedata_bach,musedata_stage1,ok,,8,8,0.0,3744,526,1.4
musedata_bach-bg-cant-0028,musedata_bach-bg-cant-0028--02,musedata_bach,musedata_stage1,ok,,8,5,0.375,1772,284,1.9
musedata_bach-bg-cant-0028,musedata_bach-bg-cant-0028--03,musedata_bach,musedata_stage1,ok,,2,2,0.0,338,20,0.1
musedata_bach-bg-cant-0028,musedata_bach-bg-cant-0028--04,musedata_bach,musedata_stage1,ok,,5,5,0.0,164,19,0.0
musedata_bach-bg-cant-0028,musedata_bach-bg-cant-0028--05,musedata_bach,musedata_stage1,ok,,3,3,0.0,1033,64,0.2
musedata_bach-bg-cant-0028,musedata_bach-bg-cant-0028--06,musedata_bach,musedata_stage1,ok,,7,4,0.429,196,14,0.2
musedata_bach-bg-cant-0029,musedata_bach-bg-cant-0029--01,musedata_bach,musedata_stage1,ok,,10,9,0.1,1984,1451,1.1
musedata_bach-bg-cant-0029,musedata_bach-bg-cant-0029--02,musedata_bach,musedata_stage1,ok,,16,11,0.312,1426,544,0.9
musedata_bach-bg-cant-0029,musedata_bach-bg-cant-0029--03,musedata_bach,musedata_stage1,ok,,3,3,0.0,1606,120,0.6
musedata_bach-bg-cant-0029,musedata_bach-bg-cant-0029--04,musedata_bach,musedata_stage1,ok,,2,2,0.0,100,14,0.0
musedata_bach-bg-cant-0029,musedata_bach-bg-cant-0029--05,musedata_bach,musedata_stage1,ok,,7,6,0.143,1510,107,0.5
musedata_bach-bg-cant-0029,musedata_bach-bg-cant-0029--06,musedata_bach,musedata_stage1,ok,,5,5,0.0,72,30,0.0
musedata_bach-bg-cant-0029,musedata_bach-bg-cant-0029--07,musedata_bach,musedata_stage1,ok,,4,3,0.25,863,59,0.3
musedata_bach-bg-cant-0029,musedata_bach-bg-cant-0029--08,musedata_bach,musedata_stage1,ok,,13,9,0.308,648,155,0.3
musedata_bach-bg-cant-0030,musedata_bach-bg-cant-0030--01,musedata_bach,musedata_stage1,ok,,15,15,0.0,5884,804,2.6
musedata_bach-bg-cant-0030,musedata_bach-bg-cant-0030--02,musedata_bach,musedata_stage1,ok,,2,2,0.0,109,17,0.0
musedata_bach-bg-cant-0030,musedata_bach-bg-cant-0030--03,musedata_bach,musedata_stage1,ok,,5,5,0.0,3140,372,2.2
musedata_bach-bg-cant-0030,musedata_bach-bg-cant-0030--04,musedata_bach,musedata_stage1,ok,,2,2,0.0,72,14,0.0
musedata_bach-bg-cant-0030,musedata_bach-bg-cant-0030--05,musedata_bach,musedata_stage1,ok,,6,6,0.0,2467,243,0.8
musedata_bach-bg-cant-0030,musedata_bach-bg-cant-0030--06,musedata_bach,musedata_stage1,ok,,5,5,0.0,297,0,0.1
musedata_bach-bg-cant-0030,musedata_bach-bg-cant-0030--07,musedata_bach,musedata_stage1,ok,,4,4,0.0,287,39,0.1
musedata_bach-bg-cant-0030,musedata_bach-bg-cant-0030--08,musedata_bach,musedata_stage1,ok,,7,7,0.0,3188,524,1.5
musedata_bach-bg-cant-0030,musedata_bach-bg-cant-0030--09,musedata_bach,musedata_stage1,ok,,2,2,0.0,102,13,0.0
musedata_bach-bg-cant-0030,musedata_bach-bg-cant-0030--10,musedata_bach,musedata_stage1,ok,,3,3,0.0,1363,86,0.4
musedata_bach-bg-cant-0030,musedata_bach-bg-cant-0030--11,musedata_bach,musedata_stage1,ok,,2,2,0.0,123,28,0.0
musedata_bach-bg-cant-0030,musedata_bach-bg-cant-0030--12,musedata_bach,musedata_stage1,ok,,15,15,0.0,5882,804,2.6
musedata_bach-bg-cant-0030a,musedata_bach-bg-cant-0030a--01,musedata_bach,musedata_stage2,ok,,15,15,0.0,5869,832,0.4
musedata_bach-bg-cant-0030a,musedata_bach-bg-cant-0030a--02,musedata_bach,musedata_stage2,ok,,5,5,0.0,158,61,0.0
musedata_bach-bg-cant-0030a,musedata_bach-bg-cant-0030a--03,musedata_bach,musedata_stage2,ok,,5,5,0.0,3129,416,0.2
musedata_bach-bg-cant-0030a,musedata_bach-bg-cant-0030a--04,musedata_bach,musedata_stage2,ok,,2,2,0.0,69,12,0.0
musedata_bach-bg-cant-0030a,musedata_bach-bg-cant-0030a--05,musedata_bach,musedata_stage2,ok,,6,6,0.0,2486,302,0.2
musedata_bach-bg-cant-0030a,musedata_bach-bg-cant-0030a--06,musedata_bach,musedata_stage2,ok,,2,2,0.0,75,11,0.0
musedata_bach-bg-cant-0030a,musedata_bach-bg-cant-0030a--07,musedata_bach,musedata_stage2,ok,,7,7,0.0,3192,557,0.2
musedata_bach-bg-cant-0030a,musedata_bach-bg-cant-0030a--08,musedata_bach,musedata_stage2,ok,,2,2,0.0,106,17,0.0
musedata_bach-bg-cant-0030a,musedata_bach-bg-cant-0030a--09,musedata_bach,musedata_stage2,ok,,3,3,0.0,1361,101,0.0
musedata_bach-bg-cant-0030a,musedata_bach-bg-cant-0030a--10,musedata_bach,musedata_stage2,ok,,2,2,0.0,85,18,0.0
musedata_bach-bg-cant-0030a,musedata_bach-bg-cant-0030a--11,musedata_bach,musedata_stage2,ok,,7,6,0.143,1869,122,0.2
musedata_bach-bg-cant-0030a,musedata_bach-bg-cant-0030a--12,musedata_bach,musedata_stage2,ok,,8,8,0.0,330,99,0.0
musedata_bach-bg-cant-0030a,musedata_bach-bg-cant-0030a--13,musedata_bach,musedata_stage2,ok,,15,15,0.0,5879,832,0.4
musedata_bach-bg-cant-0031,musedata_bach-bg-cant-0031--01,musedata_bach,musedata_stage1,ok,,15,13,0.133,5481,359,1.7
musedata_bach-bg-cant-0031,musedata_bach-bg-cant-0031--02,musedata_bach,musedata_stage1,ok,,20,20,0.0,7356,1002,2.0
musedata_bach-bg-cant-0031,musedata_bach-bg-cant-0031--03,musedata_bach,musedata_stage1,ok,,2,2,0.0,383,33,0.1
musedata_bach-bg-cant-0031,musedata_bach-bg-cant-0031--04,musedata_bach,musedata_stage1,ok,,2,2,0.0,674,31,0.1
musedata_bach-bg-cant-0031,musedata_bach-bg-cant-0031--05,musedata_bach,musedata_stage1,ok,,2,2,0.0,150,22,0.0
musedata_bach-bg-cant-0031,musedata_bach-bg-cant-0031--06,musedata_bach,musedata_stage1,ok,,7,7,0.0,1561,180,0.3
musedata_bach-bg-cant-0031,musedata_bach-bg-cant-0031--07,musedata_bach,musedata_stage1,ok,,2,2,0.0,103,14,0.0
musedata_bach-bg-cant-0031,musedata_bach-bg-cant-0031--08,musedata_bach,musedata_stage1,ok,,5,4,0.2,1242,257,0.5
musedata_bach-bg-cant-0031,musedata_bach-bg-cant-0031--09,musedata_bach,musedata_stage1,ok,,14,6,0.571,307,28,0.2
musedata_bach-bg-cant-0032,musedata_bach-bg-cant-0032--01,musedata_bach,musedata_stage1,ok,,6,6,0.0,2112,439,0.5
musedata_bach-bg-cant-0032,musedata_bach-bg-cant-0032--02,musedata_bach,musedata_stage1,ok,,2,2,0.0,37,8,0.0
musedata_bach-bg-cant-0032,musedata_bach-bg-cant-0032--03,musedata_bach,musedata_stage1,ok,,3,3,0.0,1549,126,0.9
musedata_bach-bg-cant-0032,musedata_bach-bg-cant-0032--04,musedata_bach,musedata_stage1,ok,,6,6,0.0,557,56,0.1
musedata_bach-bg-cant-0032,musedata_bach-bg-cant-0032--05,musedata_bach,musedata_stage1,ok,,8,7,0.125,2502,471,0.8
musedata_bach-bg-cant-0032,musedata_bach-bg-cant-0032--06,musedata_bach,musedata_stage1,ok,,9,5,0.444,277,0,0.1
musedata_bach-bg-cant-0033,musedata_bach-bg-cant-0033--01,musedata_bach,musedata_stage1,ok,,10,10,0.0,5580,968,2.5
musedata_bach-bg-cant-0033,musedata_bach-bg-cant-0033--02,musedata_bach,musedata_stage1,ok,,2,2,0.0,157,15,0.0
musedata_bach-bg-cant-0033,musedata_bach-bg-cant-0033--03,musedata_bach,musedata_stage1,ok,,5,5,0.0,2008,565,0.5
musedata_bach-bg-cant-0033,musedata_bach-bg-cant-0033--04,musedata_bach,musedata_stage1,ok,,2,2,0.0,125,16,0.0
musedata_bach-bg-cant-0033,musedata_bach-bg-cant-0033--05,musedata_bach,musedata_stage1,ok,,5,5,0.0,1990,272,0.8
musedata_bach-bg-cant-0033,musedata_bach-bg-cant-0033--06,musedata_bach,musedata_stage1,ok,,5,5,0.0,377,10,0.1
musedata_bach-bg-cant-0034,musedata_bach-bg-cant-0034--01,musedata_bach,musedata_stage1,ok,,14,14,0.0,6578,1427,2.8
musedata_bach-bg-cant-0034,musedata_bach-bg-cant-0034--02,musedata_bach,musedata_stage1,ok,,2,2,0.0,62,12,0.0
musedata_bach-bg-cant-0034,musedata_bach-bg-cant-0034--03,musedata_bach,musedata_stage1,ok,,7,7,0.0,2992,230,0.9
musedata_bach-bg-cant-0034,musedata_bach-bg-cant-0034--04,musedata_bach,musedata_stage1,ok,,2,2,0.0,65,7,0.0
musedata_bach-bg-cant-0034,musedata_bach-bg-cant-0034--05,musedata_bach,musedata_stage1,ok,,14,12,0.143,2603,650,1.2
musedata_bach-bg-cant-0034a,musedata_bach-bg-cant-0034a--01,musedata_bach,musedata_stage1,ok,,7,7,0.0,4429,550,1.7
musedata_bach-bg-cant-0034a,musedata_bach-bg-cant-0034a--02,musedata_bach,musedata_stage1,ok,,2,2,0.0,62,11,0.0
musedata_bach-bg-cant-0034a,musedata_bach-bg-cant-0034a--03,musedata_bach,musedata_stage1,ok,,5,5,0.0,972,341,0.4
musedata_bach-bg-cant-0034a,musedata_bach-bg-cant-0034a--04,musedata_bach,musedata_stage1,ok,,7,7,0.0,1678,275,0.5
musedata_bach-bg-cant-0034a,musedata_bach-bg-cant-0034a--05,musedata_bach,musedata_stage1,ok,,4,4,0.0,1590,165,0.4
musedata_bach-bg-cant-0034a,musedata_bach-bg-cant-0034a--06,musedata_bach,musedata_stage1,ok,,2,2,0.0,92,13,0.0
musedata_bach-bg-cant-0034a,musedata_bach-bg-cant-0034a--07,musedata_bach,musedata_stage1,ok,,5,5,0.0,1748,359,0.5
musedata_bach-bg-cant-0035,musedata_bach-bg-cant-0035--01,musedata_bach,musedata_stage1,ok,,9,8,0.111,6351,850,2.6
musedata_bach-bg-cant-0035,musedata_bach-bg-cant-0035--02,musedata_bach,musedata_stage1,ok,,10,9,0.1,3258,616,1.1
musedata_bach-bg-cant-0035,musedata_bach-bg-cant-0035--03,musedata_bach,musedata_stage1,ok,,2,2,0.0,168,23,0.0
musedata_bach-bg-cant-0035,musedata_bach-bg-cant-0035--04,musedata_bach,musedata_stage1,ok,,4,3,0.25,1614,630,0.5
musedata_bach-bg-cant-0035,musedata_bach-bg-cant-0035--05,musedata_bach,musedata_stage1,ok,,9,6,0.333,1687,575,1.2
musedata_bach-bg-cant-0035,musedata_bach-bg-cant-0035--06,musedata_bach,musedata_stage1,ok,,2,2,0.0,128,15,0.0
musedata_bach-bg-cant-0035,musedata_bach-bg-cant-0035--07,musedata_bach,musedata_stage1,ok,,10,9,0.1,2743,669,1.6
musedata_bach-bg-cant-0036a,musedata_bach-bg-cant-0036a--01,musedata_bach,musedata_stage1,ok,,5,5,0.0,2041,222,0.6
musedata_bach-bg-cant-0036a,musedata_bach-bg-cant-0036a--02,musedata_bach,musedata_stage1,ok,,9,8,0.111,2670,325,1.1
musedata_bach-bg-cant-0036e,musedata_bach-bg-cant-0036e--01,musedata_bach,musedata_stage1,ok,,9,9,0.0,3777,698,1.5
musedata_bach-bg-cant-0036e,musedata_bach-bg-cant-0036e--02,musedata_bach,musedata_stage1,ok,,5,3,0.4,1162,108,0.4
musedata_bach-bg-cant-0036e,musedata_bach-bg-cant-0036e--03,musedata_bach,musedata_stage1,ok,,3,3,0.0,1124,109,0.5
musedata_bach-bg-cant-0036e,musedata_bach-bg-cant-0036e--04,musedata_bach,musedata_stage1,ok,,5,4,0.2,238,15,0.1
musedata_bach-bg-cant-0036e,musedata_bach-bg-cant-0036e--05,musedata_bach,musedata_stage1,ok,,5,5,0.0,2303,259,0.6
musedata_bach-bg-cant-0036e,musedata_bach-bg-cant-0036e--06,musedata_bach,musedata_stage1,ok,,4,4,0.0,1331,46,0.3
musedata_bach-bg-cant-0036e,musedata_bach-bg-cant-0036e--07,musedata_bach,musedata_stage1,ok,,3,3,0.0,1713,124,0.4
musedata_bach-bg-cant-0036e,musedata_bach-bg-cant-0036e--08,musedata_bach,musedata_stage1,ok,,5,5,0.0,193,0,0.0
musedata_bach-bg-cant-0037,musedata_bach-bg-cant-0037--01,musedata_bach,musedata_stage1,ok,,10,10,0.0,2738,299,0.8
musedata_bach-bg-cant-0037,musedata_bach-bg-cant-0037--02,musedata_bach,musedata_stage1,ok,,2,2,0.0,670,46,0.2
musedata_bach-bg-cant-0037,musedata_bach-bg-cant-0037--03,musedata_bach,musedata_stage1,ok,,3,3,0.0,1113,38,0.2
musedata_bach-bg-cant-0037,musedata_bach-bg-cant-0037--04,musedata_bach,musedata_stage1,ok,,5,5,0.0,153,14,0.0
musedata_bach-bg-cant-0037,musedata_bach-bg-cant-0037--05,musedata_bach,musedata_stage1,ok,,6,5,0.167,1475,261,0.4
musedata_bach-bg-cant-0037,musedata_bach-bg-cant-0037--06,musedata_bach,musedata_stage1,ok,,5,4,0.2,305,10,0.1
musedata_bach-bg-cant-0038,musedata_bach-bg-cant-0038--01,musedata_bach,musedata_stage1,ok,,5,5,0.0,1226,158,0.5
musedata_bach-bg-cant-0038,musedata_bach-bg-cant-0038--02,musedata_bach,musedata_stage1,ok,,2,2,0.0,86,14,0.0
musedata_bach-bg-cant-0038,musedata_bach-bg-cant-0038--03,musedata_bach,musedata_stage1,ok,,4,4,0.0,1584,160,0.4
musedata_bach-bg-cant-0038,musedata_bach-bg-cant-0038--04,musedata_bach,musedata_stage1,ok,,2,2,0.0,160,16,0.0
musedata_bach-bg-cant-0038,musedata_bach-bg-cant-0038--05,musedata_bach,musedata_stage1,ok,,4,4,0.0,1239,157,0.4
musedata_bach-bg-cant-0038,musedata_bach-bg-cant-0038--06,musedata_bach,musedata_stage1,ok,,5,5,0.0,227,0,0.1
musedata_bach-bg-cant-0039,musedata_bach-bg-cant-0039--01a,musedata_bach,musedata_stage1,ok,,12,12,0.0,3091,1301,1.0
musedata_bach-bg-cant-0039,musedata_bach-bg-cant-0039--01b,musedata_bach,musedata_stage1,ok,,12,12,0.0,841,1295,0.5
musedata_bach-bg-cant-0039,musedata_bach-bg-cant-0039--01c,musedata_bach,musedata_stage1,ok,,12,12,0.0,3263,1876,2.3
musedata_bach-bg-cant-0039,musedata_bach-bg-cant-0039--02,musedata_bach,musedata_stage1,ok,,2,2,0.0,167,20,0.0
musedata_bach-bg-cant-0039,musedata_bach-bg-cant-0039--03,musedata_bach,musedata_stage1,ok,,4,4,0.0,1598,207,0.8
musedata_bach-bg-cant-0039,musedata_bach-bg-cant-0039--04,musedata_bach,musedata_stage1,ok,,2,2,0.0,662,47,0.1
musedata_bach-bg-cant-0039,musedata_bach-bg-cant-0039--05,musedata_bach,musedata_stage1,ok,,3,3,0.0,1098,105,0.3
musedata_bach-bg-cant-0039,musedata_bach-bg-cant-0039--06,musedata_bach,musedata_stage1,ok,,5,5,0.0,228,25,0.1
musedata_bach-bg-cant-0039,musedata_bach-bg-cant-0039--07,musedata_bach,musedata_stage1,ok,,5,4,0.2,218,0,0.1
musedata_bach-bg-cant-0040,musedata_bach-bg-cant-0040--01,musedata_bach,musedata_stage1,ok,,12,12,0.0,6073,615,1.5
musedata_bach-bg-cant-0040,musedata_bach-bg-cant-0040--02,musedata_bach,musedata_stage1,ok,,2,2,0.0,143,19,0.0
musedata_bach-bg-cant-0040,musedata_bach-bg-cant-0040--03,musedata_bach,musedata_stage1,ok,,5,4,0.2,204,10,0.0
musedata_bach-bg-cant-0040,musedata_bach-bg-cant-0040--04,musedata_bach,musedata_stage1,ok,,7,7,0.0,2225,392,1.1
musedata_bach-bg-cant-0040,musedata_bach-bg-cant-0040--05,musedata_bach,musedata_stage1,ok,,5,5,0.0,575,26,0.1
musedata_bach-bg-cant-0040,musedata_bach-bg-cant-0040--06,musedata_bach,musedata_stage1,ok,,5,4,0.2,251,0,0.1
musedata_bach-bg-cant-0040,musedata_bach-bg-cant-0040--07,musedata_bach,musedata_stage1,ok,,6,6,0.0,2943,302,0.6
musedata_bach-bg-cant-0040,musedata_bach-bg-cant-0040--08,musedata_bach,musedata_stage1,ok,,5,4,0.2,358,0,0.1
musedata_bach-bg-cant-0041,musedata_bach-bg-cant-0041--01,musedata_bach,musedata_stage2,ok,,15,15,0.0,13751,2850,0.7
musedata_bach-bg-cant-0041,musedata_bach-bg-cant-0041--02,musedata_bach,musedata_stage2,ok,,5,5,0.0,1795,278,0.2
musedata_bach-bg-cant-0041,musedata_bach-bg-cant-0041--03,musedata_bach,musedata_stage2,ok,,2,2,0.0,110,18,0.0
musedata_bach-bg-cant-0041,musedata_bach-bg-cant-0041--04,musedata_bach,musedata_stage2,ok,,3,3,0.0,1203,139,0.0
musedata_bach-bg-cant-0041,musedata_bach-bg-cant-0041--05,musedata_bach,musedata_stage2,ok,,5,5,0.0,170,57,0.0
musedata_bach-bg-cant-0041,musedata_bach-bg-cant-0041--06,musedata_bach,musedata_stage2,ok,,15,9,0.4,715,239,0.1
musedata_bach-bg-cant-0042,musedata_bach-bg-cant-0042--01,musedata_bach,musedata_stage2,ok,,7,7,0.0,4197,543,0.2
musedata_bach-bg-cant-0042,musedata_bach-bg-cant-0042--02,musedata_bach,musedata_stage2,ok,,3,3,0.0,141,9,0.0
musedata_bach-bg-cant-0042,musedata_bach-bg-cant-0042--03,musedata_bach,musedata_stage2,ok,,8,8,0.0,2584,515,0.1
musedata_bach-bg-cant-0042,musedata_bach-bg-cant-0042--04,musedata_bach,musedata_stage2,ok,,4,4,0.0,1080,141,0.0
musedata_bach-bg-cant-0042,musedata_bach-bg-cant-0042--05,musedata_bach,musedata_stage2,ok,,2,2,0.0,103,17,0.0
musedata_bach-bg-cant-0042,musedata_bach-bg-cant-0042--06,musedata_bach,musedata_stage2,ok,,4,4,0.0,2396,293,0.1
musedata_bach-bg-cant-0042,musedata_bach-bg-cant-0042--07,musedata_bach,musedata_stage2,ok,,9,7,0.222,828,0,0.0
musedata_bach-bg-cant-0043,musedata_bach-bg-cant-0043--01,musedata_bach,musedata_stage2,ok,,13,12,0.077,4795,834,0.4
musedata_bach-bg-cant-0043,musedata_bach-bg-cant-0043--02,musedata_bach,musedata_stage2,ok,,2,2,0.0,96,13,0.0
musedata_bach-bg-cant-0043,musedata_bach-bg-cant-0043--03,musedata_bach,musedata_stage2,ok,,4,3,0.25,1237,148,0.1
musedata_bach-bg-cant-0043,musedata_bach-bg-cant-0043--04,musedata_bach,musedata_stage2,ok,,2,2,0.0,40,5,0.0
musedata_bach-bg-cant-0043,musedata_bach-bg-cant-0043--05,musedata_bach,musedata_stage2,ok,,7,5,0.286,1253,314,0.1
musedata_bach-bg-cant-0043,musedata_bach-bg-cant-0043--06,musedata_bach,musedata_stage2,ok,,5,5,0.0,596,120,0.0
musedata_bach-bg-cant-0043,musedata_bach-bg-cant-0043--07,musedata_bach,musedata_stage2,ok,,4,3,0.25,1423,269,0.1
musedata_bach-bg-cant-0043,musedata_bach-bg-cant-0043--08,musedata_bach,musedata_stage2,ok,,2,2,0.0,83,10,0.0
musedata_bach-bg-cant-0043,musedata_bach-bg-cant-0043--09,musedata_bach,musedata_stage2,ok,,5,4,0.2,1777,329,0.1
musedata_bach-bg-cant-0043,musedata_bach-bg-cant-0043--10,musedata_bach,musedata_stage2,ok,,2,2,0.0,66,16,0.0
musedata_bach-bg-cant-0043,musedata_bach-bg-cant-0043--11,musedata_bach,musedata_stage2,fail,ValueError: invalid literal for int() with base 10: 'vt.',,,,,,0.0
musedata_bach-bg-cant-0044,musedata_bach-bg-cant-0044--01,musedata_bach,musedata_stage2,ok,,5,5,0.0,1176,128,0.1
musedata_bach-bg-cant-0044,musedata_bach-bg-cant-0044--02,musedata_bach,musedata_stage2,ok,,10,8,0.2,1618,292,0.1
musedata_bach-bg-cant-0044,musedata_bach-bg-cant-0044--03,musedata_bach,musedata_stage2,ok,,3,3,0.0,936,61,0.0
musedata_bach-bg-cant-0044,musedata_bach-bg-cant-0044--04,musedata_bach,musedata_stage2,ok,,2,2,0.0,194,22,0.0
musedata_bach-bg-cant-0044,musedata_bach-bg-cant-0044--05,musedata_bach,musedata_stage2,ok,,2,2,0.0,101,15,0.0
musedata_bach-bg-cant-0044,musedata_bach-bg-cant-0044--06,musedata_bach,musedata_stage2,ok,,6,5,0.167,1910,217,0.1
musedata_bach-bg-cant-0044,musedata_bach-bg-cant-0044--07,musedata_bach,musedata_stage2,ok,,8,4,0.5,208,0,0.0
musedata_bach-bg-cant-0045,musedata_bach-bg-cant-0045--01,musedata_bach,musedata_stage2,ok,,12,12,0.0,8801,813,0.4
musedata_bach-bg-cant-0045,musedata_bach-bg-cant-0045--02,musedata_bach,musedata_stage2,ok,,2,2,0.0,89,14,0.0
musedata_bach-bg-cant-0045,musedata_bach-bg-cant-0045--03,musedata_bach,musedata_stage2,ok,,5,5,0.0,1930,183,0.2
musedata_bach-bg-cant-0045,musedata_bach-bg-cant-0045--04,musedata_bach,musedata_stage2,ok,,5,5,0.0,2514,307,0.1
musedata_bach-bg-cant-0045,musedata_bach-bg-cant-0045--05,musedata_bach,musedata_stage2,ok,,3,3,0.0,1395,125,0.1
musedata_bach-bg-cant-0045,musedata_bach-bg-cant-0045--06,musedata_bach,musedata_stage2,ok,,2,2,0.0,103,12,0.0
musedata_bach-bg-cant-0045,musedata_bach-bg-cant-0045--07,musedata_bach,musedata_stage2,ok,,8,5,0.375,297,40,0.0
musedata_bach-bg-cant-0046,musedata_bach-bg-cant-0046--01,musedata_bach,musedata_stage2,ok,,13,11,0.154,4614,838,0.3
musedata_bach-bg-cant-0046,musedata_bach-bg-cant-0046--02,musedata_bach,musedata_stage2,ok,,7,7,0.0,667,142,0.1
musedata_bach-bg-cant-0046,musedata_bach-bg-cant-0046--03,musedata_bach,musedata_stage2,ok,,6,6,0.0,3605,420,0.2
musedata_bach-bg-cant-0046,musedata_bach-bg-cant-0046--04,musedata_bach,musedata_stage2,ok,,2,2,0.0,78,12,0.0
musedata_bach-bg-cant-0046,musedata_bach-bg-cant-0046--05,musedata_bach,musedata_stage2,ok,,4,4,0.0,1727,137,0.1
musedata_bach-bg-cant-0046,musedata_bach-bg-cant-0046--06,musedata_bach,musedata_stage2,ok,,11,10,0.091,1021,99,0.0
musedata_bach-bg-cant-0047,musedata_bach-bg-cant-0047--01,musedata_bach,musedata_stage2,ok,,10,10,0.0,6980,1131,0.4
musedata_bach-bg-cant-0047,musedata_bach-bg-cant-0047--02,musedata_bach,musedata_stage2,ok,,3,3,0.0,1905,210,0.1
musedata_bach-bg-cant-0047,musedata_bach-bg-cant-0047--03,musedata_bach,musedata_stage2,ok,,5,5,0.0,288,33,0.1
musedata_bach-bg-cant-0047,musedata_bach-bg-cant-0047--04,musedata_bach,musedata_stage2,ok,,4,4,0.0,1893,260,0.1
musedata_bach-bg-cant-0047,musedata_bach-bg-cant-0047--05,musedata_bach,musedata_stage2,ok,,8,4,0.5,186,8,0.0
musedata_bach-bg-cant-0048,musedata_bach-bg-cant-0048--01,musedata_bach,musedata_stage2,ok,,10,10,0.0,2332,1006,0.2
musedata_bach-bg-cant-0048,musedata_bach-bg-cant-0048--02,musedata_bach,musedata_stage2,ok,,5,5,0.0,178,31,0.0
musedata_bach-bg-cant-0048,musedata_bach-bg-cant-0048--03,musedata_bach,musedata_stage2,ok,,8,4,0.5,157,0,0.0
musedata_bach-bg-cant-0048,musedata_bach-bg-cant-0048--04,musedata_bach,musedata_stage2,ok,,3,3,0.0,742,79,0.1
musedata_bach-bg-cant-0048,musedata_bach-bg-cant-0048--05,musedata_bach,musedata_stage2,ok,,2,2,0.0,72,12,0.0
musedata_bach-bg-cant-0048,musedata_bach-bg-cant-0048--06,musedata_bach,musedata_stage2,ok,,5,5,0.0,1592,165,0.1
musedata_bach-bg-cant-0048,musedata_bach-bg-cant-0048--07,musedata_bach,musedata_stage2,ok,,8,4,0.5,202,0,0.0
musedata_bach-bg-cant-0049,musedata_bach-bg-cant-0049--01,musedata_bach,musedata_stage2,ok,,6,5,0.167,3453,734,0.3
musedata_bach-bg-cant-0049,musedata_bach-bg-cant-0049--02,musedata_bach,musedata_stage2,ok,,3,3,0.0,1998,221,0.1
musedata_bach-bg-cant-0049,musedata_bach-bg-cant-0049--03,musedata_bach,musedata_stage2,ok,,6,6,0.0,944,184,0.1
musedata_bach-bg-cant-0049,musedata_bach-bg-cant-0049--04,musedata_bach,musedata_stage2,ok,,4,4,0.0,2039,346,0.1
musedata_bach-bg-cant-0049,musedata_bach-bg-cant-0049--05,musedata_bach,musedata_stage2,ok,,3,3,0.0,156,41,0.0
musedata_bach-bg-cant-0049,musedata_bach-bg-cant-0049--06,musedata_bach,musedata_stage2,ok,,7,7,0.0,3650,1010,0.3
musedata_bach-bg-cant-0050,musedata_bach-bg-cant-0050--01,musedata_bach,musedata_stage1,ok,,19,19,0.0,6185,1584,3.3
musedata_bach-bg-cant-0051,musedata_bach-bg-cant-0051--01,musedata_bach,musedata_stage1,ok,,6,6,0.0,2950,280,0.7
musedata_bach-bg-cant-0051,musedata_bach-bg-cant-0051--02,musedata_bach,musedata_stage1,ok,,5,5,0.0,566,74,0.2
musedata_bach-bg-cant-0051,musedata_bach-bg-cant-0051--03,musedata_bach,musedata_stage1,ok,,2,2,0.0,781,29,0.1
musedata_bach-bg-cant-0051,musedata_bach-bg-cant-0051--04a,musedata_bach,musedata_stage1,ok,,4,4,0.0,2486,230,0.9
musedata_bach-bg-cant-0051,musedata_bach-bg-cant-0051--04b,musedata_bach,musedata_stage1,ok,,6,6,0.0,2102,1109,1.4
musedata_bach-bg-cant-0052,musedata_bach-bg-cant-0052--01,musedata_bach,musedata_stage1,ok,,10,9,0.1,5447,468,1.8
musedata_bach-bg-cant-0052,musedata_bach-bg-cant-0052--02,musedata_bach,musedata_stage1,ok,,2,2,0.0,127,16,0.0
musedata_bach-bg-cant-0052,musedata_bach-bg-cant-0052--03,musedata_bach,musedata_stage1,ok,,4,4,0.0,1834,157,0.5
musedata_bach-bg-cant-0052,musedata_bach-bg-cant-0052--04,musedata_bach,musedata_stage1,ok,,2,2,0.0,147,17,0.0
musedata_bach-bg-cant-0052,musedata_bach-bg-cant-0052--05,musedata_bach,musedata_stage1,ok,,5,5,0.0,1932,218,0.8
musedata_bach-bg-cant-0052,musedata_bach-bg-cant-0052--06,musedata_bach,musedata_stage1,ok,,7,5,0.286,267,49,0.1
musedata_bach-bg-cant-0054,musedata_bach-bg-cant-0054--01,musedata_bach,musedata_stage1,ok,,6,6,0.0,2347,110,0.6
musedata_bach-bg-cant-0054,musedata_bach-bg-cant-0054--02,musedata_bach,musedata_stage1,ok,,2,2,0.0,178,19,0.1
musedata_bach-bg-cant-0054,musedata_bach-bg-cant-0054--03,musedata_bach,musedata_stage1,ok,,4,4,0.0,1959,122,0.5
musedata_bach-bg-cant-0058,musedata_bach-bg-cant-0058--01,musedata_bach,musedata_stage2,ok,,10,6,0.4,1335,492,0.2
musedata_bach-bg-cant-0058,musedata_bach-bg-cant-0058--02,musedata_bach,musedata_stage2,ok,,3,2,0.333,163,27,0.0
musedata_bach-bg-cant-0058,musedata_bach-bg-cant-0058--03,musedata_bach,musedata_stage2,ok,,4,3,0.25,1559,302,0.1
musedata_bach-bg-cant-0058,musedata_bach-bg-cant-0058--04,musedata_bach,musedata_stage2,ok,,3,2,0.333,202,34,0.0
musedata_bach-bg-cant-0058,musedata_bach-bg-cant-0058--05,musedata_bach,musedata_stage2,ok,,10,7,0.3,1553,551,0.2
musedata_bach-bg-cant-0059,musedata_bach-bg-cant-0059--01,musedata_bach,musedata_stage1,ok,,9,9,0.0,2501,372,0.7
musedata_bach-bg-cant-0059,musedata_bach-bg-cant-0059--02,musedata_bach,musedata_stage1,ok,,5,5,0.0,311,55,0.1
musedata_bach-bg-cant-0059,musedata_bach-bg-cant-0059--03,musedata_bach,musedata_stage1,ok,,8,6,0.25,640,40,0.2
musedata_bach-bg-cant-0059,musedata_bach-bg-cant-0059--04,musedata_bach,musedata_stage1,ok,,3,3,0.0,978,52,0.2
musedata_bach-bg-cant-0061,musedata_bach-bg-cant-0061--01a,musedata_bach,musedata_stage1,ok,,8,8,0.0,886,101,0.2
musedata_bach-bg-cant-0061,musedata_bach-bg-cant-0061--01b,musedata_bach,musedata_stage1,ok,,9,5,0.444,819,335,0.5
musedata_bach-bg-cant-0061,musedata_bach-bg-cant-0061--01c,musedata_bach,musedata_stage1,ok,,8,8,0.0,265,700,0.2
musedata_bach-bg-cant-0061,musedata_bach-bg-cant-0061--02,musedata_bach,musedata_stage1,ok,,2,2,0.0,236,20,0.0
musedata_bach-bg-cant-0061,musedata_bach-bg-cant-0061--03,musedata_bach,musedata_stage1,ok,,3,3,0.0,1142,95,0.3
musedata_bach-bg-cant-0061,musedata_bach-bg-cant-0061--04,musedata_bach,musedata_stage1,ok,,6,6,0.0,254,206,0.1
musedata_bach-bg-cant-0061,musedata_bach-bg-cant-0061--05a,musedata_bach,musedata_stage1,ok,,2,2,0.0,288,37,0.1
musedata_bach-bg-cant-0061,musedata_bach-bg-cant-0061--05b,musedata_bach,musedata_stage1,ok,,2,2,0.0,192,92,0.1
musedata_bach-bg-cant-0061,musedata_bach-bg-cant-0061--06,musedata_bach,musedata_stage1,ok,,6,6,0.0,550,15,0.1
musedata_bach-bg-cant-0062,musedata_bach-bg-cant-0062--01,musedata_bach,musedata_stage1,ok,,11,10,0.091,5178,570,1.3
musedata_bach-bg-cant-0062,musedata_bach-bg-cant-0062--02,musedata_bach,musedata_stage1,ok,,7,6,0.143,2104,588,1.7
musedata_bach-bg-cant-0062,musedata_bach-bg-cant-0062--03,musedata_bach,musedata_stage1,ok,,2,2,0.0,82,12,0.0
musedata_bach-bg-cant-0062,musedata_bach-bg-cant-0062--04,musedata_bach,musedata_stage1,ok,,3,2,0.333,1196,76,0.5
musedata_bach-bg-cant-0062,musedata_bach-bg-cant-0062--05,musedata_bach,musedata_stage1,ok,,6,6,0.0,181,24,0.0
musedata_bach-bg-cant-0062,musedata_bach-bg-cant-0062--06,musedata_bach,musedata_stage1,ok,,5,5,0.0,189,0,0.0
musedata_bach-bg-cant-0063,musedata_bach-bg-cant-0063--01,musedata_bach,musedata_stage1,ok,,17,17,0.0,5222,1686,3.2
musedata_bach-bg-cant-0063,musedata_bach-bg-cant-0063--02,musedata_bach,musedata_stage1,ok,,5,5,0.0,492,30,0.1
musedata_bach-bg-cant-0063,musedata_bach-bg-cant-0063--03,musedata_bach,musedata_stage1,ok,,4,4,0.0,1190,135,0.4
musedata_bach-bg-cant-0063,musedata_bach-bg-cant-0063--04,musedata_bach,musedata_stage1,ok,,2,2,0.0,160,10,0.0
musedata_bach-bg-cant-0063,musedata_bach-bg-cant-0063--05,musedata_bach,musedata_stage1,ok,,6,6,0.0,2767,494,1.6
musedata_bach-bg-cant-0063,musedata_bach-bg-cant-0063--06,musedata_bach,musedata_stage1,ok,,8,8,0.0,452,218,0.1
musedata_bach-bg-cant-0063,musedata_bach-bg-cant-0063--07,musedata_bach,musedata_stage1,ok,,17,17,0.0,5271,868,1.4
musedata_bach-bg-cant-0065,musedata_bach-bg-cant-0065--01,musedata_bach,musedata_stage1,ok,,14,14,0.0,5431,450,1.1
musedata_bach-bg-cant-0065,musedata_bach-bg-cant-0065--02,musedata_bach,musedata_stage1,ok,,8,4,0.5,149,16,0.1
musedata_bach-bg-cant-0065,musedata_bach-bg-cant-0065--03,musedata_bach,musedata_stage1,ok,,2,2,0.0,225,34,0.0
musedata_bach-bg-cant-0065,musedata_bach-bg-cant-0065--04,musedata_bach,musedata_stage1,ok,,4,4,0.0,1222,142,0.3
musedata_bach-bg-cant-0065,musedata_bach-bg-cant-0065--05,musedata_bach,musedata_stage1,ok,,2,2,0.0,153,21,0.0
musedata_bach-bg-cant-0065,musedata_bach-bg-cant-0065--06,musedata_bach,musedata_stage1,ok,,11,11,0.0,3312,793,1.8
musedata_bach-bg-cant-0065,musedata_bach-bg-cant-0065--07,musedata_bach,musedata_stage1,ok,,5,4,0.2,253,10,0.1
musedata_bach-bg-cant-0066,musedata_bach-bg-cant-0066--01,musedata_bach,musedata_stage1,ok,,12,12,0.0,9756,1374,6.4
musedata_bach-bg-cant-0066,musedata_bach-bg-cant-0066--02,musedata_bach,musedata_stage1,ok,,5,5,0.0,97,11,0.0
musedata_bach-bg-cant-0066,musedata_bach-bg-cant-0066--03,musedata_bach,musedata_stage1,ok,,8,7,0.125,3538,723,3.1
musedata_bach-bg-cant-0066,musedata_bach-bg-cant-0066--04a,musedata_bach,musedata_stage1,ok,,2,2,0.0,199,25,0.0
musedata_bach-bg-cant-0066,musedata_bach-bg-cant-0066--04b,musedata_bach,musedata_stage1,ok,,3,3,0.0,957,125,0.2
musedata_bach-bg-cant-0066,musedata_bach-bg-cant-0066--05,musedata_bach,musedata_stage1,ok,,4,4,0.0,2643,143,0.7
musedata_bach-bg-cant-0066,musedata_bach-bg-cant-0066--06,musedata_bach,musedata_stage1,ok,,5,4,0.2,163,10,0.1
musedata_bach-bg-cant-0068,musedata_bach-bg-cant-0068--01,musedata_bach,musedata_stage1,ok,,8,8,0.0,2572,295,0.6
musedata_bach-bg-cant-0068,musedata_bach-bg-cant-0068--02,musedata_bach,musedata_stage1,ok,,5,5,0.0,2057,400,0.6
musedata_bach-bg-cant-0068,musedata_bach-bg-cant-0068--03,musedata_bach,musedata_stage1,ok,,2,2,0.0,90,11,0.0
musedata_bach-bg-cant-0068,musedata_bach-bg-cant-0068--04,musedata_bach,musedata_stage1,ok,,5,5,0.0,2179,325,0.9
musedata_bach-bg-cant-0068,musedata_bach-bg-cant-0068--05,musedata_bach,musedata_stage1,ok,,15,8,0.467,2503,336,1.1
musedata_bach-bg-cant-0074,musedata_bach-bg-cant-0074--01,musedata_bach,musedata_stage1,ok,,15,15,0.0,3519,694,0.9
musedata_bach-bg-cant-0074,musedata_bach-bg-cant-0074--02,musedata_bach,musedata_stage1,ok,,3,3,0.0,989,51,0.2
musedata_bach-bg-cant-0074,musedata_bach-bg-cant-0074--03,musedata_bach,musedata_stage1,ok,,2,2,0.0,55,8,0.0
musedata_bach-bg-cant-0074,musedata_bach-bg-cant-0074--04,musedata_bach,musedata_stage1,ok,,2,2,0.0,852,60,0.2
musedata_bach-bg-cant-0074,musedata_bach-bg-cant-0074--05,musedata_bach,musedata_stage1,ok,,5,5,0.0,3457,526,1.1
musedata_bach-bg-cant-0074,musedata_bach-bg-cant-0074--06,musedata_bach,musedata_stage1,ok,,5,5,0.0,82,13,0.0
musedata_bach-bg-cant-0074,musedata_bach-bg-cant-0074--07,musedata_bach,musedata_stage1,ok,,10,10,0.0,3008,791,1.4
musedata_bach-bg-cant-0074,musedata_bach-bg-cant-0074--08,musedata_bach,musedata_stage1,ok,,5,4,0.2,257,10,0.1
musedata_bach-bg-cant-0075,musedata_bach-bg-cant-0075--01a,musedata_bach,musedata_stage1,ok,,11,9,0.182,1616,464,0.6
musedata_bach-bg-cant-0075,musedata_bach-bg-cant-0075--01b,musedata_bach,musedata_stage1,ok,,11,10,0.091,2055,915,0.7
musedata_bach-bg-cant-0075,musedata_bach-bg-cant-0075--02,musedata_bach,musedata_stage1,ok,,5,5,0.0,165,22,0.0
musedata_bach-bg-cant-0075,musedata_bach-bg-cant-0075--03,musedata_bach,musedata_stage1,ok,,6,6,0.0,2205,336,0.9
musedata_bach-bg-cant-0075,musedata_bach-bg-cant-0075--04,musedata_bach,musedata_stage1,ok,,2,2,0.0,57,12,0.0
musedata_bach-bg-cant-0075,musedata_bach-bg-cant-0075--05,musedata_bach,musedata_stage1,ok,,4,3,0.25,849,206,0.5
musedata_bach-bg-cant-0075,musedata_bach-bg-cant-0075--06,musedata_bach,musedata_stage1,ok,,2,2,0.0,61,12,0.0
musedata_bach-bg-cant-0075,musedata_bach-bg-cant-0075--07,musedata_bach,musedata_stage1,ok,,8,8,0.0,1256,137,0.3
musedata_bach-bg-cant-0075,musedata_bach-bg-cant-0075--08,musedata_bach,musedata_stage1,ok,,5,5,0.0,1992,95,0.4
musedata_bach-bg-cant-0075,musedata_bach-bg-cant-0075--09,musedata_bach,musedata_stage1,ok,,5,5,0.0,113,14,0.0
musedata_bach-bg-cant-0075,musedata_bach-bg-cant-0075--10,musedata_bach,musedata_stage1,ok,,3,3,0.0,832,133,0.4
musedata_bach-bg-cant-0075,musedata_bach-bg-cant-0075--11,musedata_bach,musedata_stage1,ok,,2,2,0.0,50,9,0.0
musedata_bach-bg-cant-0075,musedata_bach-bg-cant-0075--12,musedata_bach,musedata_stage1,ok,,6,6,0.0,2369,300,0.7
musedata_bach-bg-cant-0075,musedata_bach-bg-cant-0075--13,musedata_bach,musedata_stage1,ok,,2,2,0.0,56,15,0.0
musedata_bach-bg-cant-0076,musedata_bach-bg-cant-0076--01,musedata_bach,musedata_stage1,ok,,11,11,0.0,6867,723,2.4
musedata_bach-bg-cant-0076,musedata_bach-bg-cant-0076--02,musedata_bach,musedata_stage1,ok,,5,5,0.0,582,56,0.1
musedata_bach-bg-cant-0076,musedata_bach-bg-cant-0076--03,musedata_bach,musedata_stage1,ok,,3,3,0.0,998,122,0.3
musedata_bach-bg-cant-0076,musedata_bach-bg-cant-0076--04,musedata_bach,musedata_stage1,ok,,2,2,0.0,88,13,0.0
musedata_bach-bg-cant-0076,musedata_bach-bg-cant-0076--05,musedata_bach,musedata_stage1,ok,,6,6,0.0,2267,329,0.5
musedata_bach-bg-cant-0076,musedata_bach-bg-cant-0076--06,musedata_bach,musedata_stage1,ok,,2,2,0.0,185,15,0.0
musedata_bach-bg-cant-0076,musedata_bach-bg-cant-0076--07,musedata_bach,musedata_stage1,ok,,9,8,0.111,1003,127,0.2
musedata_bach-bg-cant-0076,musedata_bach-bg-cant-0076--08a,musedata_bach,musedata_stage1,ok,,4,3,0.25,92,10,0.0
musedata_bach-bg-cant-0076,musedata_bach-bg-cant-0076--08b,musedata_bach,musedata_stage1,ok,,4,3,0.25,1114,60,0.4
musedata_bach-bg-cant-0076,musedata_bach-bg-cant-0076--09,musedata_bach,musedata_stage1,ok,,5,5,0.0,125,22,0.0
musedata_bach-bg-cant-0076,musedata_bach-bg-cant-0076--10,musedata_bach,musedata_stage1,ok,,2,2,0.0,845,64,0.2
musedata_bach-bg-cant-0076,musedata_bach-bg-cant-0076--11,musedata_bach,musedata_stage1,ok,,2,2,0.0,144,11,0.0
musedata_bach-bg-cant-0076,musedata_bach-bg-cant-0076--12,musedata_bach,musedata_stage1,ok,,4,4,0.0,1080,152,0.3
musedata_bach-bg-cant-0076,musedata_bach-bg-cant-0076--13,musedata_bach,musedata_stage1,ok,,2,2,0.0,123,9,0.0
musedata_bach-bg-cant-0076,musedata_bach-bg-cant-0076--14,musedata_bach,musedata_stage1,ok,,9,8,0.111,1006,127,0.2
musedata_bach-bg-cant-0084,musedata_bach-bg-cant-0084--01,musedata_bach,musedata_stage1,ok,,6,6,0.0,3143,1251,1.5
musedata_bach-bg-cant-0084,musedata_bach-bg-cant-0084--02,musedata_bach,musedata_stage1,ok,,2,2,0.0,164,23,0.0
musedata_bach-bg-cant-0084,musedata_bach-bg-cant-0084--03,musedata_bach,musedata_stage1,ok,,4,4,0.0,2879,344,2.0
musedata_bach-bg-cant-0084,musedata_bach-bg-cant-0084--04,musedata_bach,musedata_stage1,ok,,5,5,0.0,132,20,0.0
musedata_bach-bg-cant-0084,musedata_bach-bg-cant-0084--05,musedata_bach,musedata_stage1,ok,,5,4,0.2,145,15,0.0
musedata_bach-bg-cant-0086,musedata_bach-bg-cant-0086--01,musedata_bach,musedata_stage1,ok,,5,5,0.0,1258,111,0.5
musedata_bach-bg-cant-0086,musedata_bach-bg-cant-0086--02,musedata_bach,musedata_stage1,ok,,5,5,0.0,1106,144,0.3
musedata_bach-bg-cant-0086,musedata_bach-bg-cant-0086--03,musedata_bach,musedata_stage1,ok,,4,4,0.0,1338,57,0.3
musedata_bach-bg-cant-0086,musedata_bach-bg-cant-0086--04,musedata_bach,musedata_stage1,ok,,2,2,0.0,51,10,0.0
musedata_bach-bg-cant-0086,musedata_bach-bg-cant-0086--05,musedata_bach,musedata_stage1,ok,,5,5,0.0,1293,209,0.3
musedata_bach-bg-cant-0086,musedata_bach-bg-cant-0086--06,musedata_bach,musedata_stage1,ok,,5,4,0.2,188,10,0.0
musedata_bach-bg-cant-0087,musedata_bach-bg-cant-0087--01,musedata_bach,musedata_stage1,ok,,5,5,0.0,1047,84,0.2
musedata_bach-bg-cant-0087,musedata_bach-bg-cant-0087--02,musedata_bach,musedata_stage1,ok,,2,2,0.0,62,7,0.0
musedata_bach-bg-cant-0087,musedata_bach-bg-cant-0087--03,musedata_bach,musedata_stage1,ok,,4,4,0.0,1573,361,0.4
musedata_bach-bg-cant-0087,musedata_bach-bg-cant-0087--04,musedata_bach,musedata_stage1,ok,,5,5,0.0,143,14,0.0
musedata_bach-bg-cant-0087,musedata_bach-bg-cant-0087--05,musedata_bach,musedata_stage1,ok,,2,2,0.0,552,39,0.2
musedata_bach-bg-cant-0087,musedata_bach-bg-cant-0087--06,musedata_bach,musedata_stage1,ok,,5,5,0.0,1364,111,0.3
musedata_bach-bg-cant-0087,musedata_bach-bg-cant-0087--07,musedata_bach,musedata_stage1,ok,,7,5,0.286,269,0,0.1
musedata_bach-bg-cant-0091,musedata_bach-bg-cant-0091--01,musedata_bach,musedata_stage1,ok,,14,14,0.0,5080,1055,1.2
musedata_bach-bg-cant-0091,musedata_bach-bg-cant-0091--02,musedata_bach,musedata_stage1,ok,,2,2,0.0,230,21,0.0
musedata_bach-bg-cant-0091,musedata_bach-bg-cant-0091--03,musedata_bach,musedata_stage1,ok,,5,5,0.0,1427,126,0.5
musedata_bach-bg-cant-0091,musedata_bach-bg-cant-0091--04,musedata_bach,musedata_stage1,ok,,5,5,0.0,223,38,0.1
musedata_bach-bg-cant-0091,musedata_bach-bg-cant-0091--05,musedata_bach,musedata_stage1,ok,,4,4,0.0,2099,156,0.6
musedata_bach-bg-cant-0091,musedata_bach-bg-cant-0091--06,musedata_bach,musedata_stage1,ok,,8,7,0.125,338,23,0.1
musedata_bach-bg-cant-0092,musedata_bach-bg-cant-0092--01,musedata_bach,musedata_stage1,ok,,10,10,0.0,5002,849,2.0
musedata_bach-bg-cant-0092,musedata_bach-bg-cant-0092--02,musedata_bach,musedata_stage1,ok,,2,2,0.0,748,48,0.2
musedata_bach-bg-cant-0092,musedata_bach-bg-cant-0092--03,musedata_bach,musedata_stage1,ok,,5,5,0.0,1974,334,0.5
musedata_bach-bg-cant-0092,musedata_bach-bg-cant-0092--04,musedata_bach,musedata_stage1,ok,,4,4,0.0,1538,84,0.4
musedata_bach-bg-cant-0092,musedata_bach-bg-cant-0092--05,musedata_bach,musedata_stage1,ok,,2,2,0.0,135,22,0.0
musedata_bach-bg-cant-0092,musedata_bach-bg-cant-0092--06,musedata_bach,musedata_stage1,ok,,2,2,0.0,1324,53,0.3
musedata_bach-bg-cant-0092,musedata_bach-bg-cant-0092--07,musedata_bach,musedata_stage1,ok,,5,5,0.0,695,107,0.2
musedata_bach-bg-cant-0092,musedata_bach-bg-cant-0092--08,musedata_bach,musedata_stage1,ok,,6,6,0.0,1487,525,0.9
musedata_bach-bg-cant-0092,musedata_bach-bg-cant-0092--09,musedata_bach,musedata_stage1,ok,,5,4,0.2,241,10,0.1
musedata_bach-bg-cant-0107,musedata_bach-bg-cant-0107--01,musedata_bach,musedata_stage1,ok,,12,12,0.0,2868,298,0.8
musedata_bach-bg-cant-0107,musedata_bach-bg-cant-0107--02,musedata_bach,musedata_stage1,ok,,4,4,0.0,216,50,0.0
musedata_bach-bg-cant-0107,musedata_bach-bg-cant-0107--03,musedata_bach,musedata_stage1,ok,,5,5,0.0,1803,229,0.4
musedata_bach-bg-cant-0107,musedata_bach-bg-cant-0107--04,musedata_bach,musedata_stage1,ok,,2,2,0.0,847,68,0.2
musedata_bach-bg-cant-0107,musedata_bach-bg-cant-0107--05,musedata_bach,musedata_stage1,ok,,4,4,0.0,1038,73,0.2
musedata_bach-bg-cant-0107,musedata_bach-bg-cant-0107--06,musedata_bach,musedata_stage1,ok,,3,3,0.0,1088,73,0.2
musedata_bach-bg-cant-0107,musedata_bach-bg-cant-0107--07,musedata_bach,musedata_stage1,ok,,11,8,0.273,884,106,0.4
musedata_bach-bg-cant-0108,musedata_bach-bg-cant-0108--01,musedata_bach,musedata_stage1,ok,,6,6,0.0,2031,281,0.5
musedata_bach-bg-cant-0108,musedata_bach-bg-cant-0108--02,musedata_bach,musedata_stage1,ok,,3,3,0.0,1521,148,0.5
musedata_bach-bg-cant-0108,musedata_bach-bg-cant-0108--03,musedata_bach,musedata_stage1,ok,,2,2,0.0,56,8,0.0
musedata_bach-bg-cant-0108,musedata_bach-bg-cant-0108--04,musedata_bach,musedata_stage1,ok,,8,5,0.375,2315,126,0.8
musedata_bach-bg-cant-0108,musedata_bach-bg-cant-0108--05,musedata_bach,musedata_stage1,ok,,5,5,0.0,1341,222,0.4
musedata_bach-bg-cant-0108,musedata_bach-bg-cant-0108--06,musedata_bach,musedata_stage1,ok,,5,5,0.0,382,10,0.1
musedata_bach-bg-cant-0110,musedata_bach-bg-cant-0110--01a,musedata_bach,musedata_stage1,ok,,14,11,0.214,1094,446,0.4
musedata_bach-bg-cant-0110,musedata_bach-bg-cant-0110--01b,musedata_bach,musedata_stage1,ok,,19,18,0.053,8779,2516,3.3
musedata_bach-bg-cant-0110,musedata_bach-bg-cant-0110--01c,musedata_bach,musedata_stage1,ok,,18,15,0.167,923,3078,1.1
musedata_bach-bg-cant-0110,musedata_bach-bg-cant-0110--02,musedata_bach,musedata_stage1,ok,,4,4,0.0,1669,184,0.4
musedata_bach-bg-cant-0110,musedata_bach-bg-cant-0110--03,musedata_bach,musedata_stage1,ok,,5,5,0.0,127,30,0.0
musedata_bach-bg-cant-0110,musedata_bach-bg-cant-0110--04,musedata_bach,musedata_stage1,ok,,3,3,0.0,1108,107,0.4
musedata_bach-bg-cant-0110,musedata_bach-bg-cant-0110--05,musedata_bach,musedata_stage1,ok,,3,3,0.0,1430,70,0.3
musedata_bach-bg-cant-0110,musedata_bach-bg-cant-0110--06,musedata_bach,musedata_stage1,ok,,9,6,0.333,2869,508,1.3
musedata_bach-bg-cant-0110,musedata_bach-bg-cant-0110--07,musedata_bach,musedata_stage1,ok,,5,4,0.2,206,10,0.0
musedata_bach-bg-cant-0116,musedata_bach-bg-cant-0116--01,musedata_bach,musedata_stage2,ok,,12,10,0.167,5216,675,0.4
musedata_bach-bg-cant-0116,musedata_bach-bg-cant-0116--02,musedata_bach,musedata_stage2,ok,,4,3,0.25,943,151,0.2
musedata_bach-bg-cant-0116,musedata_bach-bg-cant-0116--03,musedata_bach,musedata_stage2,ok,,2,2,0.0,75,15,0.0
musedata_bach-bg-cant-0116,musedata_bach-bg-cant-0116--04,musedata_bach,musedata_stage2,ok,,4,4,0.0,1826,277,0.1
musedata_bach-bg-cant-0116,musedata_bach-bg-cant-0116--05,musedata_bach,musedata_stage2,ok,,5,5,0.0,153,13,0.0
musedata_bach-bg-cant-0116,musedata_bach-bg-cant-0116--06,musedata_bach,musedata_stage2,ok,,10,4,0.6,151,0,0.1
musedata_bach-bg-cant-0118,musedata_bach-bg-cant-0118--01,musedata_bach,musedata_stage1,fail,ValueError: invalid literal for int() with base 10: '  ',,,,,,0.0
musedata_bach-bg-cant-0120,musedata_bach-bg-cant-0120--01,musedata_bach,musedata_stage2,ok,,7,7,0.0,5086,904,0.4
musedata_bach-bg-cant-0120,musedata_bach-bg-cant-0120--02,musedata_bach,musedata_stage2,ok,,14,12,0.143,5408,1596,0.5
musedata_bach-bg-cant-0120,musedata_bach-bg-cant-0120--03,musedata_bach,musedata_stage2,ok,,2,2,0.0,143,25,0.0
musedata_bach-bg-cant-0120,musedata_bach-bg-cant-0120--04,musedata_bach,musedata_stage2,ok,,6,6,0.0,2300,459,0.2
musedata_bach-bg-cant-0120,musedata_bach-bg-cant-0120--05,musedata_bach,musedata_stage2,ok,,5,5,0.0,120,16,0.0
musedata_bach-bg-cant-0120,musedata_bach-bg-cant-0120--06,musedata_bach,musedata_stage2,ok,,5,4,0.2,293,0,0.0
musedata_bach-bg-cant-0120a,musedata_bach-bg-cant-0120a--01,musedata_bach,musedata_stage1,ok,,6,6,0.0,2913,423,0.9
musedata_bach-bg-cant-0120a,musedata_bach-bg-cant-0120a--02a,musedata_bach,musedata_stage1,ok,,2,2,0.0,213,29,0.0
musedata_bach-bg-cant-0120a,musedata_bach-bg-cant-0120a--02b,musedata_bach,musedata_stage1,ok,,6,5,0.167,514,172,0.2
musedata_bach-bg-cant-0120a,musedata_bach-bg-cant-0120a--02c,musedata_bach,musedata_stage1,ok,,6,6,0.0,87,351,0.1
musedata_bach-bg-cant-0120a,musedata_bach-bg-cant-0120a--03,musedata_bach,musedata_stage1,ok,,3,3,0.0,1118,178,0.3
musedata_bach-bg-cant-0120a,musedata_bach-bg-cant-0120a--04,musedata_bach,musedata_stage1,ok,,2,2,0.0,781,242,0.4
musedata_bach-bg-cant-0120a,musedata_bach-bg-cant-0120a--05,musedata_bach,musedata_stage1,ok,,6,4,0.333,37,98,0.1
musedata_bach-bg-cant-0120a,musedata_bach-bg-cant-0120a--06,musedata_bach,musedata_stage1,ok,,4,4,0.0,1472,228,0.4
musedata_bach-bg-cant-0120a,musedata_bach-bg-cant-0120a--07,musedata_bach,musedata_stage1,ok,,2,2,0.0,174,19,0.0
musedata_bach-bg-cant-0120a,musedata_bach-bg-cant-0120a--08,musedata_bach,musedata_stage1,ok,,5,5,0.0,254,0,0.1
musedata_bach-bg-cant-0121,musedata_bach-bg-cant-0121--01,musedata_bach,musedata_stage2,ok,,11,5,0.545,2089,318,0.2
musedata_bach-bg-cant-0121,musedata_bach-bg-cant-0121--02,musedata_bach,musedata_stage2,ok,,4,3,0.25,1435,141,0.1
musedata_bach-bg-cant-0121,musedata_bach-bg-cant-0121--03,musedata_bach,musedata_stage2,ok,,2,2,0.0,116,19,0.0
musedata_bach-bg-cant-0121,musedata_bach-bg-cant-0121--04,musedata_bach,musedata_stage2,ok,,6,5,0.167,3383,648,0.2
musedata_bach-bg-cant-0121,musedata_bach-bg-cant-0121--05,musedata_bach,musedata_stage2,ok,,2,2,0.0,101,18,0.0
musedata_bach-bg-cant-0121,musedata_bach-bg-cant-0121--06,musedata_bach,musedata_stage2,ok,,10,4,0.6,264,0,0.1
musedata_bach-bg-cant-0122,musedata_bach-bg-cant-0122--01,musedata_bach,musedata_stage2,ok,,9,8,0.111,2270,443,0.2
musedata_bach-bg-cant-0122,musedata_bach-bg-cant-0122--02,musedata_bach,musedata_stage2,ok,,2,2,0.0,1140,77,0.0
musedata_bach-bg-cant-0122,musedata_bach-bg-cant-0122--03,musedata_bach,musedata_stage2,ok,,5,5,0.0,274,55,0.0
musedata_bach-bg-cant-0122,musedata_bach-bg-cant-0122--04,musedata_bach,musedata_stage2,ok,,5,4,0.2,885,174,0.0
musedata_bach-bg-cant-0122,musedata_bach-bg-cant-0122--05,musedata_bach,musedata_stage2,ok,,5,5,0.0,215,24,0.1
musedata_bach-bg-cant-0122,musedata_bach-bg-cant-0122--06,musedata_bach,musedata_stage2,ok,,8,5,0.375,198,0,0.0
musedata_bach-bg-cant-0123,musedata_bach-bg-cant-0123--01,musedata_bach,musedata_stage2,ok,,14,12,0.143,5081,876,0.4
musedata_bach-bg-cant-0123,musedata_bach-bg-cant-0123--02,musedata_bach,musedata_stage2,ok,,2,2,0.0,83,14,0.0
musedata_bach-bg-cant-0123,musedata_bach-bg-cant-0123--03,musedata_bach,musedata_stage2,ok,,6,4,0.333,949,155,0.1
musedata_bach-bg-cant-0123,musedata_bach-bg-cant-0123--04,musedata_bach,musedata_stage2,ok,,2,2,0.0,76,13,0.0
musedata_bach-bg-cant-0123,musedata_bach-bg-cant-0123--05,musedata_bach,musedata_stage2,ok,,3,3,0.0,1294,103,0.1
musedata_bach-bg-cant-0123,musedata_bach-bg-cant-0123--06,musedata_bach,musedata_stage2,ok,,12,4,0.667,179,0,0.0
musedata_bach-bg-cant-0124,musedata_bach-bg-cant-0124--01,musedata_bach,musedata_stage1,ok,,10,9,0.1,2790,597,1.3
musedata_bach-bg-cant-0124,musedata_bach-bg-cant-0124--02,musedata_bach,musedata_stage1,ok,,2,2,0.0,73,10,0.0
musedata_bach-bg-cant-0124,musedata_bach-bg-cant-0124--03,musedata_bach,musedata_stage1,ok,,7,6,0.143,1618,423,0.7
musedata_bach-bg-cant-0124,musedata_bach-bg-cant-0124--04,musedata_bach,musedata_stage1,ok,,3,3,0.0,131,15,0.1
musedata_bach-bg-cant-0124,musedata_bach-bg-cant-0124--05,musedata_bach,musedata_stage1,ok,,4,3,0.25,1150,134,0.9
musedata_bach-bg-cant-0124,musedata_bach-bg-cant-0124--06,musedata_bach,musedata_stage1,ok,,9,8,0.111,518,0,0.1
musedata_bach-bg-cant-0126,musedata_bach-bg-cant-0126--01,musedata_bach,musedata_stage1,ok,,11,11,0.0,4161,434,1.0
musedata_bach-bg-cant-0126,musedata_bach-bg-cant-0126--02,musedata_bach,musedata_stage1,ok,,4,4,0.0,2145,144,0.6
musedata_bach-bg-cant-0126,musedata_bach-bg-cant-0126--03,musedata_bach,musedata_stage1,ok,,3,3,0.0,289,39,0.1
musedata_bach-bg-cant-0126,musedata_bach-bg-cant-0126--04,musedata_bach,musedata_stage1,ok,,2,2,0.0,1153,125,0.6
musedata_bach-bg-cant-0126,musedata_bach-bg-cant-0126--05,musedata_bach,musedata_stage1,ok,,2,2,0.0,91,15,0.0
musedata_bach-bg-cant-0126,musedata_bach-bg-cant-0126--06,musedata_bach,musedata_stage1,ok,,5,4,0.2,481,10,0.1
musedata_bach-bg-cant-0128,musedata_bach-bg-cant-0128--01,musedata_bach,musedata_stage1,ok,,10,10,0.0,5850,798,1.9
musedata_bach-bg-cant-0128,musedata_bach-bg-cant-0128--02,musedata_bach,musedata_stage1,ok,,2,2,0.0,65,9,0.0
musedata_bach-bg-cant-0128,musedata_bach-bg-cant-0128--03a,musedata_bach,musedata_stage1,ok,,6,6,0.0,1745,345,0.5
musedata_bach-bg-cant-0128,musedata_bach-bg-cant-0128--03b,musedata_bach,musedata_stage1,ok,,5,5,0.0,155,396,0.1
musedata_bach-bg-cant-0128,musedata_bach-bg-cant-0128--03c,musedata_bach,musedata_stage1,ok,,5,5,0.0,462,531,0.3
musedata_bach-bg-cant-0128,musedata_bach-bg-cant-0128--04,musedata_bach,musedata_stage1,ok,,4,4,0.0,1431,188,0.4
musedata_bach-bg-cant-0128,musedata_bach-bg-cant-0128--05,musedata_bach,musedata_stage1,ok,,8,6,0.25,382,16,0.1
musedata_bach-bg-cant-0129,musedata_bach-bg-cant-0129--01,musedata_bach,musedata_stage2,ok,,15,14,0.067,6294,1436,0.4
musedata_bach-bg-cant-0129,musedata_bach-bg-cant-0129--02,musedata_bach,musedata_stage2,ok,,2,2,0.0,868,65,0.0
musedata_bach-bg-cant-0129,musedata_bach-bg-cant-0129--03,musedata_bach,musedata_stage2,ok,,5,4,0.2,2460,276,0.2
musedata_bach-bg-cant-0129,musedata_bach-bg-cant-0129--04,musedata_bach,musedata_stage2,ok,,3,3,0.0,1686,180,0.1
musedata_bach-bg-cant-0129,musedata_bach-bg-cant-0129--05,musedata_bach,musedata_stage2,ok,,15,14,0.067,1882,558,0.1
musedata_bach-bg-cant-0130,musedata_bach-bg-cant-0130--01,musedata_bach,musedata_stage1,ok,,15,15,0.0,5704,1508,1.7
musedata_bach-bg-cant-0130,musedata_bach-bg-cant-0130--02,musedata_bach,musedata_stage1,ok,,2,2,0.0,98,15,0.0
musedata_bach-bg-cant-0130,musedata_bach-bg-cant-0130--03,musedata_bach,musedata_stage1,ok,,6,6,0.0,2920,526,1.2
musedata_bach-bg-cant-0130,musedata_bach-bg-cant-0130--04,musedata_bach,musedata_stage1,ok,,6,6,0.0,306,41,0.1
musedata_bach-bg-cant-0130,musedata_bach-bg-cant-0130--05,musedata_bach,musedata_stage1,ok,,3,3,0.0,1691,103,0.6
musedata_bach-bg-cant-0130,musedata_bach-bg-cant-0130--06,musedata_bach,musedata_stage1,ok,,10,10,0.0,392,71,0.1
musedata_bach-bg-cant-0132,musedata_bach-bg-cant-0132--01,musedata_bach,musedata_stage1,ok,,8,7,0.125,2831,512,1.2
musedata_bach-bg-cant-0132,musedata_bach-bg-cant-0132--02,musedata_bach,musedata_stage1,ok,,2,2,0.0,459,41,0.1
musedata_bach-bg-cant-0132,musedata_bach-bg-cant-0132--03,musedata_bach,musedata_stage1,ok,,3,3,0.0,1251,212,0.3
musedata_bach-bg-cant-0132,musedata_bach-bg-cant-0132--04,musedata_bach,musedata_stage1,ok,,5,5,0.0,273,34,0.1
musedata_bach-bg-cant-0132,musedata_bach-bg-cant-0132--05,musedata_bach,musedata_stage1,ok,,3,3,0.0,1334,31,0.3
musedata_bach-bg-cant-0134,musedata_bach-bg-cant-0134--01,musedata_bach,musedata_stage1,ok,,4,3,0.25,103,23,0.0
musedata_bach-bg-cant-0134,musedata_bach-bg-cant-0134--02,musedata_bach,musedata_stage1,ok,,7,7,0.0,3698,609,2.7
musedata_bach-bg-cant-0134,musedata_bach-bg-cant-0134--03,musedata_bach,musedata_stage1,ok,,3,3,0.0,253,69,0.1
musedata_bach-bg-cant-0134,musedata_bach-bg-cant-0134--04,musedata_bach,musedata_stage1,ok,,6,6,0.0,4557,424,1.6
musedata_bach-bg-cant-0134,musedata_bach-bg-cant-0134--05,musedata_bach,musedata_stage1,ok,,3,3,0.0,235,53,0.1
musedata_bach-bg-cant-0134,musedata_bach-bg-cant-0134--06,musedata_bach,musedata_stage1,ok,,10,9,0.1,6015,1142,5.8
musedata_bach-bg-cant-0134a,musedata_bach-bg-cant-0134a--01,musedata_bach,musedata_stage1,ok,,3,3,0.0,62,16,0.0
musedata_bach-bg-cant-0134a,musedata_bach-bg-cant-0134a--03,musedata_bach,musedata_stage1,ok,,3,3,0.0,273,77,0.1
musedata_bach-bg-cant-0134a,musedata_bach-bg-cant-0134a--05a,musedata_bach,musedata_stage1,ok,,2,2,0.0,28,8,0.0
musedata_bach-bg-cant-0134a,musedata_bach-bg-cant-0134a--05b,musedata_bach,musedata_stage1,ok,,2,2,0.0,100,29,0.0
musedata_bach-bg-cant-0134a,musedata_bach-bg-cant-0134a--05c,musedata_bach,musedata_stage1,ok,,2,2,0.0,61,46,0.0
musedata_bach-bg-cant-0134a,musedata_bach-bg-cant-0134a--05d,musedata_bach,musedata_stage1,ok,,2,2,0.0,54,59,0.0
musedata_bach-bg-cant-0134a,musedata_bach-bg-cant-0134a--05e,musedata_bach,musedata_stage1,ok,,3,3,0.0,107,87,0.0
musedata_bach-bg-cant-0134a,musedata_bach-bg-cant-0134a--05f,musedata_bach,musedata_stage1,ok,,2,2,0.0,64,115,0.0
musedata_bach-bg-cant-0134a,musedata_bach-bg-cant-0134a--06a,musedata_bach,musedata_stage1,ok,,2,2,0.0,61,8,0.0
musedata_bach-bg-cant-0134a,musedata_bach-bg-cant-0134a--06b,musedata_bach,musedata_stage1,ok,,2,2,0.0,425,37,0.1
musedata_bach-bg-cant-0134a,musedata_bach-bg-cant-0134a--06c,musedata_bach,musedata_stage1,ok,,2,2,0.0,74,69,0.1
musedata_bach-bg-cant-0134a,musedata_bach-bg-cant-0134a--06d,musedata_bach,musedata_stage1,ok,,2,2,0.0,515,97,0.1
musedata_bach-bg-cant-0134a,musedata_bach-bg-cant-0134a--07,musedata_bach,musedata_stage1,ok,,4,3,0.25,225,92,0.1
musedata_bach-bg-cant-0135,musedata_bach-bg-cant-0135--01,musedata_bach,musedata_stage2,ok,,11,10,0.091,2822,636,0.2
musedata_bach-bg-cant-0135,musedata_bach-bg-cant-0135--02,musedata_bach,musedata_stage2,ok,,2,2,0.0,127,20,0.0
musedata_bach-bg-cant-0135,musedata_bach-bg-cant-0135--03,musedata_bach,musedata_stage2,ok,,4,4,0.0,1664,184,0.1
musedata_bach-bg-cant-0135,musedata_bach-bg-cant-0135--04,musedata_bach,musedata_stage2,ok,,2,2,0.0,93,20,0.0
musedata_bach-bg-cant-0135,musedata_bach-bg-cant-0135--05,musedata_bach,musedata_stage2,ok,,5,5,0.0,1456,473,0.1
musedata_bach-bg-cant-0135,musedata_bach-bg-cant-0135--06,musedata_bach,musedata_stage2,ok,,9,4,0.556,208,0,0.0
musedata_bach-bg-cant-0136,musedata_bach-bg-cant-0136--01,musedata_bach,musedata_stage2,ok,,12,11,0.083,5485,775,0.4
musedata_bach-bg-cant-0136,musedata_bach-bg-cant-0136--02,musedata_bach,musedata_stage2,ok,,2,2,0.0,150,25,0.0
musedata_bach-bg-cant-0136,musedata_bach-bg-cant-0136--03,musedata_bach,musedata_stage2,ok,,3,3,0.0,1347,113,0.1
musedata_bach-bg-cant-0136,musedata_bach-bg-cant-0136--04,musedata_bach,musedata_stage2,ok,,2,2,0.0,134,15,0.0
musedata_bach-bg-cant-0136,musedata_bach-bg-cant-0136--05,musedata_bach,musedata_stage2,ok,,4,4,0.0,2015,281,0.1
musedata_bach-bg-cant-0136,musedata_bach-bg-cant-0136--06,musedata_bach,musedata_stage2,ok,,11,5,0.545,274,0,0.0
musedata_bach-bg-cant-0138,musedata_bach-bg-cant-0138--01,musedata_bach,musedata_stage2,ok,,10,10,0.0,1935,369,0.2
musedata_bach-bg-cant-0138,musedata_bach-bg-cant-0138--02,musedata_bach,musedata_stage2,ok,,10,10,0.0,1323,383,0.1
musedata_bach-bg-cant-0138,musedata_bach-bg-cant-0138--03,musedata_bach,musedata_stage2,ok,,2,2,0.0,125,22,0.0
musedata_bach-bg-cant-0138,musedata_bach-bg-cant-0138--04,musedata_bach,musedata_stage2,ok,,5,5,0.0,3134,344,0.2
musedata_bach-bg-cant-0138,musedata_bach-bg-cant-0138--05,musedata_bach,musedata_stage2,ok,,2,2,0.0,36,9,0.0
musedata_bach-bg-cant-0138,musedata_bach-bg-cant-0138--06,musedata_bach,musedata_stage2,ok,,10,10,0.0,2626,352,0.2
musedata_bach-bg-cant-0139,musedata_bach-bg-cant-0139--01,musedata_bach,musedata_stage2,ok,,12,10,0.167,3087,697,0.3
musedata_bach-bg-cant-0139,musedata_bach-bg-cant-0139--02,musedata_bach,musedata_stage2,ok,,3,3,0.0,1834,157,0.1
musedata_bach-bg-cant-0139,musedata_bach-bg-cant-0139--03,musedata_bach,musedata_stage2,ok,,2,2,0.0,66,11,0.0
musedata_bach-bg-cant-0139,musedata_bach-bg-cant-0139--04,musedata_bach,musedata_stage2,ok,,5,4,0.2,2822,421,0.2
musedata_bach-bg-cant-0139,musedata_bach-bg-cant-0139--05,musedata_bach,musedata_stage2,ok,,5,5,0.0,130,15,0.0
musedata_bach-bg-cant-0139,musedata_bach-bg-cant-0139--06,musedata_bach,musedata_stage2,ok,,10,4,0.6,154,0,0.0
musedata_bach-bg-cant-0143,musedata_bach-bg-cant-0143--01,musedata_bach,musedata_stage1,ok,,13,13,0.0,1914,392,0.5
musedata_bach-bg-cant-0143,musedata_bach-bg-cant-0143--02,musedata_bach,musedata_stage1,ok,,3,3,0.0,844,46,0.2
musedata_bach-bg-cant-0143,musedata_bach-bg-cant-0143--03,musedata_bach,musedata_stage1,ok,,2,2,0.0,29,7,0.0
musedata_bach-bg-cant-0143,musedata_bach-bg-cant-0143--04,musedata_bach,musedata_stage1,ok,,5,5,0.0,992,396,0.3
musedata_bach-bg-cant-0143,musedata_bach-bg-cant-0143--05,musedata_bach,musedata_stage1,ok,,7,7,0.0,1248,250,0.3
musedata_bach-bg-cant-0143,musedata_bach-bg-cant-0143--06,musedata_bach,musedata_stage1,ok,,6,4,0.333,1163,187,0.3
musedata_bach-bg-cant-0143,musedata_bach-bg-cant-0143--07,musedata_bach,musedata_stage1,ok,,13,13,0.0,3168,577,0.9
musedata_bach-bg-cant-0144,musedata_bach-bg-cant-0144--01,musedata_bach,musedata_stage2,ok,,5,5,0.0,1063,140,0.1
musedata_bach-bg-cant-0144,musedata_bach-bg-cant-0144--02,musedata_bach,musedata_stage2,ok,,5,5,0.0,1711,203,0.1
musedata_bach-bg-cant-0144,musedata_bach-bg-cant-0144--03,musedata_bach,musedata_stage2,ok,,5,4,0.2,193,0,0.0
musedata_bach-bg-cant-0144,musedata_bach-bg-cant-0144--04,musedata_bach,musedata_stage2,ok,,2,2,0.0,104,16,0.0
musedata_bach-bg-cant-0144,musedata_bach-bg-cant-0144--05,musedata_bach,musedata_stage2,ok,,3,3,0.0,1051,81,0.1
musedata_bach-bg-cant-0144,musedata_bach-bg-cant-0144--06,musedata_bach,musedata_stage2,ok,,5,4,0.2,255,0,0.0
musedata_bach-bg-cant-0145,musedata_bach-bg-cant-0145--01,musedata_bach,musedata_stage2,ok,,4,4,0.0,140,0,0.0
musedata_bach-bg-cant-0145,musedata_bach-bg-cant-0145--02,musedata_bach,musedata_stage2,ok,,9,6,0.333,1207,440,0.1
musedata_bach-bg-cant-0145,musedata_bach-bg-cant-0145--03,musedata_bach,musedata_stage2,ok,,4,4,0.0,1780,242,0.1
musedata_bach-bg-cant-0145,musedata_bach-bg-cant-0145--04,musedata_bach,musedata_stage2,ok,,2,2,0.0,106,16,0.0
musedata_bach-bg-cant-0145,musedata_bach-bg-cant-0145--05,musedata_bach,musedata_stage2,ok,,8,8,0.0,3352,553,0.2
musedata_bach-bg-cant-0145,musedata_bach-bg-cant-0145--06,musedata_bach,musedata_stage2,ok,,2,2,0.0,95,15,0.0
musedata_bach-bg-cant-0145,musedata_bach-bg-cant-0145--07,musedata_bach,musedata_stage2,ok,,5,4,0.2,176,0,0.0
musedata_bach-bg-cant-0149,musedata_bach-bg-cant-0149--01,musedata_bach,musedata_stage1,ok,,16,16,0.0,4175,1227,2.5
musedata_bach-bg-cant-0149,musedata_bach-bg-cant-0149--02,musedata_bach,musedata_stage1,ok,,3,3,0.0,1190,110,0.3
musedata_bach-bg-cant-0149,musedata_bach-bg-cant-0149--03,musedata_bach,musedata_stage1,ok,,2,2,0.0,81,12,0.0
musedata_bach-bg-cant-0149,musedata_bach-bg-cant-0149--04,musedata_bach,musedata_stage1,ok,,5,5,0.0,2519,275,1.5
musedata_bach-bg-cant-0149,musedata_bach-bg-cant-0149--05,musedata_bach,musedata_stage1,ok,,2,2,0.0,66,10,0.0
musedata_bach-bg-cant-0149,musedata_bach-bg-cant-0149--06,musedata_bach,musedata_stage1,ok,,4,4,0.0,1549,237,0.5
musedata_bach-bg-cant-0149,musedata_bach-bg-cant-0149--07,musedata_bach,musedata_stage1,ok,,10,9,0.1,657,114,0.2
musedata_bach-bg-cant-0153,musedata_bach-bg-cant-0153--01,musedata_bach,musedata_stage2,ok,,8,4,0.5,196,0,0.0
musedata_bach-bg-cant-0153,musedata_bach-bg-cant-0153--02,musedata_bach,musedata_stage2,ok,,2,2,0.0,65,12,0.0
musedata_bach-bg-cant-0153,musedata_bach-bg-cant-0153--03,musedata_bach,musedata_stage2,ok,,2,2,0.0,322,42,0.0
musedata_bach-bg-cant-0153,musedata_bach-bg-cant-0153--04,musedata_bach,musedata_stage2,ok,,2,2,0.0,179,30,0.0
musedata_bach-bg-cant-0153,musedata_bach-bg-cant-0153--05,musedata_bach,musedata_stage2,ok,,8,4,0.5,184,0,0.0
musedata_bach-bg-cant-0153,musedata_bach-bg-cant-0153--06,musedata_bach,musedata_stage2,ok,,5,5,0.0,1872,200,0.1
musedata_bach-bg-cant-0153,musedata_bach-bg-cant-0153--07,musedata_bach,musedata_stage2,ok,,2,2,0.0,223,21,0.0
musedata_bach-bg-cant-0153,musedata_bach-bg-cant-0153--08,musedata_bach,musedata_stage2,ok,,5,5,0.0,1582,160,0.0
musedata_bach-bg-cant-0153,musedata_bach-bg-cant-0153--09,musedata_bach,musedata_stage2,ok,,8,4,0.5,143,0,0.0
musedata_bach-bg-cant-0154,musedata_bach-bg-cant-0154--01,musedata_bach,musedata_stage2,ok,,5,5,0.0,987,283,0.0
musedata_bach-bg-cant-0154,musedata_bach-bg-cant-0154--02,musedata_bach,musedata_stage2,ok,,2,2,0.0,67,9,0.0
musedata_bach-bg-cant-0154,musedata_bach-bg-cant-0154--03,musedata_bach,musedata_stage2,ok,,8,7,0.125,357,0,0.0
musedata_bach-bg-cant-0154,musedata_bach-bg-cant-0154--04,musedata_bach,musedata_stage2,ok,,7,4,0.429,1673,140,0.2
musedata_bach-bg-cant-0154,musedata_bach-bg-cant-0154--05,musedata_bach,musedata_stage2,ok,,2,2,0.0,325,15,0.0
musedata_bach-bg-cant-0154,musedata_bach-bg-cant-0154--06,musedata_bach,musedata_stage2,ok,,2,2,0.0,218,38,0.0
musedata_bach-bg-cant-0154,musedata_bach-bg-cant-0154--07,musedata_bach,musedata_stage2,ok,,10,8,0.2,3210,923,0.3
musedata_bach-bg-cant-0154,musedata_bach-bg-cant-0154--08,musedata_bach,musedata_stage2,ok,,8,5,0.375,304,0,0.0
musedata_bach-bg-cant-0155,musedata_bach-bg-cant-0155--01,musedata_bach,musedata_stage1,ok,,5,5,0.0,459,59,0.1
musedata_bach-bg-cant-0155,musedata_bach-bg-cant-0155--02,musedata_bach,musedata_stage1,ok,,4,4,0.0,1224,157,0.3
musedata_bach-bg-cant-0155,musedata_bach-bg-cant-0155--03,musedata_bach,musedata_stage1,ok,,2,2,0.0,257,27,0.1
musedata_bach-bg-cant-0155,musedata_bach-bg-cant-0155--04,musedata_bach,musedata_stage1,ok,,5,5,0.0,1208,114,0.3
musedata_bach-bg-cant-0155,musedata_bach-bg-cant-0155--05,musedata_bach,musedata_stage1,ok,,5,4,0.2,214,10,0.1
musedata_bach-bg-cant-0158,musedata_bach-bg-cant-0158--01,musedata_bach,musedata_stage1,ok,,2,2,0.0,214,24,0.0
musedata_bach-bg-cant-0158,musedata_bach-bg-cant-0158--02,musedata_bach,musedata_stage1,ok,,4,4,0.0,2276,258,0.7
musedata_bach-bg-cant-0158,musedata_bach-bg-cant-0158--03,musedata_bach,musedata_stage1,ok,,2,2,0.0,220,18,0.0
musedata_bach-bg-cant-0158,musedata_bach-bg-cant-0158--04,musedata_bach,musedata_stage1,ok,,5,4,0.2,196,15,0.1
musedata_bach-bg-cant-0162,musedata_bach-bg-cant-0162--01,musedata_bach,musedata_stage2,ok,,7,6,0.143,1956,260,0.1
musedata_bach-bg-cant-0162,musedata_bach-bg-cant-0162--02,musedata_bach,musedata_stage2,ok,,2,2,0.0,192,25,0.0
musedata_bach-bg-cant-0162,musedata_bach-bg-cant-0162--03,musedata_bach,musedata_stage2,ok,,2,2,0.0,637,54,0.0
musedata_bach-bg-cant-0162,musedata_bach-bg-cant-0162--04,musedata_bach,musedata_stage2,ok,,2,2,0.0,184,27,0.0
musedata_bach-bg-cant-0162,musedata_bach-bg-cant-0162--05,musedata_bach,musedata_stage2,ok,,3,3,0.0,1718,110,0.1
musedata_bach-bg-cant-0162,musedata_bach-bg-cant-0162--06,musedata_bach,musedata_stage2,ok,,9,4,0.556,222,0,0.1
musedata_bach-bg-cant-0163,musedata_bach-bg-cant-0163--01,musedata_bach,musedata_stage2,ok,,6,5,0.167,1278,276,0.1
musedata_bach-bg-cant-0163,musedata_bach-bg-cant-0163--02,musedata_bach,musedata_stage2,ok,,2,2,0.0,180,28,0.0
musedata_bach-bg-cant-0163,musedata_bach-bg-cant-0163--03,musedata_bach,musedata_stage2,ok,,4,4,0.0,1724,127,0.1
musedata_bach-bg-cant-0163,musedata_bach-bg-cant-0163--04,musedata_bach,musedata_stage2,ok,,3,3,0.0,797,67,0.0
musedata_bach-bg-cant-0163,musedata_bach-bg-cant-0163--05,musedata_bach,musedata_stage2,ok,,4,4,0.0,1066,128,0.1
musedata_bach-bg-cant-0163,musedata_bach-bg-cant-0163--06,musedata_bach,musedata_stage2,ok,,1,1,0.0,43,5,0.0
musedata_bach-bg-cant-0165,musedata_bach-bg-cant-0165--01,musedata_bach,musedata_stage2,ok,,6,6,0.0,2055,206,0.1
musedata_bach-bg-cant-0165,musedata_bach-bg-cant-0165--02,musedata_bach,musedata_stage2,ok,,2,2,0.0,154,27,0.0
musedata_bach-bg-cant-0165,musedata_bach-bg-cant-0165--03,musedata_bach,musedata_stage2,ok,,2,2,0.0,477,27,0.0
musedata_bach-bg-cant-0165,musedata_bach-bg-cant-0165--04,musedata_bach,musedata_stage2,ok,,6,5,0.167,423,46,0.0
musedata_bach-bg-cant-0165,musedata_bach-bg-cant-0165--05,musedata_bach,musedata_stage2,ok,,3,3,0.0,1135,74,0.1
musedata_bach-bg-cant-0165,musedata_bach-bg-cant-0165--06,musedata_bach,musedata_stage2,ok,,5,5,0.0,194,0,0.0
musedata_bach-bg-cant-0166,musedata_bach-bg-cant-0166--01,musedata_bach,musedata_stage1,ok,,6,5,0.167,656,288,0.3
musedata_bach-bg-cant-0166,musedata_bach-bg-cant-0166--02,musedata_bach,musedata_stage1,ok,,3,3,0.0,1052,77,0.2
musedata_bach-bg-cant-0166,musedata_bach-bg-cant-0166--03,musedata_bach,musedata_stage1,ok,,3,3,0.0,985,85,0.2
musedata_bach-bg-cant-0166,musedata_bach-bg-cant-0166--04,musedata_bach,musedata_stage1,ok,,2,2,0.0,111,13,0.0
musedata_bach-bg-cant-0166,musedata_bach-bg-cant-0166--05,musedata_bach,musedata_stage1,ok,,6,5,0.167,1567,188,0.5
musedata_bach-bg-cant-0166,musedata_bach-bg-cant-0166--06,musedata_bach,musedata_stage1,ok,,5,5,0.0,177,10,0.0
musedata_bach-bg-cant-0171,musedata_bach-bg-cant-0171--01,musedata_bach,musedata_stage2,ok,,14,13,0.071,2564,482,0.2
musedata_bach-bg-cant-0171,musedata_bach-bg-cant-0171--02,musedata_bach,musedata_stage2,ok,,4,4,0.0,2736,191,0.1
musedata_bach-bg-cant-0171,musedata_bach-bg-cant-0171--03,musedata_bach,musedata_stage2,ok,,2,2,0.0,111,17,0.0
musedata_bach-bg-cant-0171,musedata_bach-bg-cant-0171--04,musedata_bach,musedata_stage2,ok,,3,3,0.0,1990,103,0.1
musedata_bach-bg-cant-0171,musedata_bach-bg-cant-0171--05,musedata_bach,musedata_stage2,ok,,4,4,0.0,342,58,0.0
musedata_bach-bg-cant-0171,musedata_bach-bg-cant-0171--06,musedata_bach,musedata_stage2,ok,,13,8,0.385,601,237,0.1
musedata_bach-bg-cant-0172,musedata_bach-bg-cant-0172--01,musedata_bach,musedata_stage1,ok,,14,14,0.0,3879,969,1.9
musedata_bach-bg-cant-0172,musedata_bach-bg-cant-0172--02,musedata_bach,musedata_stage1,ok,,2,2,0.0,137,10,0.0
musedata_bach-bg-cant-0172,musedata_bach-bg-cant-0172--03,musedata_bach,musedata_stage1,ok,,7,6,0.143,1581,150,0.4
musedata_bach-bg-cant-0172,musedata_bach-bg-cant-0172--04,musedata_bach,musedata_stage1,ok,,3,3,0.0,1105,54,0.4
musedata_bach-bg-cant-0172,musedata_bach-bg-cant-0172--05,musedata_bach,musedata_stage1,ok,,6,5,0.167,1977,234,0.5
musedata_bach-bg-cant-0172,musedata_bach-bg-cant-0172--06,musedata_bach,musedata_stage1,ok,,9,6,0.333,398,27,0.1
musedata_bach-bg-cant-0173,musedata_bach-bg-cant-0173--01,musedata_bach,musedata_stage2,ok,,5,5,0.0,117,16,0.0
musedata_bach-bg-cant-0173,musedata_bach-bg-cant-0173--02,musedata_bach,musedata_stage2,ok,,6,5,0.167,1743,243,0.1
musedata_bach-bg-cant-0173,musedata_bach-bg-cant-0173--03,musedata_bach,musedata_stage2,ok,,5,5,0.0,1173,135,0.1
musedata_bach-bg-cant-0173,musedata_bach-bg-cant-0173--04,musedata_bach,musedata_stage2,ok,,8,8,0.0,3303,354,0.2
musedata_bach-bg-cant-0173,musedata_bach-bg-cant-0173--05,musedata_bach,musedata_stage2,ok,,3,3,0.0,337,31,0.0
musedata_bach-bg-cant-0173,musedata_bach-bg-cant-0173--06,musedata_bach,musedata_stage2,ok,,9,9,0.0,2092,245,0.1
musedata_bach-bg-cant-0174,musedata_bach-bg-cant-0174--01,musedata_bach,musedata_stage1,ok,,15,12,0.2,10917,1878,4.2
musedata_bach-bg-cant-0174,musedata_bach-bg-cant-0174--02,musedata_bach,musedata_stage1,ok,,4,4,0.0,2019,187,0.4
musedata_bach-bg-cant-0174,musedata_bach-bg-cant-0174--03,musedata_bach,musedata_stage1,ok,,4,4,0.0,174,27,0.0
musedata_bach-bg-cant-0174,musedata_bach-bg-cant-0174--04,musedata_bach,musedata_stage1,ok,,3,3,0.0,1704,115,0.4
musedata_bach-bg-cant-0174,musedata_bach-bg-cant-0174--05,musedata_bach,musedata_stage1,ok,,8,5,0.375,620,16,0.1
musedata_bach-bg-cant-0175,musedata_bach-bg-cant-0175--01,musedata_bach,musedata_stage1,ok,,5,5,0.0,198,7,0.0
musedata_bach-bg-cant-0175,musedata_bach-bg-cant-0175--02,musedata_bach,musedata_stage1,ok,,5,5,0.0,1757,200,0.4
musedata_bach-bg-cant-0175,musedata_bach-bg-cant-0175--03,musedata_bach,musedata_stage1,ok,,2,2,0.0,38,12,0.0
musedata_bach-bg-cant-0175,musedata_bach-bg-cant-0175--04,musedata_bach,musedata_stage1,ok,,3,3,0.0,1802,73,0.6
musedata_bach-bg-cant-0175,musedata_bach-bg-cant-0175--05,musedata_bach,musedata_stage1,ok,,6,6,0.0,327,49,0.1
musedata_bach-bg-cant-0175,musedata_bach-bg-cant-0175--06,musedata_bach,musedata_stage1,ok,,4,4,0.0,1357,159,0.3
musedata_bach-bg-cant-0175,musedata_bach-bg-cant-0175--07,musedata_bach,musedata_stage1,ok,,11,6,0.455,644,55,0.3
musedata_bach-bg-cant-0176,musedata_bach-bg-cant-0176--01,musedata_bach,musedata_stage1,ok,,11,8,0.273,2383,189,0.7
musedata_bach-bg-cant-0176,musedata_bach-bg-cant-0176--02,musedata_bach,musedata_stage1,ok,,2,2,0.0,80,11,0.0
musedata_bach-bg-cant-0176,musedata_bach-bg-cant-0176--03,musedata_bach,musedata_stage1,ok,,5,5,0.0,1500,120,0.5
musedata_bach-bg-cant-0176,musedata_bach-bg-cant-0176--04a,musedata_bach,musedata_stage1,ok,,2,2,0.0,61,8,0.0
musedata_bach-bg-cant-0176,musedata_bach-bg-cant-0176--04b,musedata_bach,musedata_stage1,ok,,2,2,0.0,261,42,0.1
musedata_bach-bg-cant-0176,musedata_bach-bg-cant-0176--05,musedata_bach,musedata_stage1,ok,,3,3,0.0,1000,133,0.4
musedata_bach-bg-cant-0176,musedata_bach-bg-cant-0176--06,musedata_bach,musedata_stage1,ok,,5,4,0.2,360,10,0.1
musedata_bach-bg-cant-0178,musedata_bach-bg-cant-0178--01,musedata_bach,musedata_stage1,ok,,11,10,0.091,6681,1207,2.3
musedata_bach-bg-cant-0178,musedata_bach-bg-cant-0178--02,musedata_bach,musedata_stage1,ok,,2,2,0.0,440,35,0.1
musedata_bach-bg-cant-0178,musedata_bach-bg-cant-0178--03,musedata_bach,musedata_stage1,ok,,3,3,0.0,2288,56,0.6
musedata_bach-bg-cant-0178,musedata_bach-bg-cant-0178--04,musedata_bach,musedata_stage1,ok,,4,4,0.0,942,148,0.2
musedata_bach-bg-cant-0178,musedata_bach-bg-cant-0178--05,musedata_bach,musedata_stage1,ok,,5,5,0.0,573,124,0.2
musedata_bach-bg-cant-0178,musedata_bach-bg-cant-0178--06,musedata_bach,musedata_stage1,ok,,5,5,0.0,1977,411,0.7
musedata_bach-bg-cant-0178,musedata_bach-bg-cant-0178--07,musedata_bach,musedata_stage1,ok,,6,5,0.167,238,11,0.1
musedata_bach-bg-cant-0181,musedata_bach-bg-cant-0181--01,musedata_bach,musedata_stage1,ok,,7,6,0.143,2266,565,0.9
musedata_bach-bg-cant-0181,musedata_bach-bg-cant-0181--02,musedata_bach,musedata_stage1,ok,,2,2,0.0,259,23,0.1
musedata_bach-bg-cant-0181,musedata_bach-bg-cant-0181--03,musedata_bach,musedata_stage1,ok,,2,2,0.0,679,137,0.4
musedata_bach-bg-cant-0181,musedata_bach-bg-cant-0181--04,musedata_bach,musedata_stage1,ok,,2,2,0.0,80,11,0.0
musedata_bach-bg-cant-0181,musedata_bach-bg-cant-0181--05,musedata_bach,musedata_stage1,ok,,11,10,0.091,2805,473,0.8
musedata_bach-bg-cant-0183,musedata_bach-bg-cant-0183--01,musedata_bach,musedata_stage1,ok,,6,6,0.0,75,11,0.0
musedata_bach-bg-cant-0183,musedata_bach-bg-cant-0183--02,musedata_bach,musedata_stage1,ok,,3,3,0.0,1348,91,0.3
musedata_bach-bg-cant-0183,musedata_bach-bg-cant-0183--03,musedata_bach,musedata_stage1,ok,,9,9,0.0,270,99,0.1
musedata_bach-bg-cant-0183,musedata_bach-bg-cant-0183--04,musedata_bach,musedata_stage1,ok,,6,6,0.0,1874,320,0.8
musedata_bach-bg-cant-0183,musedata_bach-bg-cant-0183--05,musedata_bach,musedata_stage1,ok,,5,4,0.2,240,10,0.1
musedata_bach-bg-cant-0184,musedata_bach-bg-cant-0184--01,musedata_bach,musedata_stage1,ok,,4,4,0.0,1225,140,0.3
musedata_bach-bg-cant-0184,musedata_bach-bg-cant-0184--02,musedata_bach,musedata_stage1,ok,,8,7,0.125,3735,777,2.7
musedata_bach-bg-cant-0184,musedata_bach-bg-cant-0184--03,musedata_bach,musedata_stage1,ok,,2,2,0.0,283,21,0.1
musedata_bach-bg-cant-0184,musedata_bach-bg-cant-0184--04,musedata_bach,musedata_stage1,ok,,3,3,0.0,1598,67,0.6
musedata_bach-bg-cant-0184,musedata_bach-bg-cant-0184--05,musedata_bach,musedata_stage1,ok,,5,5,0.0,404,10,0.1
musedata_bach-bg-cant-0184,musedata_bach-bg-cant-0184--06,musedata_bach,musedata_stage1,ok,,9,9,0.0,1527,358,0.5
musedata_bach-bg-cant-0186,musedata_bach-bg-cant-0186--01,musedata_bach,musedata_stage1,ok,,11,8,0.273,1976,297,0.7
musedata_bach-bg-cant-0186,musedata_bach-bg-cant-0186--02,musedata_bach,musedata_stage1,ok,,2,2,0.0,180,26,0.0
musedata_bach-bg-cant-0186,musedata_bach-bg-cant-0186--03,musedata_bach,musedata_stage1,ok,,2,2,0.0,665,31,0.3
musedata_bach-bg-cant-0186,musedata_bach-bg-cant-0186--04,musedata_bach,musedata_stage1,ok,,2,2,0.0,329,39,0.1
musedata_bach-bg-cant-0186,musedata_bach-bg-cant-0186--05,musedata_bach,musedata_stage1,ok,,3,3,0.0,993,53,0.2
musedata_bach-bg-cant-0186,musedata_bach-bg-cant-0186--06,musedata_bach,musedata_stage1,ok,,10,10,0.0,1557,335,0.3
musedata_bach-bg-cant-0186,musedata_bach-bg-cant-0186--07,musedata_bach,musedata_stage1,ok,,5,5,0.0,335,42,0.1
musedata_bach-bg-cant-0186,musedata_bach-bg-cant-0186--08,musedata_bach,musedata_stage1,ok,,3,3,0.0,975,92,0.2
musedata_bach-bg-cant-0186,musedata_bach-bg-cant-0186--09,musedata_bach,musedata_stage1,ok,,2,2,0.0,188,22,0.0
musedata_bach-bg-cant-0186,musedata_bach-bg-cant-0186--10,musedata_bach,musedata_stage1,ok,,9,7,0.222,2471,972,2.6
musedata_bach-bg-cant-0187,musedata_bach-bg-cant-0187--01,musedata_bach,musedata_stage1,ok,,10,10,0.0,7371,686,2.2
musedata_bach-bg-cant-0187,musedata_bach-bg-cant-0187--02,musedata_bach,musedata_stage1,ok,,2,2,0.0,116,16,0.0
musedata_bach-bg-cant-0187,musedata_bach-bg-cant-0187--03,musedata_bach,musedata_stage1,ok,,5,5,0.0,1717,434,1.2
musedata_bach-bg-cant-0187,musedata_bach-bg-cant-0187--04,musedata_bach,musedata_stage1,ok,,3,3,0.0,997,111,0.3
musedata_bach-bg-cant-0187,musedata_bach-bg-cant-0187--05a,musedata_bach,musedata_stage1,ok,,3,3,0.0,619,78,0.1
musedata_bach-bg-cant-0187,musedata_bach-bg-cant-0187--05b,musedata_bach,musedata_stage1,ok,,3,3,0.0,351,99,0.1
musedata_bach-bg-cant-0187,musedata_bach-bg-cant-0187--05c,musedata_bach,musedata_stage1,ok,,3,3,0.0,124,187,0.1
musedata_bach-bg-cant-0187,musedata_bach-bg-cant-0187--06,musedata_bach,musedata_stage1,ok,,5,5,0.0,201,20,0.0
musedata_bach-bg-cant-0187,musedata_bach-bg-cant-0187--07,musedata_bach,musedata_stage1,ok,,7,4,0.429,279,0,0.1
musedata_bach-bg-cant-0190,musedata_bach-bg-cant-0190--01,musedata_bach,musedata_stage1,ok,,6,6,0.0,3905,464,1.5
musedata_bach-bg-cant-0190,musedata_bach-bg-cant-0190--02,musedata_bach,musedata_stage1,ok,,6,4,0.333,170,124,0.1
musedata_bach-bg-cant-0190,musedata_bach-bg-cant-0190--03,musedata_bach,musedata_stage1,ok,,5,5,0.0,1486,88,0.4
musedata_bach-bg-cant-0190,musedata_bach-bg-cant-0190--04,musedata_bach,musedata_stage1,ok,,2,2,0.0,152,26,0.1
musedata_bach-bg-cant-0190,musedata_bach-bg-cant-0190--05,musedata_bach,musedata_stage1,ok,,4,4,0.0,913,101,0.2
musedata_bach-bg-cant-0190,musedata_bach-bg-cant-0190--06,musedata_bach,musedata_stage1,ok,,5,5,0.0,207,29,0.1
musedata_bach-bg-cant-0190,musedata_bach-bg-cant-0190--07,musedata_bach,musedata_stage1,ok,,15,10,0.333,1094,158,0.3
musedata_bach-bg-cant-0191,musedata_bach-bg-cant-0191--01a,musedata_bach,musedata_stage1,ok,,15,15,0.0,3074,848,1.4
musedata_bach-bg-cant-0191,musedata_bach-bg-cant-0191--01b,musedata_bach,musedata_stage1,ok,,15,15,0.0,4630,2490,2.4
musedata_bach-bg-cant-0191,musedata_bach-bg-cant-0191--02,musedata_bach,musedata_stage1,ok,,7,7,0.0,2529,428,0.8
musedata_bach-bg-cant-0191,musedata_bach-bg-cant-0191--03,musedata_bach,musedata_stage1,ok,,18,17,0.056,9808,1475,4.4
musedata_bach-bg-cant-0195,musedata_bach-bg-cant-0195--01a,musedata_bach,musedata_stage1,ok,,18,15,0.167,4300,746,1.2
musedata_bach-bg-cant-0195,musedata_bach-bg-cant-0195--01b,musedata_bach,musedata_stage1,ok,,18,14,0.222,3583,1638,1.8
musedata_bach-bg-cant-0195,musedata_bach-bg-cant-0195--02,musedata_bach,musedata_stage1,ok,,2,2,0.0,256,22,0.1
musedata_bach-bg-cant-0195,musedata_bach-bg-cant-0195--03,musedata_bach,musedata_stage1,ok,,7,5,0.286,1962,479,1.7
musedata_bach-bg-cant-0195,musedata_bach-bg-cant-0195--04,musedata_bach,musedata_stage1,ok,,6,6,0.0,458,78,0.1
musedata_bach-bg-cant-0195,musedata_bach-bg-cant-0195--05,musedata_bach,musedata_stage1,ok,,16,14,0.125,4846,1202,2.5
musedata_bach-bg-cant-0195,musedata_bach-bg-cant-0195--06,musedata_bach,musedata_stage1,ok,,12,8,0.333,370,52,0.1
musedata_bach-bg-cant-0196,musedata_bach-bg-cant-0196--01,musedata_bach,musedata_stage1,ok,,5,5,0.0,890,54,0.2
musedata_bach-bg-cant-0196,musedata_bach-bg-cant-0196--02,musedata_bach,musedata_stage1,ok,,9,9,0.0,2070,202,0.5
musedata_bach-bg-cant-0196,musedata_bach-bg-cant-0196--03,musedata_bach,musedata_stage1,ok,,3,3,0.0,559,28,0.1
musedata_bach-bg-cant-0196,musedata_bach-bg-cant-0196--04,musedata_bach,musedata_stage1,ok,,7,7,0.0,917,280,0.3
musedata_bach-bg-cant-0196,musedata_bach-bg-cant-0196--05,musedata_bach,musedata_stage1,ok,,9,9,0.0,3456,404,0.9
musedata_bach-bg-cant-0197,musedata_bach-bg-cant-0197--01,musedata_bach,musedata_stage1,ok,,14,14,0.0,4972,1309,2.2
musedata_bach-bg-cant-0197,musedata_bach-bg-cant-0197--02,musedata_bach,musedata_stage1,ok,,2,2,0.0,165,17,0.0
musedata_bach-bg-cant-0197,musedata_bach-bg-cant-0197--03a,musedata_bach,musedata_stage1,ok,,6,6,0.0,1576,246,0.5
musedata_bach-bg-cant-0197,musedata_bach-bg-cant-0197--03b,musedata_bach,musedata_stage1,ok,,6,6,0.0,775,534,0.3
musedata_bach-bg-cant-0197,musedata_bach-bg-cant-0197--03c,musedata_bach,musedata_stage1,ok,,6,6,0.0,1286,794,0.6
musedata_bach-bg-cant-0197,musedata_bach-bg-cant-0197--04,musedata_bach,musedata_stage1,ok,,5,5,0.0,118,44,0.0
musedata_bach-bg-cant-0197,musedata_bach-bg-cant-0197--05,musedata_bach,musedata_stage1,ok,,4,4,0.0,279,8,0.1
musedata_bach-bg-cant-0197,musedata_bach-bg-cant-0197--06,musedata_bach,musedata_stage1,ok,,6,6,0.0,3363,456,0.8
musedata_bach-bg-cant-0197,musedata_bach-bg-cant-0197--07,musedata_bach,musedata_stage1,ok,,2,2,0.0,301,38,0.1
musedata_bach-bg-cant-0197,musedata_bach-bg-cant-0197--08,musedata_bach,musedata_stage1,ok,,5,5,0.0,1917,406,0.6
musedata_bach-bg-cant-0197,musedata_bach-bg-cant-0197--09,musedata_bach,musedata_stage1,ok,,7,7,0.0,160,51,0.0
musedata_bach-bg-cant-0197,musedata_bach-bg-cant-0197--10,musedata_bach,musedata_stage1,ok,,5,5,0.0,190,15,0.0
musedata_bach-bg-cant-0197a,musedata_bach-bg-cant-0197a--04,musedata_bach,musedata_stage1,ok,,5,5,0.0,742,84,0.2
musedata_bach-bg-cant-0197a,musedata_bach-bg-cant-0197a--05,musedata_bach,musedata_stage1,ok,,2,2,0.0,149,25,0.0
musedata_bach-bg-cant-0197a,musedata_bach-bg-cant-0197a--06,musedata_bach,musedata_stage1,ok,,3,3,0.0,1319,126,0.4
musedata_bach-bg-cant-0197a,musedata_bach-bg-cant-0197a--07,musedata_bach,musedata_stage1,ok,,4,4,0.0,258,28,0.1
musedata_bach-bg-cant-0213,musedata_bach-bg-cant-0213--01,musedata_bach,musedata_stage2,ok,,12,12,0.0,5871,1181,0.4
musedata_bach-bg-cant-0213,musedata_bach-bg-cant-0213--02,musedata_bach,musedata_stage2,ok,,2,2,0.0,76,14,0.0
musedata_bach-bg-cant-0213,musedata_bach-bg-cant-0213--03,musedata_bach,musedata_stage2,ok,,5,5,0.0,1953,417,0.2
musedata_bach-bg-cant-0213,musedata_bach-bg-cant-0213--04,musedata_bach,musedata_stage2,ok,,3,3,0.0,147,50,0.0
musedata_bach-bg-cant-0213,musedata_bach-bg-cant-0213--05,musedata_bach,musedata_stage2,ok,,4,4,0.0,1274,594,0.1
musedata_bach-bg-cant-0213,musedata_bach-bg-cant-0213--06,musedata_bach,musedata_stage2,ok,,2,2,0.0,105,22,0.0
musedata_bach-bg-cant-0213,musedata_bach-bg-cant-0213--07,musedata_bach,musedata_stage2,ok,,4,4,0.0,2064,304,0.1
musedata_bach-bg-cant-0213,musedata_bach-bg-cant-0213--08,musedata_bach,musedata_stage2,ok,,2,2,0.0,70,13,0.0
musedata_bach-bg-cant-0213,musedata_bach-bg-cant-0213--09,musedata_bach,musedata_stage2,ok,,3,3,0.0,1199,170,0.1
musedata_bach-bg-cant-0213,musedata_bach-bg-cant-0213--10,musedata_bach,musedata_stage2,ok,,3,3,0.0,94,27,0.0
musedata_bach-bg-cant-0213,musedata_bach-bg-cant-0213--11,musedata_bach,musedata_stage2,ok,,5,5,0.0,2554,413,0.1
musedata_bach-bg-cant-0213,musedata_bach-bg-cant-0213--12,musedata_bach,musedata_stage2,ok,,5,5,0.0,192,31,0.0
musedata_bach-bg-cant-0213,musedata_bach-bg-cant-0213--13,musedata_bach,musedata_stage2,ok,,12,11,0.083,2225,480,0.2
musedata_bach-bg-chamb-1030,musedata_bach-bg-chamb-1030--01,musedata_bach,musedata_stage1,ok,,4,4,0.0,3903,312,1.6
musedata_bach-bg-chamb-1030,musedata_bach-bg-chamb-1030--02,musedata_bach,musedata_stage1,ok,,5,5,0.0,513,37,0.1
musedata_bach-bg-chamb-1030,musedata_bach-bg-chamb-1030--03a,musedata_bach,musedata_stage1,ok,,3,3,0.0,1089,40,0.4
musedata_bach-bg-chamb-1030,musedata_bach-bg-chamb-1030--03b,musedata_bach,musedata_stage1,ok,,4,4,0.0,1422,606,0.6
musedata_bach-bg-chamb-1032,musedata_bach-bg-chamb-1032--01,musedata_bach,musedata_stage1,ok,,4,4,0.0,1789,340,0.6
musedata_bach-bg-chamb-1032,musedata_bach-bg-chamb-1032--02,musedata_bach,musedata_stage1,ok,,4,4,0.0,727,77,0.4
musedata_bach-bg-chamb-1032,musedata_bach-bg-chamb-1032--03,musedata_bach,musedata_stage1,ok,,3,3,0.0,2744,136,2.3
musedata_bach-bg-chamb-1034,musedata_bach-bg-chamb-1034--01,musedata_bach,musedata_stage1,ok,,2,2,0.0,619,9,0.1
musedata_bach-bg-chamb-1034,musedata_bach-bg-chamb-1034--02,musedata_bach,musedata_stage1,ok,,2,2,0.0,1433,88,0.4
musedata_bach-bg-chamb-1034,musedata_bach-bg-chamb-1034--03,musedata_bach,musedata_stage1,ok,,2,2,0.0,654,18,0.2
musedata_bach-bg-chamb-1034,musedata_bach-bg-chamb-1034--04,musedata_bach,musedata_stage1,ok,,2,2,0.0,1280,76,0.4
musedata_bach-bg-chamb-1035,musedata_bach-bg-chamb-1035--01,musedata_bach,musedata_stage1,ok,,2,2,0.0,482,22,0.1
musedata_bach-bg-chamb-1035,musedata_bach-bg-chamb-1035--02,musedata_bach,musedata_stage1,ok,,2,2,0.0,778,68,0.3
musedata_bach-bg-chamb-1035,musedata_bach-bg-chamb-1035--03,musedata_bach,musedata_stage1,ok,,2,2,0.0,351,10,0.1
musedata_bach-bg-chamb-1035,musedata_bach-bg-chamb-1035--04,musedata_bach,musedata_stage1,ok,,2,2,0.0,687,76,0.2
musedata_bach-bg-chamb-1039,musedata_bach-bg-chamb-1039--01,musedata_bach,musedata_stage1,ok,,3,3,0.0,1001,29,0.2
musedata_bach-bg-chamb-1039,musedata_bach-bg-chamb-1039--02,musedata_bach,musedata_stage1,ok,,3,3,0.0,2175,85,0.8
musedata_bach-bg-chamb-1039,musedata_bach-bg-chamb-1039--03,musedata_bach,musedata_stage1,ok,,3,3,0.0,496,10,0.1
musedata_bach-bg-chamb-1039,musedata_bach-bg-chamb-1039--04,musedata_bach,musedata_stage1,ok,,3,3,0.0,2075,85,0.8
musedata_bach-bg-chorals-0253,musedata_bach-bg-chorals-0253--01,musedata_bach,musedata_stage2,ok,,4,4,0.0,164,0,0.0
musedata_bach-bg-chorals-0254,musedata_bach-bg-chorals-0254--01,musedata_bach,musedata_stage2,ok,,4,4,0.0,215,0,0.0
musedata_bach-bg-chorals-0255,musedata_bach-bg-chorals-0255--01,musedata_bach,musedata_stage2,ok,,4,4,0.0,142,0,0.0
musedata_bach-bg-chorals-0256,musedata_bach-bg-chorals-0256--01,musedata_bach,musedata_stage2,ok,,4,4,0.0,207,0,0.0
musedata_bach-bg-chorals-0257,musedata_bach-bg-chorals-0257--01,musedata_bach,musedata_stage2,ok,,4,4,0.0,203,0,0.1
musedata_bach-bg-chorals-0258,musedata_bach-bg-chorals-0258--01,musedata_bach,musedata_stage2,ok,,4,4,0.0,191,0,0.0
musedata_bach-bg-chorals-0259,musedata_bach-bg-chorals-0259--01,musedata_bach,musedata_stage2,ok,,4,4,0.0,234,0,0.0
musedata_bach-bg-chorals-0260,musedata_bach-bg-chorals-0260--01,musedata_bach,musedata_stage2,ok,,4,4,0.0,216,0,0.0
musedata_bach-bg-chorals-0261,musedata_bach-bg-chorals-0261--01,musedata_bach,musedata_stage2,ok,,4,4,0.0,295,32,0.0
musedata_bach-bg-chorals-0262,musedata_bach-bg-chorals-0262--01,musedata_bach,musedata_stage2,ok,,4,4,0.0,202,0,0.0
musedata_bach-bg-chorals-0263,musedata_bach-bg-chorals-0263--01,musedata_bach,musedata_stage2,ok,,4,4,0.0,237,0,0.0
musedata_bach-bg-chorals-0264,musedata_bach-bg-chorals-0264--01,musedata_bach,musedata_stage2,ok,,4,4,0.0,149,12,0.0
musedata_bach-bg-chorals-0265,musedata_bach-bg-chorals-0265--01,musedata_bach,musedata_stage2,ok,,4,4,0.0,148,0,0.0
musedata_bach-bg-chorals-0266,musedata_bach-bg-chorals-0266--01,musedata_bach,musedata_stage2,ok,,4,4,0.0,237,0,0.0
musedata_bach-bg-chorals-0267,musedata_bach-bg-chorals-0267--01,musedata_bach,musedata_stage2,ok,,4,4,0.0,329,0,0.0
musedata_bach-bg-chorals-0268,musedata_bach-bg-chorals-0268--01,musedata_bach,musedata_stage2,ok,,4,4,0.0,251,0,0.0
musedata_bach-bg-chorals-0269,musedata_bach-bg-chorals-0269--01,musedata_bach,musedata_stage2,ok,,4,4,0.0,227,0,0.0
musedata_bach-bg-chorals-0270,musedata_bach-bg-chorals-0270--01,musedata_bach,musedata_stage2,ok,,4,4,0.0,206,0,0.0
musedata_bach-bg-chorals-0271,musedata_bach-bg-chorals-0271--01,musedata_bach,musedata_stage2,ok,,4,4,0.0,202,0,0.0
musedata_bach-bg-chorals-0272,musedata_bach-bg-chorals-0272--01,musedata_bach,musedata_stage2,ok,,4,4,0.0,196,0,0.0
musedata_bach-bg-chorals-0273,musedata_bach-bg-chorals-0273--01,musedata_bach,musedata_stage2,ok,,4,4,0.0,211,0,0.0
musedata_bach-bg-chorals-0274,musedata_bach-bg-chorals-0274--01,musedata_bach,musedata_stage2,ok,,4,4,0.0,183,0,0.0
musedata_bach-bg-chorals-0275,musedata_bach-bg-chorals-0275--01,musedata_bach,musedata_stage2,ok,,4,4,0.0,233,12,0.0
musedata_bach-bg-chorals-0276,musedata_bach-bg-chorals-0276--01,musedata_bach,musedata_stage2,ok,,4,4,0.0,578,4,0.0
musedata_bach-bg-chorals-0277,musedata_bach-bg-chorals-0277--01,musedata_bach,musedata_stage2,ok,,4,4,0.0,237,4,0.0
musedata_bach-bg-chorals-0278,musedata_bach-bg-chorals-0278--01,musedata_bach,musedata_stage2,ok,,4,4,0.0,245,4,0.0
musedata_bach-bg-chorals-0280,musedata_bach-bg-chorals-0280--01,musedata_bach,musedata_stage2,ok,,4,4,0.0,279,0,0.0
musedata_bach-bg-chorals-0281,musedata_bach-bg-chorals-0281--01,musedata_bach,musedata_stage2,ok,,4,4,0.0,125,4,0.0
musedata_bach-bg-chorals-0282,musedata_bach-bg-chorals-0282--01,musedata_bach,musedata_stage2,ok,,4,4,0.0,148,14,0.0
musedata_bach-bg-chorals-0283,musedata_bach-bg-chorals-0283--01,musedata_bach,musedata_stage2,ok,,4,4,0.0,321,0,0.0
musedata_bach-bg-chorals-0284,musedata_bach-bg-chorals-0284--01,musedata_bach,musedata_stage2,ok,,4,4,0.0,264,0,0.0
musedata_bach-bg-chorals-0285,musedata_bach-bg-chorals-0285--01,musedata_bach,musedata_stage2,ok,,4,4,0.0,247,0,0.0
musedata_bach-bg-chorals-0286,musedata_bach-bg-chorals-0286--01,musedata_bach,musedata_stage2,ok,,4,4,0.0,109,0,0.0
musedata_bach-bg-chorals-0287,musedata_bach-bg-chorals-0287--01,musedata_bach,musedata_stage2,ok,,4,4,0.0,202,0,0.0
musedata_bach-bg-chorals-0288,musedata_bach-bg-chorals-0288--01,musedata_bach,musedata_stage2,ok,,4,4,0.0,249,0,0.0
musedata_bach-bg-chorals-0289,musedata_bach-bg-chorals-0289--01,musedata_bach,musedata_stage2,ok,,4,4,0.0,224,0,0.0
musedata_bach-bg-chorals-0290,musedata_bach-bg-chorals-0290--01,musedata_bach,musedata_stage2,ok,,4,4,0.0,153,0,0.0
musedata_bach-bg-chorals-0291,musedata_bach-bg-chorals-0291--01,musedata_bach,musedata_stage2,ok,,4,4,0.0,188,4,0.0
musedata_bach-bg-chorals-0292,musedata_bach-bg-chorals-0292--01,musedata_bach,musedata_stage2,ok,,4,4,0.0,257,0,0.0
musedata_bach-bg-chorals-0293,musedata_bach-bg-chorals-0293--01,musedata_bach,musedata_stage2,ok,,4,4,0.0,152,0,0.0
musedata_bach-bg-chorals-0294,musedata_bach-bg-chorals-0294--01,musedata_bach,musedata_stage2,ok,,4,4,0.0,296,0,0.0
musedata_bach-bg-chorals-0295,musedata_bach-bg-chorals-0295--01,musedata_bach,musedata_stage2,ok,,4,4,0.0,184,0,0.0
musedata_bach-bg-chorals-0296,musedata_bach-bg-chorals-0296--01,musedata_bach,musedata_stage2,ok,,4,4,0.0,197,20,0.0
musedata_bach-bg-chorals-0297,musedata_bach-bg-chorals-0297--01,musedata_bach,musedata_stage2,ok,,4,4,0.0,213,0,0.0
musedata_bach-bg-chorals-0298,musedata_bach-bg-chorals-0298--01,musedata_bach,musedata_stage2,ok,,4,4,0.0,183,0,0.0
musedata_bach-bg-chorals-0299,musedata_bach-bg-chorals-0299--01,musedata_bach,musedata_stage2,ok,,4,4,0.0,208,0,0.0
musedata_bach-bg-chorals-0300,musedata_bach-bg-chorals-0300--01,musedata_bach,musedata_stage2,ok,,4,4,0.0,237,20,0.0
musedata_bach-bg-chorals-0301,musedata_bach-bg-chorals-0301--01,musedata_bach,musedata_stage2,ok,,4,4,0.0,232,0,0.0
musedata_bach-bg-chorals-0302,musedata_bach-bg-chorals-0302--01,musedata_bach,musedata_stage2,ok,,4,4,0.0,235,0,0.0
musedata_bach-bg-chorals-0303,musedata_bach-bg-chorals-0303--01,musedata_bach,musedata_stage2,ok,,4,4,0.0,239,0,0.0
musedata_bach-bg-chorals-0304,musedata_bach-bg-chorals-0304--01,musedata_bach,musedata_stage2,ok,,4,4,0.0,379,2,0.1
musedata_bach-bg-chorals-0305,musedata_bach-bg-chorals-0305--01,musedata_bach,musedata_stage2,ok,,4,4,0.0,289,0,0.0
musedata_bach-bg-chorals-0306,musedata_bach-bg-chorals-0306--01,musedata_bach,musedata_stage2,ok,,4,4,0.0,193,0,0.1
musedata_bach-bg-chorals-0307,musedata_bach-bg-chorals-0307--01,musedata_bach,musedata_stage2,ok,,4,4,0.0,194,0,0.0
musedata_bach-bg-chorals-0308,musedata_bach-bg-chorals-0308--01,musedata_bach,musedata_stage2,ok,,4,4,0.0,187,0,0.0
musedata_bach-bg-chorals-0309,musedata_bach-bg-chorals-0309--01,musedata_bach,musedata_stage2,ok,,4,4,0.0,242,0,0.0
musedata_bach-bg-chorals-0310,musedata_bach-bg-chorals-0310--01,musedata_bach,musedata_stage2,ok,,4,4,0.0,173,0,0.0
musedata_bach-bg-chorals-0311,musedata_bach-bg-chorals-0311--01,musedata_bach,musedata_stage2,ok,,4,4,0.0,293,4,0.0
musedata_bach-bg-chorals-0312,musedata_bach-bg-chorals-0312--01,musedata_bach,musedata_stage2,ok,,4,4,0.0,321,4,0.0
musedata_bach-bg-chorals-0313,musedata_bach-bg-chorals-0313--01,musedata_bach,musedata_stage2,ok,,4,4,0.0,202,0,0.0
musedata_bach-bg-chorals-0314,musedata_bach-bg-chorals-0314--01,musedata_bach,musedata_stage2,ok,,4,4,0.0,188,0,0.0
musedata_bach-bg-chorals-0315,musedata_bach-bg-chorals-0315--01,musedata_bach,musedata_stage2,ok,,4,4,0.0,252,8,0.0
musedata_bach-bg-chorals-0316,musedata_bach-bg-chorals-0316--01,musedata_bach,musedata_stage2,ok,,4,4,0.0,210,0,0.0
musedata_bach-bg-chorals-0317,musedata_bach-bg-chorals-0317--01,musedata_bach,musedata_stage2,ok,,4,4,0.0,292,0,0.0
musedata_bach-bg-chorals-0318,musedata_bach-bg-chorals-0318--01,musedata_bach,musedata_stage2,ok,,4,4,0.0,200,0,0.0
musedata_bach-bg-chorals-0319,musedata_bach-bg-chorals-0319--01,musedata_bach,musedata_stage2,ok,,4,4,0.0,212,0,0.0
musedata_bach-bg-chorals-0320,musedata_bach-bg-chorals-0320--01,musedata_bach,musedata_stage2,ok,,4,4,0.0,378,0,0.0
musedata_bach-bg-chorals-0321,musedata_bach-bg-chorals-0321--01,musedata_bach,musedata_stage2,ok,,4,4,0.0,153,0,0.0
musedata_bach-bg-chorals-0322,musedata_bach-bg-chorals-0322--01,musedata_bach,musedata_stage2,ok,,4,4,0.0,349,4,0.0
musedata_bach-bg-chorals-0323,musedata_bach-bg-chorals-0323--01,musedata_bach,musedata_stage2,ok,,4,4,0.0,98,0,0.0
musedata_bach-bg-chorals-0324,musedata_bach-bg-chorals-0324--01,musedata_bach,musedata_stage2,ok,,4,4,0.0,76,0,0.0
musedata_bach-bg-chorals-0325,musedata_bach-bg-chorals-0325--01,musedata_bach,musedata_stage2,ok,,4,4,0.0,288,8,0.0
musedata_bach-bg-chorals-0326,musedata_bach-bg-chorals-0326--01,musedata_bach,musedata_stage2,ok,,4,4,0.0,189,0,0.0
musedata_bach-bg-chorals-0327,musedata_bach-bg-chorals-0327--01,musedata_bach,musedata_stage2,ok,,4,4,0.0,149,0,0.1
musedata_bach-bg-chorals-0328,musedata_bach-bg-chorals-0328--01,musedata_bach,musedata_stage2,ok,,4,4,0.0,1014,4,0.0
musedata_bach-bg-chorals-0329,musedata_bach-bg-chorals-0329--01,musedata_bach,musedata_stage2,ok,,4,4,0.0,237,0,0.0
musedata_bach-bg-chorals-0330,musedata_bach-bg-chorals-0330--01,musedata_bach,musedata_stage2,ok,,4,4,0.0,180,4,0.0
musedata_bach-bg-chorals-0331,musedata_bach-bg-chorals-0331--01,musedata_bach,musedata_stage2,ok,,4,4,0.0,150,0,0.0
musedata_bach-bg-chorals-0332,musedata_bach-bg-chorals-0332--01,musedata_bach,musedata_stage2,ok,,4,4,0.0,155,0,0.0
musedata_bach-bg-chorals-0333,musedata_bach-bg-chorals-0333--01,musedata_bach,musedata_stage2,ok,,4,4,0.0,222,0,0.0
musedata_bach-bg-chorals-0334,musedata_bach-bg-chorals-0334--01,musedata_bach,musedata_stage2,ok,,4,4,0.0,208,0,0.0
musedata_bach-bg-chorals-0335,musedata_bach-bg-chorals-0335--01,musedata_bach,musedata_stage2,ok,,4,4,0.0,157,0,0.0
musedata_bach-bg-chorals-0336,musedata_bach-bg-chorals-0336--01,musedata_bach,musedata_stage2,ok,,4,4,0.0,164,0,0.0
musedata_bach-bg-chorals-0337,musedata_bach-bg-chorals-0337--01,musedata_bach,musedata_stage2,ok,,4,4,0.0,207,0,0.0
musedata_bach-bg-chorals-0338,musedata_bach-bg-chorals-0338--01,musedata_bach,musedata_stage2,ok,,4,4,0.0,211,0,0.0
musedata_bach-bg-chorals-0339,musedata_bach-bg-chorals-0339--01,musedata_bach,musedata_stage2,ok,,4,4,0.0,207,20,0.0
musedata_bach-bg-chorals-0340,musedata_bach-bg-chorals-0340--01,musedata_bach,musedata_stage2,ok,,4,4,0.0,405,0,0.0
musedata_bach-bg-chorals-0341,musedata_bach-bg-chorals-0341--01,musedata_bach,musedata_stage2,ok,,4,4,0.0,154,8,0.0
musedata_bach-bg-chorals-0342,musedata_bach-bg-chorals-0342--01,musedata_bach,musedata_stage2,ok,,4,4,0.0,230,0,0.0
musedata_bach-bg-chorals-0343,musedata_bach-bg-chorals-0343--01,musedata_bach,musedata_stage2,ok,,4,4,0.0,234,0,0.0
musedata_bach-bg-chorals-0344,musedata_bach-bg-chorals-0344--01,musedata_bach,musedata_stage2,ok,,4,4,0.0,240,0,0.0
musedata_bach-bg-chorals-0345,musedata_bach-bg-chorals-0345--01,musedata_bach,musedata_stage2,ok,,4,4,0.0,209,0,0.0
musedata_bach-bg-chorals-0346,musedata_bach-bg-chorals-0346--01,musedata_bach,musedata_stage2,ok,,4,4,0.0,256,8,0.0
musedata_bach-bg-chorals-0347,musedata_bach-bg-chorals-0347--01,musedata_bach,musedata_stage2,ok,,4,4,0.0,228,0,0.0
musedata_bach-bg-chorals-0348,musedata_bach-bg-chorals-0348--01,musedata_bach,musedata_stage2,ok,,4,4,0.0,275,0,0.0
musedata_bach-bg-chorals-0349,musedata_bach-bg-chorals-0349--01,musedata_bach,musedata_stage2,ok,,4,4,0.0,163,0,0.0
musedata_bach-bg-chorals-0350,musedata_bach-bg-chorals-0350--01,musedata_bach,musedata_stage2,ok,,4,4,0.0,371,0,0.1
musedata_bach-bg-chorals-0351,musedata_bach-bg-chorals-0351--01,musedata_bach,musedata_stage2,ok,,4,4,0.0,183,0,0.0
musedata_bach-bg-chorals-0352,musedata_bach-bg-chorals-0352--01,musedata_bach,musedata_stage2,ok,,4,4,0.0,241,0,0.0
musedata_bach-bg-chorals-0353,musedata_bach-bg-chorals-0353--01,musedata_bach,musedata_stage2,ok,,4,4,0.0,235,0,0.0
musedata_bach-bg-chorals-0354,musedata_bach-bg-chorals-0354--01,musedata_bach,musedata_stage2,ok,,4,4,0.0,235,0,0.0
musedata_bach-bg-chorals-0355,musedata_bach-bg-chorals-0355--01,musedata_bach,musedata_stage2,ok,,4,4,0.0,285,0,0.0
musedata_bach-bg-chorals-0356,musedata_bach-bg-chorals-0356--01,musedata_bach,musedata_stage2,ok,,4,4,0.0,219,0,0.0
musedata_bach-bg-chorals-0357,musedata_bach-bg-chorals-0357--01,musedata_bach,musedata_stage2,ok,,4,4,0.0,293,0,0.0
musedata_bach-bg-chorals-0358,musedata_bach-bg-chorals-0358--01,musedata_bach,musedata_stage2,ok,,4,4,0.0,203,0,0.0
musedata_bach-bg-chorals-0359,musedata_bach-bg-chorals-0359--01,musedata_bach,musedata_stage2,ok,,4,4,0.0,207,0,0.0
musedata_bach-bg-chorals-0360,musedata_bach-bg-chorals-0360--01,musedata_bach,musedata_stage2,ok,,4,4,0.0,199,0,0.0
musedata_bach-bg-chorals-0361,musedata_bach-bg-chorals-0361--01,musedata_bach,musedata_stage2,ok,,4,4,0.0,221,0,0.0
musedata_bach-bg-chorals-0362,musedata_bach-bg-chorals-0362--01,musedata_bach,musedata_stage2,ok,,4,4,0.0,456,0,0.0
musedata_bach-bg-chorals-0363,musedata_bach-bg-chorals-0363--01,musedata_bach,musedata_stage2,ok,,4,4,0.0,209,4,0.0
musedata_bach-bg-chorals-0364,musedata_bach-bg-chorals-0364--01,musedata_bach,musedata_stage2,ok,,4,4,0.0,170,12,0.0
musedata_bach-bg-chorals-0365,musedata_bach-bg-chorals-0365--01,musedata_bach,musedata_stage2,ok,,4,4,0.0,154,0,0.0
musedata_bach-bg-chorals-0366,musedata_bach-bg-chorals-0366--01,musedata_bach,musedata_stage2,ok,,4,4,0.0,175,0,0.0
musedata_bach-bg-chorals-0367,musedata_bach-bg-chorals-0367--01,musedata_bach,musedata_stage2,ok,,4,4,0.0,204,4,0.0
musedata_bach-bg-chorals-0368,musedata_bach-bg-chorals-0368--01,musedata_bach,musedata_stage2,ok,,4,4,0.0,311,1,0.0
musedata_bach-bg-chorals-0369,musedata_bach-bg-chorals-0369--01,musedata_bach,musedata_stage2,ok,,4,4,0.0,192,0,0.0
musedata_bach-bg-chorals-0370,musedata_bach-bg-chorals-0370--01,musedata_bach,musedata_stage2,ok,,4,4,0.0,156,0,0.0
musedata_bach-bg-chorals-0371,musedata_bach-bg-chorals-0371--01,musedata_bach,musedata_stage2,ok,,4,4,0.0,793,4,0.0
musedata_bach-bg-chorals-0372,musedata_bach-bg-chorals-0372--01,musedata_bach,musedata_stage2,ok,,4,4,0.0,271,0,0.0
musedata_bach-bg-chorals-0373,musedata_bach-bg-chorals-0373--01,musedata_bach,musedata_stage2,ok,,4,4,0.0,158,0,0.0
musedata_bach-bg-chorals-0374,musedata_bach-bg-chorals-0374--01,musedata_bach,musedata_stage2,ok,,4,4,0.0,331,20,0.0
musedata_bach-bg-chorals-0375,musedata_bach-bg-chorals-0375--01,musedata_bach,musedata_stage2,ok,,4,4,0.0,188,0,0.0
musedata_bach-bg-chorals-0376,musedata_bach-bg-chorals-0376--01,musedata_bach,musedata_stage2,ok,,4,4,0.0,182,0,0.0
musedata_bach-bg-chorals-0377,musedata_bach-bg-chorals-0377--01,musedata_bach,musedata_stage2,ok,,4,4,0.0,155,0,0.0
musedata_bach-bg-chorals-0378,musedata_bach-bg-chorals-0378--01,musedata_bach,musedata_stage2,ok,,4,4,0.0,256,24,0.0
musedata_bach-bg-chorals-0379,musedata_bach-bg-chorals-0379--01,musedata_bach,musedata_stage2,ok,,4,4,0.0,156,0,0.0
musedata_bach-bg-chorals-0380,musedata_bach-bg-chorals-0380--01,musedata_bach,musedata_stage2,ok,,4,4,0.0,259,0,0.0
musedata_bach-bg-chorals-0381,musedata_bach-bg-chorals-0381--01,musedata_bach,musedata_stage2,ok,,4,4,0.0,284,0,0.0
musedata_bach-bg-chorals-0382,musedata_bach-bg-chorals-0382--01,musedata_bach,musedata_stage2,ok,,4,4,0.0,232,0,0.0
musedata_bach-bg-chorals-0383,musedata_bach-bg-chorals-0383--01,musedata_bach,musedata_stage2,ok,,4,4,0.0,459,20,0.0
musedata_bach-bg-chorals-0384,musedata_bach-bg-chorals-0384--01,musedata_bach,musedata_stage2,ok,,4,4,0.0,130,0,0.0
musedata_bach-bg-chorals-0385,musedata_bach-bg-chorals-0385--01,musedata_bach,musedata_stage2,ok,,4,4,0.0,234,4,0.0
musedata_bach-bg-chorals-0386,musedata_bach-bg-chorals-0386--01,musedata_bach,musedata_stage2,ok,,4,4,0.0,189,16,0.0
musedata_bach-bg-chorals-0387,musedata_bach-bg-chorals-0387--01,musedata_bach,musedata_stage2,ok,,4,4,0.0,162,0,0.0
musedata_bach-bg-chorals-0388,musedata_bach-bg-chorals-0388--01,musedata_bach,musedata_stage2,ok,,4,4,0.0,209,0,0.0
musedata_bach-bg-chorals-0389,musedata_bach-bg-chorals-0389--01,musedata_bach,musedata_stage2,ok,,4,4,0.0,369,0,0.0
musedata_bach-bg-chorals-0390,musedata_bach-bg-chorals-0390--01,musedata_bach,musedata_stage2,ok,,4,4,0.0,351,0,0.0
musedata_bach-bg-chorals-0391,musedata_bach-bg-chorals-0391--01,musedata_bach,musedata_stage2,ok,,4,4,0.0,202,0,0.0
musedata_bach-bg-chorals-0392,musedata_bach-bg-chorals-0392--01,musedata_bach,musedata_stage2,ok,,4,4,0.0,217,0,0.0
musedata_bach-bg-chorals-0393,musedata_bach-bg-chorals-0393--01,musedata_bach,musedata_stage2,ok,,4,4,0.0,201,0,0.0
musedata_bach-bg-chorals-0394,musedata_bach-bg-chorals-0394--01,musedata_bach,musedata_stage2,ok,,4,4,0.0,243,4,0.0
musedata_bach-bg-chorals-0395,musedata_bach-bg-chorals-0395--01,musedata_bach,musedata_stage2,ok,,4,4,0.0,209,0,0.0
musedata_bach-bg-chorals-0396,musedata_bach-bg-chorals-0396--01,musedata_bach,musedata_stage2,ok,,4,4,0.0,136,4,0.0
musedata_bach-bg-chorals-0397,musedata_bach-bg-chorals-0397--01,musedata_bach,musedata_stage2,ok,,4,4,0.0,208,0,0.0
musedata_bach-bg-chorals-0398,musedata_bach-bg-chorals-0398--01,musedata_bach,musedata_stage2,ok,,4,4,0.0,259,20,0.0
musedata_bach-bg-chorals-0399,musedata_bach-bg-chorals-0399--01,musedata_bach,musedata_stage2,ok,,4,4,0.0,200,0,0.0
musedata_bach-bg-chorals-0400,musedata_bach-bg-chorals-0400--01,musedata_bach,musedata_stage2,ok,,4,4,0.0,179,0,0.0
musedata_bach-bg-chorals-0401,musedata_bach-bg-chorals-0401--01,musedata_bach,musedata_stage2,ok,,4,4,0.0,219,0,0.0
musedata_bach-bg-chorals-0402,musedata_bach-bg-chorals-0402--01,musedata_bach,musedata_stage2,ok,,4,4,0.0,354,0,0.0
musedata_bach-bg-chorals-0403,musedata_bach-bg-chorals-0403--01,musedata_bach,musedata_stage2,ok,,4,4,0.0,240,0,0.0
musedata_bach-bg-chorals-0404,musedata_bach-bg-chorals-0404--01,musedata_bach,musedata_stage2,ok,,4,4,0.0,139,0,0.0
musedata_bach-bg-chorals-0405,musedata_bach-bg-chorals-0405--01,musedata_bach,musedata_stage2,ok,,4,4,0.0,182,4,0.0
musedata_bach-bg-chorals-0406,musedata_bach-bg-chorals-0406--01,musedata_bach,musedata_stage2,ok,,4,4,0.0,207,0,0.0
musedata_bach-bg-chorals-0407,musedata_bach-bg-chorals-0407--01,musedata_bach,musedata_stage2,ok,,4,4,0.0,386,0,0.0
musedata_bach-bg-chorals-0408,musedata_bach-bg-chorals-0408--01,musedata_bach,musedata_stage2,ok,,4,4,0.0,178,16,0.0
musedata_bach-bg-chorals-0409,musedata_bach-bg-chorals-0409--01,musedata_bach,musedata_stage2,ok,,4,4,0.0,186,0,0.0
musedata_bach-bg-chorals-0410,musedata_bach-bg-chorals-0410--01,musedata_bach,musedata_stage2,ok,,4,4,0.0,234,0,0.0
musedata_bach-bg-chorals-0411,musedata_bach-bg-chorals-0411--01,musedata_bach,musedata_stage2,ok,,4,4,0.0,260,0,0.0
musedata_bach-bg-chorals-0412,musedata_bach-bg-chorals-0412--01,musedata_bach,musedata_stage2,ok,,4,4,0.0,255,12,0.0
musedata_bach-bg-chorals-0413,musedata_bach-bg-chorals-0413--01,musedata_bach,musedata_stage2,ok,,4,4,0.0,384,0,0.0
musedata_bach-bg-chorals-0414,musedata_bach-bg-chorals-0414--01,musedata_bach,musedata_stage2,ok,,4,4,0.0,166,0,0.0
musedata_bach-bg-chorals-0415,musedata_bach-bg-chorals-0415--01,musedata_bach,musedata_stage2,ok,,4,4,0.0,215,0,0.0
musedata_bach-bg-chorals-0416,musedata_bach-bg-chorals-0416--01,musedata_bach,musedata_stage2,ok,,4,4,0.0,217,0,0.0
musedata_bach-bg-chorals-0417,musedata_bach-bg-chorals-0417--01,musedata_bach,musedata_stage2,ok,,4,4,0.0,238,0,0.0
musedata_bach-bg-chorals-0418,musedata_bach-bg-chorals-0418--01,musedata_bach,musedata_stage2,ok,,4,4,0.0,276,0,0.0
musedata_bach-bg-chorals-0419,musedata_bach-bg-chorals-0419--01,musedata_bach,musedata_stage2,ok,,4,4,0.0,207,0,0.0
musedata_bach-bg-chorals-0420,musedata_bach-bg-chorals-0420--01,musedata_bach,musedata_stage2,ok,,4,4,0.0,201,0,0.0
musedata_bach-bg-chorals-0421,musedata_bach-bg-chorals-0421--01,musedata_bach,musedata_stage2,ok,,4,4,0.0,181,0,0.0
musedata_bach-bg-chorals-0422,musedata_bach-bg-chorals-0422--01,musedata_bach,musedata_stage2,ok,,4,4,0.0,220,0,0.0
musedata_bach-bg-chorals-0423,musedata_bach-bg-chorals-0423--01,musedata_bach,musedata_stage2,ok,,4,4,0.0,304,0,0.0
musedata_bach-bg-chorals-0424,musedata_bach-bg-chorals-0424--01,musedata_bach,musedata_stage2,ok,,4,4,0.0,139,16,0.0
musedata_bach-bg-chorals-0425,musedata_bach-bg-chorals-0425--01,musedata_bach,musedata_stage2,ok,,4,4,0.0,534,24,0.1
musedata_bach-bg-chorals-0426,musedata_bach-bg-chorals-0426--01,musedata_bach,musedata_stage2,ok,,4,4,0.0,280,8,0.0
musedata_bach-bg-chorals-0427,musedata_bach-bg-chorals-0427--01,musedata_bach,musedata_stage2,ok,,4,4,0.0,216,16,0.0
musedata_bach-bg-chorals-0428,musedata_bach-bg-chorals-0428--01,musedata_bach,musedata_stage2,ok,,4,4,0.0,279,0,0.0
musedata_bach-bg-chorals-0429,musedata_bach-bg-chorals-0429--01,musedata_bach,musedata_stage2,ok,,4,4,0.0,290,0,0.0
musedata_bach-bg-chorals-0430,musedata_bach-bg-chorals-0430--01,musedata_bach,musedata_stage2,ok,,4,4,0.0,297,0,0.0
musedata_bach-bg-chorals-0431,musedata_bach-bg-chorals-0431--01,musedata_bach,musedata_stage2,ok,,4,4,0.0,180,4,0.0
musedata_bach-bg-chorals-0432,musedata_bach-bg-chorals-0432--01,musedata_bach,musedata_stage2,ok,,4,4,0.0,180,0,0.0
musedata_bach-bg-chorals-0433,musedata_bach-bg-chorals-0433--01,musedata_bach,musedata_stage2,ok,,4,4,0.0,308,36,0.0
musedata_bach-bg-chorals-0434,musedata_bach-bg-chorals-0434--01,musedata_bach,musedata_stage2,ok,,4,4,0.0,173,0,0.0
musedata_bach-bg-chorals-0435,musedata_bach-bg-chorals-0435--01,musedata_bach,musedata_stage2,ok,,4,4,0.0,222,0,0.0
musedata_bach-bg-chorals-0436,musedata_bach-bg-chorals-0436--01,musedata_bach,musedata_stage2,ok,,4,4,0.0,221,4,0.0
musedata_bach-bg-chorals-0437,musedata_bach-bg-chorals-0437--01,musedata_bach,musedata_stage2,ok,,4,4,0.0,601,14,0.0
musedata_bach-bg-chorals-0438,musedata_bach-bg-chorals-0438--01,musedata_bach,musedata_stage2,ok,,4,4,0.0,167,0,0.0
musedata_bach-bg-keybd-wtc_ii-0874,musedata_bach-bg-keybd-wtc_ii-0874--01,musedata_bach,musedata_stage2,ok,,5,5,0.0,1481,272,0.1
musedata_bach-bg-keybd-wtc_ii-0874,musedata_bach-bg-keybd-wtc_ii-0874--02,musedata_bach,musedata_stage2,ok,,4,4,0.0,876,123,0.1
musedata_bach-bg-keybd-wtc_ii-0876,musedata_bach-bg-keybd-wtc_ii-0876--01,musedata_bach,musedata_stage2,ok,,5,5,0.0,914,487,0.1
musedata_bach-bg-keybd-wtc_ii-0876,musedata_bach-bg-keybd-wtc_ii-0876--01a,musedata_bach,musedata_stage2,ok,,6,6,0.0,1533,494,0.1
musedata_bach-bg-keybd-wtc_ii-0876,musedata_bach-bg-keybd-wtc_ii-0876--02,musedata_bach,musedata_stage2,ok,,5,4,0.2,707,121,0.0
musedata_bach-bg-keybd-wtc_ii-0880,musedata_bach-bg-keybd-wtc_ii-0880--01,musedata_bach,musedata_stage2,ok,,6,6,0.0,1244,234,0.1
musedata_bach-bg-keybd-wtc_ii-0880,musedata_bach-bg-keybd-wtc_ii-0880--02,musedata_bach,musedata_stage2,ok,,5,5,0.0,977,291,0.1
musedata_bach-bg-keybd-wtc_ii-0881,musedata_bach-bg-keybd-wtc_ii-0881--01,musedata_bach,musedata_stage2,ok,,4,4,0.0,732,232,0.0
musedata_bach-bg-keybd-wtc_ii-0881,musedata_bach-bg-keybd-wtc_ii-0881--02,musedata_bach,musedata_stage2,ok,,3,3,0.0,1117,73,0.0
musedata_bach-bg-keybd-wtc_ii-0882,musedata_bach-bg-keybd-wtc_ii-0882--01,musedata_bach,musedata_stage2,ok,,4,4,0.0,1299,172,0.0
musedata_bach-bg-keybd-wtc_ii-0882,musedata_bach-bg-keybd-wtc_ii-0882--02,musedata_bach,musedata_stage2,ok,,3,3,0.0,1123,86,0.1
musedata_bach-bg-keybd-wtc_ii-0883,musedata_bach-bg-keybd-wtc_ii-0883--01,musedata_bach,musedata_stage2,ok,,4,4,0.0,888,81,0.0
musedata_bach-bg-keybd-wtc_ii-0883,musedata_bach-bg-keybd-wtc_ii-0883--02,musedata_bach,musedata_stage2,ok,,3,3,0.0,1400,94,0.1
musedata_bach-bg-keybd-wtc_ii-0886,musedata_bach-bg-keybd-wtc_ii-0886--01,musedata_bach,musedata_stage2,ok,,4,4,0.0,1538,188,0.1
musedata_bach-bg-keybd-wtc_ii-0886,musedata_bach-bg-keybd-wtc_ii-0886--02,musedata_bach,musedata_stage2,ok,,5,5,0.0,1345,175,0.0
musedata_bach-bg-keybd-wtc_ii-0890,musedata_bach-bg-keybd-wtc_ii-0890--01,musedata_bach,musedata_stage2,ok,,5,5,0.0,1737,276,0.1
musedata_bach-bg-keybd-wtc_ii-0890,musedata_bach-bg-keybd-wtc_ii-0890--02,musedata_bach,musedata_stage2,ok,,3,3,0.0,960,54,0.1
musedata_bach-bg-orch-1041,musedata_bach-bg-orch-1041--01,musedata_bach,musedata_stage2,ok,,5,5,0.0,3219,365,0.2
musedata_bach-bg-orch-1042,musedata_bach-bg-orch-1042--01a,musedata_bach,musedata_stage1,ok,,5,5,0.0,3839,286,1.2
musedata_bach-bg-orch-1042,musedata_bach-bg-orch-1042--01b,musedata_bach,musedata_stage1,ok,,6,6,0.0,3034,948,1.2
musedata_bach-bg-orch-1042,musedata_bach-bg-orch-1042--02,musedata_bach,musedata_stage1,ok,,6,6,0.0,1590,164,0.5
musedata_bach-bg-orch-1042,musedata_bach-bg-orch-1042--03,musedata_bach,musedata_stage1,ok,,6,6,0.0,2414,351,1.4
musedata_bach-bg-orch-1043,musedata_bach-bg-orch-1043--01,musedata_bach,musedata_stage2,fail,ValueError: invalid literal for int() with base 10: 'sen',,,,,,0.0
musedata_bach-bg-orch-1043,musedata_bach-bg-orch-1043--02,musedata_bach,musedata_stage2,ok,,8,6,0.25,2230,527,0.2
musedata_bach-bg-orch-1043,musedata_bach-bg-orch-1043--03,musedata_bach,musedata_stage2,ok,,8,6,0.25,4821,1580,0.3
musedata_bach-bg-orch-1045,musedata_bach-bg-orch-1045--01,musedata_bach,musedata_stage1,ok,,12,12,0.0,6423,1732,3.0
musedata_bach-bg-orch-1046a,musedata_bach-bg-orch-1046a--01,musedata_bach,musedata_stage1,ok,,10,9,0.1,5458,468,1.8
musedata_bach-bg-orch-1046a,musedata_bach-bg-orch-1046a--02,musedata_bach,musedata_stage1,ok,,8,7,0.125,1071,165,0.3
musedata_bach-bg-orch-1046a,musedata_bach-bg-orch-1046a--03a,musedata_bach,musedata_stage1,ok,,10,7,0.3,495,19,0.2
musedata_bach-bg-orch-1046a,musedata_bach-bg-orch-1046a--03b,musedata_bach,musedata_stage1,ok,,3,3,0.0,231,0,0.0
musedata_bach-bg-orch-1046a,musedata_bach-bg-orch-1046a--03c,musedata_bach,musedata_stage1,ok,,3,3,0.0,379,0,0.1
musedata_bach-bg-orch-1066,musedata_bach-bg-orch-1066--01,musedata_bach,musedata_stage2,ok,,7,6,0.143,5965,275,0.3
musedata_bach-bg-orch-1066,musedata_bach-bg-orch-1066--02,musedata_bach,musedata_stage2,ok,,7,4,0.429,696,14,0.0
musedata_bach-bg-orch-1066,musedata_bach-bg-orch-1066--03,musedata_bach,musedata_stage2,ok,,7,4,0.429,409,0,0.0
musedata_bach-bg-orch-1066,musedata_bach-bg-orch-1066--04,musedata_bach,musedata_stage2,ok,,7,4,0.429,425,42,0.0
musedata_bach-bg-orch-1066,musedata_bach-bg-orch-1066--05,musedata_bach,musedata_stage2,ok,,7,4,0.429,721,94,0.1
musedata_bach-bg-orch-1066,musedata_bach-bg-orch-1066--06,musedata_bach,musedata_stage2,ok,,7,4,0.429,343,0,0.0
musedata_bach-bg-orch-1066,musedata_bach-bg-orch-1066--07,musedata_bach,musedata_stage2,ok,,4,4,0.0,240,83,0.0
musedata_bach-bg-orch-1066,musedata_bach-bg-orch-1066--08,musedata_bach,musedata_stage2,ok,,7,4,0.429,429,41,0.0
musedata_bach-bg-orch-1066,musedata_bach-bg-orch-1066--09,musedata_bach,musedata_stage2,ok,,3,3,0.0,317,106,0.0
musedata_bach-bg-orch-1066,musedata_bach-bg-orch-1066--10,musedata_bach,musedata_stage2,ok,,7,4,0.429,384,7,0.0
musedata_bach-bg-orch-1066,musedata_bach-bg-orch-1066--11,musedata_bach,musedata_stage2,ok,,7,3,0.571,359,6,0.1
musedata_bach-bg-orch-1067,musedata_bach-bg-orch-1067--01,musedata_bach,musedata_stage2,ok,,5,5,0.0,4609,300,0.2
musedata_bach-bg-orch-1067,musedata_bach-bg-orch-1067--02,musedata_bach,musedata_stage2,ok,,5,5,0.0,1100,20,0.1
musedata_bach-bg-orch-1067,musedata_bach-bg-orch-1067--03,musedata_bach,musedata_stage2,ok,,5,4,0.2,430,30,0.0
musedata_bach-bg-orch-1067,musedata_bach-bg-orch-1067--04,musedata_bach,musedata_stage2,ok,,5,4,0.2,402,12,0.0
musedata_bach-bg-orch-1067,musedata_bach-bg-orch-1067--05,musedata_bach,musedata_stage2,ok,,5,5,0.0,203,48,0.0
musedata_bach-bg-orch-1067,musedata_bach-bg-orch-1067--06,musedata_bach,musedata_stage2,ok,,5,4,0.2,279,0,0.0
musedata_bach-bg-orch-1067,musedata_bach-bg-orch-1067--07,musedata_bach,musedata_stage2,ok,,2,2,0.0,281,42,0.0
musedata_bach-bg-orch-1067,musedata_bach-bg-orch-1067--08,musedata_bach,musedata_stage2,ok,,5,4,0.2,301,0,0.0
musedata_bach-bg-orch-1067,musedata_bach-bg-orch-1067--09,musedata_bach,musedata_stage2,ok,,5,5,0.0,788,94,0.1
musedata_bach-bg-orch-1068,musedata_bach-bg-orch-1068--01,musedata_bach,musedata_stage2,ok,,10,9,0.1,5443,1059,0.4
musedata_bach-bg-orch-1068,musedata_bach-bg-orch-1068--02,musedata_bach,musedata_stage2,ok,,4,4,0.0,514,8,0.0
musedata_bach-bg-orch-1068,musedata_bach-bg-orch-1068--03,musedata_bach,musedata_stage2,ok,,10,8,0.2,562,94,0.1
musedata_bach-bg-orch-1068,musedata_bach-bg-orch-1068--04,musedata_bach,musedata_stage2,ok,,9,8,0.111,780,135,0.1
musedata_bach-bg-orch-1068,musedata_bach-bg-orch-1068--05,musedata_bach,musedata_stage2,ok,,10,8,0.2,752,230,0.1
musedata_bach-bg-orch-1068,musedata_bach-bg-orch-1068--06,musedata_bach,musedata_stage2,ok,,10,8,0.2,1436,360,0.2
musedata_bach-bg-orch-1069,musedata_bach-bg-orch-1069--01,musedata_bach,musedata_stage2,ok,,12,12,0.0,8218,3191,0.6
musedata_bach-bg-orch-1069,musedata_bach-bg-orch-1069--02,musedata_bach,musedata_stage2,ok,,12,11,0.083,571,211,0.1
musedata_bach-bg-orch-1069,musedata_bach-bg-orch-1069--03,musedata_bach,musedata_stage2,ok,,8,6,0.25,619,345,0.1
musedata_bach-bg-orch-1069,musedata_bach-bg-orch-1069--04,musedata_bach,musedata_stage2,ok,,12,12,0.0,1139,196,0.2
musedata_bach-bg-orch-1069,musedata_bach-bg-orch-1069--05,musedata_bach,musedata_stage2,ok,,8,5,0.375,538,132,0.1
musedata_bach-bg-orch-1069,musedata_bach-bg-orch-1069--06,musedata_bach,musedata_stage2,ok,,4,4,0.0,320,206,0.0
musedata_bach-bg-orch-1069,musedata_bach-bg-orch-1069--07,musedata_bach,musedata_stage2,ok,,12,11,0.083,2123,403,0.2
musedata_bach-bg-organ-0531,musedata_bach-bg-organ-0531--01,musedata_bach,musedata_stage2,ok,,5,5,0.0,744,285,0.0
musedata_bach-bg-organ-0531,musedata_bach-bg-organ-0531--02,musedata_bach,musedata_stage2,ok,,4,4,0.0,1784,262,0.2
musedata_bach-bg-organ-0532,musedata_bach-bg-organ-0532--01,musedata_bach,musedata_stage2,ok,,6,6,0.0,1785,475,0.1
musedata_bach-bg-organ-0532,musedata_bach-bg-organ-0532--02,musedata_bach,musedata_stage2,ok,,4,4,0.0,2577,938,0.2
musedata_bach-bg-organ-0533,musedata_bach-bg-organ-0533--01,musedata_bach,musedata_stage2,ok,,4,4,0.0,489,274,0.0
musedata_bach-bg-organ-0533,musedata_bach-bg-organ-0533--02,musedata_bach,musedata_stage2,ok,,4,4,0.0,606,136,0.0
musedata_bach-bg-organ-0534,musedata_bach-bg-organ-0534--01,musedata_bach,musedata_stage2,ok,,4,4,0.0,1299,167,0.1
musedata_bach-bg-organ-0534,musedata_bach-bg-organ-0534--02,musedata_bach,musedata_stage2,ok,,4,4,0.0,1409,202,0.1
musedata_bach-bg-organ-0535,musedata_bach-bg-organ-0535--01,musedata_bach,musedata_stage2,ok,,4,4,0.0,1122,351,0.0
musedata_bach-bg-organ-0535,musedata_bach-bg-organ-0535--02,musedata_bach,musedata_stage2,ok,,4,4,0.0,1703,230,0.2
musedata_bach-bg-organ-0549,musedata_bach-bg-organ-0549--01,musedata_bach,musedata_stage2,ok,,4,4,0.0,398,85,0.0
musedata_bach-bg-organ-0549,musedata_bach-bg-organ-0549--02,musedata_bach,musedata_stage2,ok,,4,4,0.0,1323,288,0.0
musedata_bach-bg-organ-0550,musedata_bach-bg-organ-0550--01,musedata_bach,musedata_stage2,ok,,5,5,0.0,2780,912,0.2
musedata_bach-bg-organ-0551,musedata_bach-bg-organ-0551--01,musedata_bach,musedata_stage2,ok,,4,4,0.0,1709,306,0.1
musedata_bach-bg-organ-0568,musedata_bach-bg-organ-0568--01,musedata_bach,musedata_stage2,ok,,4,4,0.0,1030,175,0.0
musedata_bach-bg-organ-569.wip,musedata_bach-bg-organ-569.wip--01,musedata_bach,musedata_stage1,ok,,3,3,0.0,1255,372,0.8
musedata_bach-bg-vocal-0225,musedata_bach-bg-vocal-0225--01,musedata_bach,musedata_stage2,ok,,8,8,0.0,10964,1560,0.8
musedata_bach-bg-vocal-0226,musedata_bach-bg-vocal-0226--01,musedata_bach,musedata_stage2,ok,,8,8,0.0,5418,769,0.3
musedata_bach-bg-vocal-0226,musedata_bach-bg-vocal-0226--02,musedata_bach,musedata_stage2,ok,,8,4,0.5,428,40,0.1
musedata_bach-bg-vocal-0227,musedata_bach-bg-vocal-0227--01,musedata_bach,musedata_stage2,ok,,4,4,0.0,279,0,0.2
musedata_bach-bg-vocal-0227,musedata_bach-bg-vocal-0227--02,musedata_bach,musedata_stage2,ok,,5,5,0.0,1370,218,0.1
musedata_bach-bg-vocal-0227,musedata_bach-bg-vocal-0227--03,musedata_bach,musedata_stage2,ok,,5,5,0.0,369,1,0.0
musedata_bach-bg-vocal-0227,musedata_bach-bg-vocal-0227--04,musedata_bach,musedata_stage2,ok,,3,3,0.0,252,11,0.0
musedata_bach-bg-vocal-0227,musedata_bach-bg-vocal-0227--05,musedata_bach,musedata_stage2,ok,,5,5,0.0,2355,313,0.1
musedata_bach-bg-vocal-0227,musedata_bach-bg-vocal-0227--06,musedata_bach,musedata_stage2,ok,,5,5,0.0,660,270,0.0
musedata_bach-bg-vocal-0227,musedata_bach-bg-vocal-0227--07,musedata_bach,musedata_stage2,ok,,3,3,0.0,713,40,0.1
musedata_bach-bg-vocal-0227,musedata_bach-bg-vocal-0227--08,musedata_bach,musedata_stage2,ok,,4,4,0.0,971,123,0.1
musedata_bach-bg-vocal-0227,musedata_bach-bg-vocal-0227--09,musedata_bach,musedata_stage2,ok,,5,5,0.0,748,78,0.0
musedata_bach-bg-vocal-0227,musedata_bach-bg-vocal-0227--10,musedata_bach,musedata_stage2,ok,,4,4,0.0,278,0,0.0
musedata_bach-bg-vocal-0228,musedata_bach-bg-vocal-0228--01,musedata_bach,musedata_stage2,ok,,8,8,0.0,6180,1178,0.3
musedata_bach-bg-vocal-0229,musedata_bach-bg-vocal-0229--01,musedata_bach,musedata_stage2,ok,,8,8,0.0,4131,1207,0.3
musedata_bach-bg-vocal-0229,musedata_bach-bg-vocal-0229--02,musedata_bach,musedata_stage2,ok,,8,4,0.5,359,0,0.1
musedata_bach-bg-vocal-0230,musedata_bach-bg-vocal-0230--01,musedata_bach,musedata_stage2,ok,,5,5,0.0,4641,295,0.3
musedata_bach-bg-vocal-0232,musedata_bach-bg-vocal-0232--01,musedata_bach,musedata_stage2,ok,,14,14,0.0,8198,955,0.4
musedata_bach-bg-vocal-0232,musedata_bach-bg-vocal-0232--02,musedata_bach,musedata_stage2,ok,,4,4,0.0,2270,201,0.1
musedata_bach-bg-vocal-0232,musedata_bach-bg-vocal-0232--03,musedata_bach,musedata_stage2,ok,,9,5,0.444,1252,149,0.1
musedata_bach-bg-vocal-0232,musedata_bach-bg-vocal-0232--04,musedata_bach,musedata_stage2,ok,,18,16,0.111,8156,2622,0.5
musedata_bach-bg-vocal-0232,musedata_bach-bg-vocal-0232--05,musedata_bach,musedata_stage2,ok,,6,6,0.0,2571,508,0.2
musedata_bach-bg-vocal-0232,musedata_bach-bg-vocal-0232--06,musedata_bach,musedata_stage2,ok,,15,14,0.067,2367,333,0.1
musedata_bach-bg-vocal-0232,musedata_bach-bg-vocal-0232--07,musedata_bach,musedata_stage2,ok,,7,7,0.0,3132,672,0.2
musedata_bach-bg-vocal-0232,musedata_bach-bg-vocal-0232--08,musedata_bach,musedata_stage2,ok,,11,11,0.0,1849,177,0.1
musedata_bach-bg-vocal-0232,musedata_bach-bg-vocal-0232--09,musedata_bach,musedata_stage2,ok,,6,6,0.0,1997,606,0.1
musedata_bach-bg-vocal-0232,musedata_bach-bg-vocal-0232--10,musedata_bach,musedata_stage2,ok,,5,5,0.0,2909,420,0.2
musedata_bach-bg-vocal-0232,musedata_bach-bg-vocal-0232--11,musedata_bach,musedata_stage2,ok,,18,17,0.056,8850,1558,0.5
musedata_bach-bg-vocal-0232,musedata_bach-bg-vocal-0232--12,musedata_bach,musedata_stage2,ok,,8,8,0.0,1186,148,0.1
musedata_bach-bg-vocal-0232,musedata_bach-bg-vocal-0232--13,musedata_bach,musedata_stage2,ok,,14,14,0.0,3316,536,0.3
musedata_bach-bg-vocal-0232,musedata_bach-bg-vocal-0232--14,musedata_bach,musedata_stage2,ok,,8,7,0.125,2501,665,0.2
musedata_bach-bg-vocal-0232,musedata_bach-bg-vocal-0232--15,musedata_bach,musedata_stage2,ok,,8,7,0.125,814,183,0.1
musedata_bach-bg-vocal-0232,musedata_bach-bg-vocal-0232--16,musedata_bach,musedata_stage2,ok,,10,10,0.0,1226,342,0.1
musedata_bach-bg-vocal-0232,musedata_bach-bg-vocal-0232--17,musedata_bach,musedata_stage2,ok,,17,17,0.0,8107,2110,0.5
musedata_bach-bg-vocal-0232,musedata_bach-bg-vocal-0232--18,musedata_bach,musedata_stage2,ok,,4,4,0.0,2063,321,0.1
musedata_bach-bg-vocal-0232,musedata_bach-bg-vocal-0232--19,musedata_bach,musedata_stage2,ok,,17,17,0.0,7095,3024,0.7
musedata_bach-bg-vocal-0232,musedata_bach-bg-vocal-0232--21,musedata_bach,musedata_stage2,ok,,17,17,0.0,8374,1541,0.8
musedata_bach-bg-vocal-0232,musedata_bach-bg-vocal-0232--22,musedata_bach,musedata_stage2,ok,,20,20,0.0,5928,2092,0.5
musedata_bach-bg-vocal-0232,musedata_bach-bg-vocal-0232--23,musedata_bach,musedata_stage2,ok,,3,3,0.0,1112,109,0.0
musedata_bach-bg-vocal-0232,musedata_bach-bg-vocal-0232--24,musedata_bach,musedata_stage2,ok,,3,3,0.0,768,218,0.1
musedata_bach-bg-vocal-0232,musedata_bach-bg-vocal-0232--25,musedata_bach,musedata_stage2,ok,,14,13,0.071,2069,316,0.1
musedata_bach-bg-vocal-0244,musedata_bach-bg-vocal-0244--01,musedata_bach,musedata_stage2,ok,,22,21,0.045,10073,2601,0.4
musedata_bach-bg-vocal-0245,musedata_bach-bg-vocal-0245--01,musedata_bach,musedata_stage2,ok,,12,11,0.083,7249,682,0.5
musedata_bach-bg-vocal-0245,musedata_bach-bg-vocal-0245--02,musedata_bach,musedata_stage2,ok,,11,10,0.091,784,412,0.0
musedata_bach-bg-vocal-0245,musedata_bach-bg-vocal-0245--03,musedata_bach,musedata_stage2,ok,,9,6,0.333,284,0,0.0
musedata_bach-bg-vocal-0245,musedata_bach-bg-vocal-0245--04,musedata_bach,musedata_stage2,ok,,3,3,0.0,133,34,0.0
musedata_bach-bg-vocal-0245,musedata_bach-bg-vocal-0245--05,musedata_bach,musedata_stage2,ok,,8,5,0.375,290,0,0.0
musedata_bach-bg-vocal-0245,musedata_bach-bg-vocal-0245--06,musedata_bach,musedata_stage2,ok,,2,2,0.0,90,13,0.1
musedata_bach-bg-vocal-0245,musedata_bach-bg-vocal-0245--07,musedata_bach,musedata_stage2,ok,,4,4,0.0,1922,234,0.1
musedata_bach-bg-vocal-0245,musedata_bach-bg-vocal-0245--08,musedata_bach,musedata_stage2,ok,,2,2,0.0,22,4,0.0
musedata_bach-bg-vocal-0245,musedata_bach-bg-vocal-0245--09,musedata_bach,musedata_stage2,ok,,3,3,0.0,1624,216,0.1
musedata_bach-bg-vocal-0245,musedata_bach-bg-vocal-0245--10,musedata_bach,musedata_stage2,ok,,4,4,0.0,410,156,0.0
musedata_bach-bg-vocal-0245,musedata_bach-bg-vocal-0245--11,musedata_bach,musedata_stage2,ok,,8,4,0.5,206,0,0.0
musedata_bach-bg-vocal-0245,musedata_bach-bg-vocal-0245--12,musedata_bach,musedata_stage2,ok,,8,5,0.375,342,163,0.0
musedata_bach-bg-vocal-0245,musedata_bach-bg-vocal-0245--13,musedata_bach,musedata_stage2,ok,,3,3,0.0,165,33,0.0
musedata_bach-bg-vocal-0245,musedata_bach-bg-vocal-0245--14,musedata_bach,musedata_stage2,fail,ValueError: invalid literal for int() with base 10: 'cat',,,,,,0.0
musedata_bach-bg-vocal-0245,musedata_bach-bg-vocal-0245--15,musedata_bach,musedata_stage2,ok,,8,4,0.5,256,0,0.0
musedata_bach-bg-vocal-0245,musedata_bach-bg-vocal-0245--16,musedata_bach,musedata_stage2,ok,,9,5,0.444,310,0,0.1
musedata_bach-bg-vocal-0245,musedata_bach-bg-vocal-0245--17,musedata_bach,musedata_stage2,ok,,11,7,0.364,2301,646,0.1
musedata_bach-bg-vocal-0245,musedata_bach-bg-vocal-0245--18,musedata_bach,musedata_stage2,ok,,8,4,0.5,218,0,0.0
musedata_bach-bg-vocal-0245,musedata_bach-bg-vocal-0245--19,musedata_bach,musedata_stage2,ok,,7,6,0.143,474,193,0.0
musedata_bach-bg-vocal-0245,musedata_bach-bg-vocal-0245--20,musedata_bach,musedata_stage2,ok,,5,5,0.0,766,74,0.0
musedata_bach-bg-vocal-0245,musedata_bach-bg-vocal-0245--21,musedata_bach,musedata_stage2,ok,,4,4,0.0,2550,275,0.1
musedata_bach-bg-vocal-0245,musedata_bach-bg-vocal-0245--22,musedata_bach,musedata_stage2,ok,,12,12,0.0,5494,742,0.2
musedata_bach-bg-vocal-0245,musedata_bach-bg-vocal-0245--23,musedata_bach,musedata_stage2,ok,,8,6,0.25,344,0,0.0
musedata_bach-bg-vocal-0245,musedata_bach-bg-vocal-0245--24,musedata_bach,musedata_stage2,ok,,11,11,0.0,4318,592,0.2
musedata_bach-bg-vocal-0245,musedata_bach-bg-vocal-0245--25,musedata_bach,musedata_stage2,ok,,8,8,0.0,2675,1094,0.2
musedata_bach-bg-vocal-0245,musedata_bach-bg-vocal-0245--26,musedata_bach,musedata_stage2,ok,,12,7,0.417,860,305,0.1
musedata_bach-bg-vocal-0245,musedata_bach-bg-vocal-0245--27,musedata_bach,musedata_stage2,ok,,8,4,0.5,225,0,0.0
musedata_bach-bg-vocal-0245,musedata_bach-bg-vocal-0245--28,musedata_bach,musedata_stage2,ok,,12,7,0.417,2137,337,0.2
musedata_bach-bg-vocal-0245,musedata_bach-bg-vocal-0245--29,musedata_bach,musedata_stage2,ok,,3,3,0.0,162,52,0.0
musedata_bach-bg-vocal-0245,musedata_bach-bg-vocal-0245--30,musedata_bach,musedata_stage2,ok,,8,4,0.5,235,0,0.0
musedata_bach-bg-vocal-0245,musedata_bach-bg-vocal-0245--31,musedata_bach,musedata_stage2,ok,,3,3,0.0,120,40,0.0
musedata_bach-bg-vocal-0245,musedata_bach-bg-vocal-0245--32,musedata_bach,musedata_stage2,fail,ValueError: invalid literal for int() with base 10: 'sen',,,,,,0.1
musedata_bach-bg-vocal-0245,musedata_bach-bg-vocal-0245--33,musedata_bach,musedata_stage2,ok,,2,2,0.0,13,4,0.0
musedata_bach-bg-vocal-0245,musedata_bach-bg-vocal-0245--34,musedata_bach,musedata_stage2,fail,ValueError: invalid literal for int() with base 10: 'sen',,,,,,0.0
musedata_bach-bg-vocal-0245,musedata_bach-bg-vocal-0245--35,musedata_bach,musedata_stage2,ok,,2,2,0.0,158,14,0.0
musedata_bach-bg-vocal-0245,musedata_bach-bg-vocal-0245--36,musedata_bach,musedata_stage2,ok,,9,8,0.111,318,90,0.0
musedata_bach-bg-vocal-0245,musedata_bach-bg-vocal-0245--37,musedata_bach,musedata_stage2,fail,ValueError: invalid literal for int() with base 10: 'sen',,,,,,0.0
musedata_bach-bg-vocal-0245,musedata_bach-bg-vocal-0245--38,musedata_bach,musedata_stage2,ok,,2,2,0.0,272,36,0.0
musedata_bach-bg-vocal-0245,musedata_bach-bg-vocal-0245--39,musedata_bach,musedata_stage2,ok,,8,4,0.5,248,0,0.1
musedata_bach-bg-vocal-0245,musedata_bach-bg-vocal-0245--40,musedata_bach,musedata_stage2,ok,,2,2,0.0,231,29,0.0
musedata_bach-bg-vocal-0245,musedata_bach-bg-vocal-0245--41,musedata_bach,musedata_stage2,ok,,10,8,0.2,2405,370,0.2
musedata_bach-bg-vocal-0245,musedata_bach-bg-vocal-0245--42,musedata_bach,musedata_stage2,ok,,10,4,0.6,495,0,0.1
musedata_bach-bg-vocal-0246,musedata_bach-bg-vocal-0246--36,musedata_bach,musedata_stage2,ok,,12,12,0.0,5863,1194,0.4
musedata_bach-bg-vocal-0246,musedata_bach-bg-vocal-0246--37,musedata_bach,musedata_stage2,ok,,2,2,0.0,61,9,0.0
musedata_bach-bg-vocal-0246,musedata_bach-bg-vocal-0246--38,musedata_bach,musedata_stage2,ok,,6,5,0.167,492,81,0.1
musedata_bach-bg-vocal-0246,musedata_bach-bg-vocal-0246--39,musedata_bach,musedata_stage2,ok,,4,4,0.0,1283,588,0.1
musedata_bach-bg-vocal-0246,musedata_bach-bg-vocal-0246--40,musedata_bach,musedata_stage2,ok,,6,6,0.0,486,69,0.0
musedata_bach-bg-vocal-0246,musedata_bach-bg-vocal-0246--41,musedata_bach,musedata_stage2,ok,,4,4,0.0,2079,308,0.1
musedata_bach-bg-vocal-0246,musedata_bach-bg-vocal-0246--42,musedata_bach,musedata_stage2,ok,,12,12,0.0,1327,299,0.1
musedata_bach-rasmuss-inventio-0772,musedata_bach-rasmuss-inventio-0772--01,musedata_bach,musedata_stage2,ok,,2,2,0.0,455,20,0.0
musedata_bach-rasmuss-inventio-0772a,musedata_bach-rasmuss-inventio-0772a--1,musedata_bach,musedata_stage2,ok,,2,2,0.0,540,20,0.0
musedata_bach-rasmuss-inventio-0773,musedata_bach-rasmuss-inventio-0773--01,musedata_bach,musedata_stage2,fail,"MuseDataException: cannot process bar data definition: . 23, ",,,,,,0.0
musedata_bach-rasmuss-inventio-0774,musedata_bach-rasmuss-inventio-0774--01,musedata_bach,musedata_stage2,fail,MuseDataException: cannot process bar data definition: isinte,,,,,,0.0
musedata_bach-rasmuss-inventio-0775,musedata_bach-rasmuss-inventio-0775--01,musedata_bach,musedata_stage2,fail,"ValueError: invalid literal for int() with base 10: 's ""'",,,,,,0.0
musedata_bach-rasmuss-inventio-0776,musedata_bach-rasmuss-inventio-0776--01,musedata_bach,musedata_stage2,ok,,2,2,0.0,733,13,0.0
musedata_bach-rasmuss-inventio-0777,musedata_bach-rasmuss-inventio-0777--01,musedata_bach,musedata_stage2,ok,,2,2,0.0,547,17,0.0
musedata_bach-rasmuss-inventio-0778,musedata_bach-rasmuss-inventio-0778--01,musedata_bach,musedata_stage2,ok,,2,2,0.0,473,16,0.0
musedata_bach-rasmuss-inventio-0779,musedata_bach-rasmuss-inventio-0779--01,musedata_bach,musedata_stage2,ok,,2,2,0.0,596,11,0.0
musedata_bach-rasmuss-inventio-0780,musedata_bach-rasmuss-inventio-0780--01,musedata_bach,musedata_stage2,ok,,2,2,0.0,558,2,0.0
musedata_bach-rasmuss-inventio-0781,musedata_bach-rasmuss-inventio-0781--01,musedata_bach,musedata_stage2,ok,,2,2,0.0,439,7,0.0
musedata_bach-rasmuss-inventio-0782,musedata_bach-rasmuss-inventio-0782--01,musedata_bach,musedata_stage2,ok,,2,2,0.0,568,6,0.0
musedata_bach-rasmuss-inventio-0783,musedata_bach-rasmuss-inventio-0783--01,musedata_bach,musedata_stage2,ok,,2,2,0.0,685,42,0.1
musedata_bach-rasmuss-inventio-0784,musedata_bach-rasmuss-inventio-0784--01,musedata_bach,musedata_stage2,ok,,2,2,0.0,564,35,0.0
musedata_bach-rasmuss-inventio-0785,musedata_bach-rasmuss-inventio-0785--01,musedata_bach,musedata_stage2,ok,,2,2,0.0,592,29,0.0
musedata_bach-rasmuss-inventio-0786,musedata_bach-rasmuss-inventio-0786--01,musedata_bach,musedata_stage2,ok,,2,2,0.0,477,13,0.0
musedata_bach-rasmuss-sinfonie-0787,musedata_bach-rasmuss-sinfonie-0787--01,musedata_bach,musedata_stage2,ok,,1,1,0.0,599,26,0.0
musedata_bach-rasmuss-sinfonie-0788,musedata_bach-rasmuss-sinfonie-0788--01,musedata_bach,musedata_stage2,ok,,1,1,0.0,780,97,0.0
musedata_bach-rasmuss-sinfonie-0789,musedata_bach-rasmuss-sinfonie-0789--01,musedata_bach,musedata_stage2,ok,,1,1,0.0,707,21,0.0
musedata_bach-rasmuss-sinfonie-0790,musedata_bach-rasmuss-sinfonie-0790--01,musedata_bach,musedata_stage2,ok,,1,1,0.0,627,23,0.0
musedata_bach-rasmuss-sinfonie-0791,musedata_bach-rasmuss-sinfonie-0791--01,musedata_bach,musedata_stage2,ok,,1,1,0.0,479,73,0.0
musedata_bach-rasmuss-sinfonie-0792,musedata_bach-rasmuss-sinfonie-0792--01,musedata_bach,musedata_stage2,ok,,1,1,0.0,545,50,0.0
musedata_bach-rasmuss-sinfonie-0793,musedata_bach-rasmuss-sinfonie-0793--01,musedata_bach,musedata_stage2,ok,,1,1,0.0,762,38,0.0
musedata_bach-rasmuss-sinfonie-0794,musedata_bach-rasmuss-sinfonie-0794--01,musedata_bach,musedata_stage2,ok,,1,1,0.0,592,25,0.1
musedata_bach-rasmuss-sinfonie-0795,musedata_bach-rasmuss-sinfonie-0795--01,musedata_bach,musedata_stage2,ok,,1,1,0.0,671,83,0.0
musedata_bach-rasmuss-sinfonie-0796,musedata_bach-rasmuss-sinfonie-0796--01,musedata_bach,musedata_stage2,ok,,1,1,0.0,663,13,0.1
musedata_bach-rasmuss-sinfonie-0797,musedata_bach-rasmuss-sinfonie-0797--01,musedata_bach,musedata_stage2,ok,,1,1,0.0,591,18,0.0
musedata_bach-rasmuss-sinfonie-0798,musedata_bach-rasmuss-sinfonie-0798--01,musedata_bach,musedata_stage2,ok,,1,1,0.0,815,34,0.1
musedata_bach-rasmuss-sinfonie-0799,musedata_bach-rasmuss-sinfonie-0799--01,musedata_bach,musedata_stage2,ok,,1,1,0.0,656,17,0.0
musedata_bach-rasmuss-sinfonie-0800,musedata_bach-rasmuss-sinfonie-0800--01,musedata_bach,musedata_stage2,ok,,1,1,0.0,671,19,0.0
musedata_bach-rasmuss-sinfonie-0801,musedata_bach-rasmuss-sinfonie-0801--01,musedata_bach,musedata_stage2,ok,,1,1,0.0,706,56,0.0
musedata_bach-s1-data-organ-0525,musedata_bach-s1-data-organ-0525--02,musedata_bach,musedata_stage2,ok,,6,6,0.0,2073,165,0.1
musedata_bach-s1-data-organ-0525,musedata_bach-s1-data-organ-0525--03,musedata_bach,musedata_stage2,ok,,6,4,0.333,1686,194,0.1
musedata_bach-s1-data-organ-0526,musedata_bach-s1-data-organ-0526--01,musedata_bach,musedata_stage2,ok,,6,3,0.5,2011,212,0.2
musedata_bach-s1-data-organ-0526,musedata_bach-s1-data-organ-0526--02,musedata_bach,musedata_stage2,ok,,3,3,0.0,895,11,0.0
musedata_bach-s1-data-organ-0526,musedata_bach-s1-data-organ-0526--03,musedata_bach,musedata_stage2,ok,,6,3,0.5,2171,108,0.2
musedata_bach-s1-data-organ-0527,musedata_bach-s1-data-organ-0527--01,musedata_bach,musedata_stage1,ok,,3,3,0.0,2069,155,1.2
musedata_bach-s1-data-organ-0527,musedata_bach-s1-data-organ-0527--02,musedata_bach,musedata_stage1,ok,,3,3,0.0,694,35,0.2
musedata_bach-s1-data-organ-0527,musedata_bach-s1-data-organ-0527--03,musedata_bach,musedata_stage1,ok,,3,3,0.0,2206,62,1.6
musedata_bach-s1-data-organ-0528,musedata_bach-s1-data-organ-0528--01a,musedata_bach,musedata_stage1,fail,IndexError: list index out of range,,,,,,0.0
musedata_bach-s1-data-organ-0528,musedata_bach-s1-data-organ-0528--01b,musedata_bach,musedata_stage1,ok,,3,3,0.0,1139,49,0.3
musedata_bach-s1-data-organ-0528,musedata_bach-s1-data-organ-0528--02,musedata_bach,musedata_stage1,ok,,3,3,0.0,1355,87,0.4
musedata_bach-s1-data-organ-0528,musedata_bach-s1-data-organ-0528--03,musedata_bach,musedata_stage1,ok,,3,3,0.0,1375,48,0.7
musedata_bach-s1-data-organ-0529,musedata_bach-s1-data-organ-0529--01,musedata_bach,musedata_stage1,ok,,3,3,0.0,2867,188,1.3
musedata_bach-s1-data-organ-0529,musedata_bach-s1-data-organ-0529--02,musedata_bach,musedata_stage1,ok,,3,3,0.0,1528,83,0.4
musedata_bach-s1-data-organ-0529,musedata_bach-s1-data-organ-0529--03,musedata_bach,musedata_stage1,ok,,3,3,0.0,2057,116,1.1
musedata_bach-s1-data-organ-0530,musedata_bach-s1-data-organ-0530--01,musedata_bach,musedata_stage1,ok,,3,3,0.0,2325,158,1.4
musedata_bach-s1-data-organ-0530,musedata_bach-s1-data-organ-0530--02,musedata_bach,musedata_stage1,ok,,3,3,0.0,855,64,0.2
musedata_bach-s1-data-organ-0530,musedata_bach-s1-data-organ-0530--03,musedata_bach,musedata_stage1,ok,,3,3,0.0,2056,133,0.6
musedata_beethoven-bhl-conc-piano2,musedata_beethoven-bhl-conc-piano2--01,musedata_beethoven,musedata_stage2,ok,,12,11,0.083,6794,5108,0.8
musedata_beethoven-bhl-conc-piano2,musedata_beethoven-bhl-conc-piano2--02,musedata_beethoven,musedata_stage2,ok,,11,11,0.0,2031,1222,0.3
musedata_beethoven-bhl-conc-piano2,musedata_beethoven-bhl-conc-piano2--03,musedata_beethoven,musedata_stage2,ok,,11,11,0.0,4659,3742,0.6
musedata_beethoven-bhl-conc-violin,musedata_beethoven-bhl-conc-violin--mvt1,musedata_beethoven,musedata_md2,ok,,13,12,0.077,15754,9617,1.6
musedata_beethoven-bhl-conc-violin,musedata_beethoven-bhl-conc-violin--mvt2,musedata_beethoven,musedata_md2,ok,,9,9,0.0,1906,1269,0.1
musedata_beethoven-bhl-conc-violin,musedata_beethoven-bhl-conc-violin--mvt3,musedata_beethoven,musedata_md2,ok,,13,12,0.077,9679,6643,1.3
musedata_beethoven-bhl-orch-sym1,musedata_beethoven-bhl-orch-sym1--mvt1,musedata_beethoven,musedata_md2,ok,,11,11,0.0,10671,2841,0.7
musedata_beethoven-bhl-orch-sym1,musedata_beethoven-bhl-orch-sym1--mvt2,musedata_beethoven,musedata_md2,ok,,11,11,0.0,5126,1684,0.5
musedata_beethoven-bhl-orch-sym1,musedata_beethoven-bhl-orch-sym1--mvt3,musedata_beethoven,musedata_md2,ok,,13,12,0.077,2713,1373,0.3
musedata_beethoven-bhl-orch-sym1,musedata_beethoven-bhl-orch-sym1--mvt4,musedata_beethoven,musedata_md2,ok,,11,11,0.0,7850,2178,0.6
musedata_beethoven-bhl-orch-sym2,musedata_beethoven-bhl-orch-sym2--mvt1,musedata_beethoven,musedata_md2,ok,,13,12,0.077,17615,3753,1.5
musedata_beethoven-bhl-orch-sym2,musedata_beethoven-bhl-orch-sym2--mvt2,musedata_beethoven,musedata_md2,ok,,11,11,0.0,8871,2463,1.0
musedata_beethoven-bhl-orch-sym2,musedata_beethoven-bhl-orch-sym2--mvt3,musedata_beethoven,musedata_md2,ok,,11,11,0.0,1913,1100,0.3
musedata_beethoven-bhl-orch-sym2,musedata_beethoven-bhl-orch-sym2--mvt4,musedata_beethoven,musedata_md2,ok,,13,12,0.077,13488,5423,1.2
musedata_beethoven-bhl-orch-sym3,musedata_beethoven-bhl-orch-sym3--mvt1,musedata_beethoven,musedata_md2,ok,,14,13,0.071,23856,6429,2.0
musedata_beethoven-bhl-orch-sym3,musedata_beethoven-bhl-orch-sym3--mvt2,musedata_beethoven,musedata_md2,ok,,14,13,0.071,9077,3257,1.1
musedata_beethoven-bhl-orch-sym3,musedata_beethoven-bhl-orch-sym3--mvt3,musedata_beethoven,musedata_md2,ok,,14,12,0.143,7686,4673,1.0
musedata_beethoven-bhl-orch-sym3,musedata_beethoven-bhl-orch-sym3--mvt4,musedata_beethoven,musedata_md2,ok,,14,13,0.071,16774,5025,1.5
musedata_beethoven-bhl-orch-sym4,musedata_beethoven-bhl-orch-sym4--mvt1,musedata_beethoven,musedata_md2,ok,,13,12,0.077,12677,6393,1.4
musedata_beethoven-bhl-orch-sym4,musedata_beethoven-bhl-orch-sym4--mvt2,musedata_beethoven,musedata_md2,ok,,13,12,0.077,6537,2269,0.8
musedata_beethoven-bhl-orch-sym4,musedata_beethoven-bhl-orch-sym4--mvt3,musedata_beethoven,musedata_md2,ok,,13,12,0.077,7620,4401,1.0
musedata_beethoven-bhl-orch-sym4,musedata_beethoven-bhl-orch-sym4--mvt4,musedata_beethoven,musedata_md2,ok,,13,12,0.077,10747,3541,1.1
musedata_beethoven-bhl-orch-sym5,musedata_beethoven-bhl-orch-sym5--mvt1,musedata_beethoven,musedata_md2,ok,,13,12,0.077,9240,3578,1.1
musedata_beethoven-bhl-orch-sym5,musedata_beethoven-bhl-orch-sym5--mvt2,musedata_beethoven,musedata_md2,ok,,13,12,0.077,7236,2774,1.0
musedata_beethoven-bhl-orch-sym5,musedata_beethoven-bhl-orch-sym5--mvt3,musedata_beethoven,musedata_md2,ok,,13,11,0.154,4907,3799,0.8
musedata_beethoven-bhl-orch-sym5,musedata_beethoven-bhl-orch-sym5--mvt4,musedata_beethoven,musedata_md2,ok,,17,16,0.059,26351,6223,2.1
musedata_beethoven-bhl-orch-sym6,musedata_beethoven-bhl-orch-sym6--mvt1,musedata_beethoven,musedata_md2,ok,,11,10,0.091,12224,3040,1.1
musedata_beethoven-bhl-orch-sym6,musedata_beethoven-bhl-orch-sym6--mvt2,musedata_beethoven,musedata_md2,ok,,10,10,0.0,12223,2681,0.8
musedata_beethoven-bhl-orch-sym6,musedata_beethoven-bhl-orch-sym6--mvt3,musedata_beethoven,musedata_md2,ok,,12,10,0.167,5064,1901,0.6
musedata_beethoven-bhl-orch-sym6,musedata_beethoven-bhl-orch-sym6--mvt4,musedata_beethoven,musedata_md2,ok,,15,14,0.067,8706,1648,0.8
musedata_beethoven-bhl-orch-sym6,musedata_beethoven-bhl-orch-sym6--mvt5,musedata_beethoven,musedata_md2,ok,,13,12,0.077,12295,2966,1.0
musedata_beethoven-bhl-orch-sym7,musedata_beethoven-bhl-orch-sym7--mvt1,musedata_beethoven,musedata_md2,ok,,15,13,0.133,20258,7623,1.8
musedata_beethoven-bhl-orch-sym7,musedata_beethoven-bhl-orch-sym7--mvt2,musedata_beethoven,musedata_md2,ok,,13,12,0.077,6001,2294,0.8
musedata_beethoven-bhl-orch-sym7,musedata_beethoven-bhl-orch-sym7--mvt3,musedata_beethoven,musedata_md2,ok,,13,11,0.154,10933,6192,1.4
musedata_beethoven-bhl-orch-sym7,musedata_beethoven-bhl-orch-sym7--mvt4,musedata_beethoven,musedata_md2,ok,,13,12,0.077,18099,5390,1.7
musedata_beethoven-bhl-orch-sym8,musedata_beethoven-bhl-orch-sym8--mvt1,musedata_beethoven,musedata_md2,ok,,13,11,0.154,14005,3984,1.4
musedata_beethoven-bhl-orch-sym8,musedata_beethoven-bhl-orch-sym8--mvt2,musedata_beethoven,musedata_md2,ok,,9,9,0.0,5359,1146,0.5
musedata_beethoven-bhl-orch-sym8,musedata_beethoven-bhl-orch-sym8--mvt3,musedata_beethoven,musedata_md2,ok,,13,12,0.077,2684,1238,0.3
musedata_beethoven-bhl-orch-sym8,musedata_beethoven-bhl-orch-sym8--mvt4,musedata_beethoven,musedata_md2,ok,,13,12,0.077,19893,4639,1.6
musedata_beethoven-bhl-orch-sym9,musedata_beethoven-bhl-orch-sym9--mvt1,musedata_beethoven,musedata_md2,ok,,14,13,0.071,29462,6129,2.2
musedata_beethoven-bhl-orch-sym9,musedata_beethoven-bhl-orch-sym9--mvt2,musedata_beethoven,musedata_md2,ok,,16,15,0.062,24978,11168,2.5
musedata_beethoven-bhl-orch-sym9,musedata_beethoven-bhl-orch-sym9--mvt3,musedata_beethoven,musedata_md2,fail,MuseDataException: cannot process bar data definition: dasure,,,,,,0.7
musedata_beethoven-bhl-orch-sym9,musedata_beethoven-bhl-orch-sym9--mvt4a,musedata_beethoven,musedata_md2,ok,,15,14,0.067,6725,2675,0.5
musedata_beethoven-bhl-orch-sym9,musedata_beethoven-bhl-orch-sym9--mvt4b,musedata_beethoven,musedata_md2,ok,,14,14,0.0,871,359,0.1
musedata_beethoven-bhl-orch-sym9,musedata_beethoven-bhl-orch-sym9--mvt4c,musedata_beethoven,musedata_md2,ok,,23,21,0.087,5528,1791,0.6
musedata_beethoven-bhl-orch-sym9,musedata_beethoven-bhl-orch-sym9--mvt4d,musedata_beethoven,musedata_md2,fail,"MuseDataException: ('cannot determine clef from:', '0')",,,,,,0.5
musedata_beethoven-bhl-orch-sym9,musedata_beethoven-bhl-orch-sym9--mvt4e,musedata_beethoven,musedata_md2,ok,,21,13,0.381,1699,681,0.4
musedata_beethoven-bhl-orch-sym9,musedata_beethoven-bhl-orch-sym9--mvt4f,musedata_beethoven,musedata_md2,fail,ValueError: invalid literal for int() with base 10: '',,,,,,0.1
musedata_beethoven-bhl-orch-sym9,musedata_beethoven-bhl-orch-sym9--mvt4g,musedata_beethoven,musedata_md2,ok,,24,16,0.333,2907,1653,0.5
musedata_beethoven-bhl-orch-sym9,musedata_beethoven-bhl-orch-sym9--mvt4h,musedata_beethoven,musedata_md2,fail,ValueError: invalid literal for int() with base 10: '',,,,,,0.4
musedata_beethoven-bhl-qrtet-op133,musedata_beethoven-bhl-qrtet-op133--01,musedata_beethoven,musedata_stage2,ok,,4,4,0.0,9071,3220,0.7
musedata_beethoven-bhl-qrtet-op133,musedata_beethoven-bhl-qrtet-op133--01b,musedata_beethoven,musedata_stage2,ok,,4,4,0.0,3038,1221,0.3
musedata_corelli-chry-trio-op2-op2n01,musedata_corelli-chry-trio-op2-op2n01--01,musedata_corelli,musedata_stage2,ok,,4,3,0.25,193,3,0.0
musedata_corelli-chry-trio-op2-op2n01,musedata_corelli-chry-trio-op2-op2n01--02,musedata_corelli,musedata_stage2,ok,,4,3,0.25,319,24,0.0
musedata_corelli-chry-trio-op2-op2n01,musedata_corelli-chry-trio-op2-op2n01--03,musedata_corelli,musedata_stage2,ok,,4,3,0.25,222,8,0.0
musedata_corelli-chry-trio-op2-op2n01,musedata_corelli-chry-trio-op2-op2n01--04,musedata_corelli,musedata_stage2,ok,,4,3,0.25,107,0,0.0
musedata_corelli-chry-trio-op2-op2n02,musedata_corelli-chry-trio-op2-op2n02--01,musedata_corelli,musedata_stage2,ok,,4,3,0.25,434,16,0.1
musedata_corelli-chry-trio-op2-op2n02,musedata_corelli-chry-trio-op2-op2n02--02,musedata_corelli,musedata_stage2,ok,,4,3,0.25,357,8,0.0
musedata_corelli-chry-trio-op2-op2n02,musedata_corelli-chry-trio-op2-op2n02--03,musedata_corelli,musedata_stage2,ok,,4,3,0.25,393,139,0.0
musedata_corelli-chry-trio-op2-op2n03,musedata_corelli-chry-trio-op2-op2n03--01,musedata_corelli,musedata_stage2,ok,,4,3,0.25,196,8,0.0
musedata_corelli-chry-trio-op2-op2n03,musedata_corelli-chry-trio-op2-op2n03--02,musedata_corelli,musedata_stage2,ok,,4,3,0.25,442,56,0.2
musedata_corelli-chry-trio-op2-op2n03,musedata_corelli-chry-trio-op2-op2n03--03,musedata_corelli,musedata_stage2,ok,,4,3,0.25,200,11,0.0
musedata_corelli-chry-trio-op2-op2n03,musedata_corelli-chry-trio-op2-op2n03--04,musedata_corelli,musedata_stage2,ok,,4,3,0.25,379,2,0.0
musedata_corelli-chry-trio-op2-op2n04,musedata_corelli-chry-trio-op2-op2n04--01,musedata_corelli,musedata_stage2,ok,,4,3,0.25,265,2,0.0
musedata_corelli-chry-trio-op2-op2n04,musedata_corelli-chry-trio-op2-op2n04--02,musedata_corelli,musedata_stage2,ok,,4,3,0.25,301,18,0.0
musedata_corelli-chry-trio-op2-op2n04,musedata_corelli-chry-trio-op2-op2n04--03,musedata_corelli,musedata_stage2,ok,,4,3,0.25,325,36,0.0
musedata_corelli-chry-trio-op2-op2n04,musedata_corelli-chry-trio-op2-op2n04--04,musedata_corelli,musedata_stage2,ok,,4,3,0.25,461,143,0.0
musedata_corelli-chry-trio-op2-op2n05,musedata_corelli-chry-trio-op2-op2n05--01,musedata_corelli,musedata_stage2,ok,,4,3,0.25,164,3,0.0
musedata_corelli-chry-trio-op2-op2n05,musedata_corelli-chry-trio-op2-op2n05--02,musedata_corelli,musedata_stage2,ok,,4,3,0.25,410,51,0.1
musedata_corelli-chry-trio-op2-op2n05,musedata_corelli-chry-trio-op2-op2n05--03,musedata_corelli,musedata_stage2,ok,,4,3,0.25,122,0,0.0
musedata_corelli-chry-trio-op2-op2n05,musedata_corelli-chry-trio-op2-op2n05--04,musedata_corelli,musedata_stage2,ok,,4,3,0.25,349,48,0.0
musedata_corelli-chry-trio-op2-op2n06,musedata_corelli-chry-trio-op2-op2n06--01,musedata_corelli,musedata_stage2,ok,,4,3,0.25,365,28,0.0
musedata_corelli-chry-trio-op2-op2n06,musedata_corelli-chry-trio-op2-op2n06--02,musedata_corelli,musedata_stage2,ok,,4,3,0.25,217,8,0.0
musedata_corelli-chry-trio-op2-op2n06,musedata_corelli-chry-trio-op2-op2n06--03,musedata_corelli,musedata_stage2,ok,,4,3,0.25,565,110,0.0
musedata_corelli-chry-trio-op2-op2n07,musedata_corelli-chry-trio-op2-op2n07--01,musedata_corelli,musedata_stage2,ok,,4,3,0.25,262,11,0.0
musedata_corelli-chry-trio-op2-op2n07,musedata_corelli-chry-trio-op2-op2n07--02,musedata_corelli,musedata_stage2,ok,,4,3,0.25,299,35,0.0
musedata_corelli-chry-trio-op2-op2n07,musedata_corelli-chry-trio-op2-op2n07--03,musedata_corelli,musedata_stage2,ok,,4,3,0.25,267,11,0.0
musedata_corelli-chry-trio-op2-op2n07,musedata_corelli-chry-trio-op2-op2n07--04,musedata_corelli,musedata_stage2,ok,,4,3,0.25,413,12,0.0
musedata_corelli-chry-trio-op2-op2n08,musedata_corelli-chry-trio-op2-op2n08--01,musedata_corelli,musedata_stage2,ok,,4,3,0.25,197,11,0.0
musedata_corelli-chry-trio-op2-op2n08,musedata_corelli-chry-trio-op2-op2n08--02,musedata_corelli,musedata_stage2,ok,,4,3,0.25,453,40,0.1
musedata_corelli-chry-trio-op2-op2n08,musedata_corelli-chry-trio-op2-op2n08--03,musedata_corelli,musedata_stage2,ok,,4,3,0.25,195,4,0.0
musedata_corelli-chry-trio-op2-op2n08,musedata_corelli-chry-trio-op2-op2n08--04,musedata_corelli,musedata_stage2,ok,,4,3,0.25,281,31,0.0
musedata_corelli-chry-trio-op2-op2n09,musedata_corelli-chry-trio-op2-op2n09--01,musedata_corelli,musedata_stage2,ok,,4,3,0.25,392,24,0.0
musedata_corelli-chry-trio-op2-op2n09,musedata_corelli-chry-trio-op2-op2n09--02,musedata_corelli,musedata_stage2,ok,,4,3,0.25,335,46,0.1
musedata_corelli-chry-trio-op2-op2n09,musedata_corelli-chry-trio-op2-op2n09--03,musedata_corelli,musedata_stage2,ok,,4,3,0.25,344,79,0.0
musedata_corelli-chry-trio-op2-op2n10,musedata_corelli-chry-trio-op2-op2n10--01,musedata_corelli,musedata_stage2,ok,,4,3,0.25,148,3,0.0
musedata_corelli-chry-trio-op2-op2n10,musedata_corelli-chry-trio-op2-op2n10--02,musedata_corelli,musedata_stage2,ok,,4,3,0.25,343,60,0.0
musedata_corelli-chry-trio-op2-op2n10,musedata_corelli-chry-trio-op2-op2n10--03,musedata_corelli,musedata_stage2,ok,,4,3,0.25,133,0,0.0
musedata_corelli-chry-trio-op2-op2n10,musedata_corelli-chry-trio-op2-op2n10--04,musedata_corelli,musedata_stage2,ok,,4,3,0.25,359,12,0.0
musedata_corelli-chry-trio-op2-op2n11,musedata_corelli-chry-trio-op2-op2n11--01,musedata_corelli,musedata_stage2,ok,,4,3,0.25,169,11,0.0
musedata_corelli-chry-trio-op2-op2n11,musedata_corelli-chry-trio-op2-op2n11--02,musedata_corelli,musedata_stage2,ok,,4,3,0.25,397,61,0.0
musedata_corelli-chry-trio-op2-op2n11,musedata_corelli-chry-trio-op2-op2n11--03,musedata_corelli,musedata_stage2,ok,,4,3,0.25,393,7,0.0
musedata_corelli-chry-trio-op2-op2n12,musedata_corelli-chry-trio-op2-op2n12--01,musedata_corelli,musedata_stage2,ok,,4,3,0.25,1071,124,0.1
musedata_corelli-komarek-violin-op5n12,musedata_corelli-komarek-violin-op5n12--1a,musedata_corelli,musedata_stage1,ok,,3,3,0.0,1471,259,0.7
musedata_corelli-komarek-violin-op5n12,musedata_corelli-komarek-violin-op5n12--1b,musedata_corelli,musedata_stage1,ok,,2,2,0.0,81,509,0.2
musedata_corelli-komarek-violin-op5n12,musedata_corelli-komarek-violin-op5n12--1c,musedata_corelli,musedata_stage1,ok,,3,3,0.0,318,570,0.2
musedata_corelli-komarek-violin-op5n12,musedata_corelli-komarek-violin-op5n12--1d,musedata_corelli,musedata_stage1,ok,,3,3,0.0,1336,786,1.0
musedata_handel-arnold-semele,musedata_handel-arnold-semele--01,musedata_handel,musedata_stage2,ok,,8,7,0.125,3778,354,0.4
musedata_handel-arnold-semele,musedata_handel-arnold-semele--02,musedata_handel,musedata_stage2,ok,,4,3,0.25,595,0,0.0
musedata_handel-arnold-semele,musedata_handel-arnold-semele--03,musedata_handel,musedata_stage2,ok,,5,5,0.0,511,75,0.0
musedata_handel-arnold-semele,musedata_handel-arnold-semele--04,musedata_handel,musedata_stage2,ok,,13,10,0.231,4004,786,0.2
musedata_handel-arnold-semele,musedata_handel-arnold-semele--05,musedata_handel,musedata_stage2,ok,,7,6,0.143,234,112,0.0
musedata_handel-arnold-semele,musedata_handel-arnold-semele--06,musedata_handel,musedata_stage2,ok,,6,5,0.167,234,54,0.0
musedata_handel-arnold-semele,musedata_handel-arnold-semele--07,musedata_handel,musedata_stage2,ok,,6,5,0.167,349,146,0.0
musedata_handel-arnold-semele,musedata_handel-arnold-semele--08a,musedata_handel,musedata_stage2,ok,,6,5,0.167,2811,423,0.1
musedata_handel-arnold-semele,musedata_handel-arnold-semele--08b,musedata_handel,musedata_stage2,ok,,6,5,0.167,2811,423,0.1
musedata_handel-arnold-semele,musedata_handel-arnold-semele--09,musedata_handel,musedata_stage2,ok,,2,2,0.0,38,8,0.0
musedata_handel-arnold-semele,musedata_handel-arnold-semele--10,musedata_handel,musedata_stage2,ok,,4,3,0.25,1055,154,0.1
musedata_handel-arnold-semele,musedata_handel-arnold-semele--11,musedata_handel,musedata_stage2,ok,,2,2,0.0,107,28,0.0
musedata_handel-arnold-semele,musedata_handel-arnold-semele--12,musedata_handel,musedata_stage2,ok,,9,8,0.111,1113,426,0.1
musedata_handel-arnold-semele,musedata_handel-arnold-semele--13,musedata_handel,musedata_stage2,ok,,13,11,0.154,4599,342,0.2
musedata_handel-arnold-semele,musedata_handel-arnold-semele--14,musedata_handel,musedata_stage2,ok,,5,5,0.0,224,81,0.0
musedata_handel-arnold-semele,musedata_handel-arnold-semele--15,musedata_handel,musedata_stage2,ok,,2,2,0.0,32,8,0.0
musedata_handel-arnold-semele,musedata_handel-arnold-semele--16,musedata_handel,musedata_stage2,ok,,12,11,0.083,1525,175,0.1
musedata_handel-arnold-semele,musedata_handel-arnold-semele--17,musedata_handel,musedata_stage2,ok,,2,2,0.0,46,13,0.0
musedata_handel-arnold-semele,musedata_handel-arnold-semele--18,musedata_handel,musedata_stage2,ok,,4,4,0.0,955,286,0.1
musedata_handel-arnold-semele,musedata_handel-arnold-semele--19,musedata_handel,musedata_stage2,ok,,2,2,0.0,39,12,0.0
musedata_handel-arnold-semele,musedata_handel-arnold-semele--20,musedata_handel,musedata_stage2,ok,,4,3,0.25,571,161,0.0
musedata_handel-arnold-semele,musedata_handel-arnold-semele--21,musedata_handel,musedata_stage2,ok,,2,2,0.0,105,25,0.0
musedata_handel-arnold-semele,musedata_handel-arnold-semele--22,musedata_handel,musedata_stage2,ok,,7,6,0.143,1125,293,0.1
musedata_handel-arnold-semele,musedata_handel-arnold-semele--23,musedata_handel,musedata_stage2,ok,,2,2,0.0,74,15,0.0
musedata_handel-arnold-semele,musedata_handel-arnold-semele--24,musedata_handel,musedata_stage2,ok,,5,5,0.0,486,56,0.0
musedata_handel-arnold-semele,musedata_handel-arnold-semele--25,musedata_handel,musedata_stage2,ok,,2,2,0.0,25,7,0.0
musedata_handel-arnold-semele,musedata_handel-arnold-semele--26,musedata_handel,musedata_stage2,ok,,2,2,0.0,28,6,0.0
musedata_handel-arnold-semele,musedata_handel-arnold-semele--27,musedata_handel,musedata_stage2,ok,,15,12,0.2,3148,562,0.2
musedata_handel-arnold-semele,musedata_handel-arnold-semele--28,musedata_handel,musedata_stage2,ok,,15,13,0.133,3786,1530,0.3
musedata_handel-arnold-semele,musedata_handel-arnold-semele--29,musedata_handel,musedata_stage2,ok,,4,3,0.25,1233,55,0.0
musedata_handel-arnold-semele,musedata_handel-arnold-semele--30,musedata_handel,musedata_stage2,ok,,2,2,0.0,130,21,0.0
musedata_handel-arnold-semele,musedata_handel-arnold-semele--31,musedata_handel,musedata_stage2,ok,,5,4,0.2,918,71,0.1
musedata_handel-arnold-semele,musedata_handel-arnold-semele--32,musedata_handel,musedata_stage2,ok,,5,5,0.0,1399,277,0.1
musedata_handel-arnold-semele,musedata_handel-arnold-semele--33,musedata_handel,musedata_stage2,ok,,6,5,0.167,1264,389,0.1
musedata_handel-arnold-semele,musedata_handel-arnold-semele--34,musedata_handel,musedata_stage2,fail,IndexError: list index out of range,,,,,,0.0
musedata_handel-arnold-semele,musedata_handel-arnold-semele--35,musedata_handel,musedata_stage2,ok,,3,2,0.333,315,42,0.0
musedata_handel-arnold-semele,musedata_handel-arnold-semele--36,musedata_handel,musedata_stage2,ok,,2,2,0.0,45,9,0.0
musedata_handel-arnold-semele,musedata_handel-arnold-semele--37,musedata_handel,musedata_stage2,ok,,4,4,0.0,842,123,0.0
musedata_handel-arnold-semele,musedata_handel-arnold-semele--38,musedata_handel,musedata_stage2,ok,,2,2,0.0,40,11,0.0
musedata_handel-arnold-semele,musedata_handel-arnold-semele--39,musedata_handel,musedata_stage2,ok,,5,3,0.4,1240,250,0.1
musedata_handel-arnold-semele,musedata_handel-arnold-semele--40,musedata_handel,musedata_stage2,ok,,11,10,0.091,2003,314,0.1
musedata_handel-arnold-semele,musedata_handel-arnold-semele--41,musedata_handel,musedata_stage2,ok,,2,2,0.0,177,37,0.0
musedata_handel-arnold-semele,musedata_handel-arnold-semele--42,musedata_handel,musedata_stage2,ok,,4,3,0.25,889,223,0.1
musedata_handel-arnold-semele,musedata_handel-arnold-semele--43,musedata_handel,musedata_stage2,ok,,11,10,0.091,4019,384,0.2
musedata_handel-arnold-semele,musedata_handel-arnold-semele--44,musedata_handel,musedata_stage2,ok,,2,2,0.0,148,31,0.0
musedata_handel-arnold-semele,musedata_handel-arnold-semele--45,musedata_handel,musedata_stage2,ok,,6,5,0.167,936,85,0.0
musedata_handel-arnold-semele,musedata_handel-arnold-semele--46,musedata_handel,musedata_stage2,ok,,2,2,0.0,106,24,0.0
musedata_handel-arnold-semele,musedata_handel-arnold-semele--47,musedata_handel,musedata_stage2,ok,,8,5,0.375,856,135,0.1
musedata_handel-arnold-semele,musedata_handel-arnold-semele--48,musedata_handel,musedata_stage2,ok,,7,6,0.143,608,166,0.0
musedata_handel-arnold-semele,musedata_handel-arnold-semele--49,musedata_handel,musedata_stage2,ok,,13,10,0.231,2711,476,0.2
musedata_handel-arnold-semele,musedata_handel-arnold-semele--50,musedata_handel,musedata_stage2,ok,,6,6,0.0,409,116,0.0
musedata_handel-arnold-semele,musedata_handel-arnold-semele--51,musedata_handel,musedata_stage2,ok,,8,5,0.375,458,147,0.1
musedata_handel-arnold-semele,musedata_handel-arnold-semele--52,musedata_handel,musedata_stage2,ok,,6,5,0.167,792,67,0.0
musedata_handel-arnold-semele,musedata_handel-arnold-semele--53,musedata_handel,musedata_stage2,ok,,2,2,0.0,72,16,0.0
musedata_handel-arnold-semele,musedata_handel-arnold-semele--54,musedata_handel,musedata_stage2,ok,,4,3,0.25,637,69,0.0
musedata_handel-arnold-semele,musedata_handel-arnold-semele--55,musedata_handel,musedata_stage2,ok,,2,2,0.0,195,37,0.0
musedata_handel-arnold-semele,musedata_handel-arnold-semele--56,musedata_handel,musedata_stage2,ok,,6,5,0.167,774,150,0.1
musedata_handel-arnold-semele,musedata_handel-arnold-semele--57,musedata_handel,musedata_stage2,ok,,3,2,0.333,356,97,0.0
musedata_handel-arnold-semele,musedata_handel-arnold-semele--58,musedata_handel,musedata_stage2,ok,,2,2,0.0,233,52,0.0
musedata_handel-arnold-semele,musedata_handel-arnold-semele--58a,musedata_handel,musedata_stage2,ok,,2,2,0.0,130,28,0.0
musedata_handel-arnold-semele,musedata_handel-arnold-semele--58c,musedata_handel,musedata_stage2,ok,,2,2,0.0,233,52,0.0
musedata_handel-arnold-semele,musedata_handel-arnold-semele--59a,musedata_handel,musedata_stage2,ok,,6,6,0.0,2355,565,0.1
musedata_handel-arnold-semele,musedata_handel-arnold-semele--60a,musedata_handel,musedata_stage2,ok,,2,2,0.0,27,9,0.0
musedata_handel-arnold-semele,musedata_handel-arnold-semele--61,musedata_handel,musedata_stage2,ok,,4,3,0.25,1497,340,0.1
musedata_handel-arnold-semele,musedata_handel-arnold-semele--61c,musedata_handel,musedata_stage2,ok,,4,3,0.25,1497,340,0.1
musedata_handel-arnold-semele,musedata_handel-arnold-semele--62,musedata_handel,musedata_stage2,ok,,2,2,0.0,65,16,0.0
musedata_handel-arnold-semele,musedata_handel-arnold-semele--63,musedata_handel,musedata_stage2,ok,,5,5,0.0,416,121,0.0
musedata_handel-arnold-semele,musedata_handel-arnold-semele--64,musedata_handel,musedata_stage2,ok,,6,5,0.167,877,131,0.0
musedata_handel-arnold-semele,musedata_handel-arnold-semele--65,musedata_handel,musedata_stage2,ok,,2,2,0.0,48,11,0.0
musedata_handel-arnold-semele,musedata_handel-arnold-semele--66,musedata_handel,musedata_stage2,ok,,6,5,0.167,787,291,0.1
musedata_handel-arnold-semele,musedata_handel-arnold-semele--67,musedata_handel,musedata_stage2,ok,,6,5,0.167,443,312,0.0
musedata_handel-arnold-semele,musedata_handel-arnold-semele--68,musedata_handel,musedata_stage2,ok,,2,2,0.0,26,5,0.0
musedata_handel-arnold-semele,musedata_handel-arnold-semele--69,musedata_handel,musedata_stage2,ok,,5,5,0.0,220,15,0.0
musedata_handel-arnold-semele,musedata_handel-arnold-semele--70,musedata_handel,musedata_stage2,ok,,2,2,0.0,17,6,0.0
musedata_handel-arnold-semele,musedata_handel-arnold-semele--71,musedata_handel,musedata_stage2,ok,,6,5,0.167,77,26,0.0
musedata_handel-arnold-semele,musedata_handel-arnold-semele--72,musedata_handel,musedata_stage2,ok,,6,5,0.167,1383,250,0.1
musedata_handel-arnold-semele,musedata_handel-arnold-semele--73,musedata_handel,musedata_stage2,ok,,4,3,0.25,1504,241,0.1
musedata_handel-arnold-semele,musedata_handel-arnold-semele--73a,musedata_handel,musedata_stage2,ok,,4,3,0.25,1504,241,0.1
musedata_handel-arnold-semele,musedata_handel-arnold-semele--74,musedata_handel,musedata_stage2,ok,,6,5,0.167,609,122,0.0
musedata_handel-arnold-semele,musedata_handel-arnold-semele--75,musedata_handel,musedata_stage2,ok,,4,3,0.25,445,41,0.0
musedata_handel-arnold-semele,musedata_handel-arnold-semele--76,musedata_handel,musedata_stage2,ok,,6,5,0.167,527,120,0.0
musedata_handel-arnold-semele,musedata_handel-arnold-semele--77,musedata_handel,musedata_stage2,ok,,2,2,0.0,16,7,0.0
musedata_handel-arnold-semele,musedata_handel-arnold-semele--78,musedata_handel,musedata_stage2,ok,,12,10,0.167,2202,600,0.2
musedata_handel-arnold-semele,musedata_handel-arnold-semele--79,musedata_handel,musedata_stage2,ok,,2,2,0.0,104,20,0.0
musedata_handel-arnold-semele,musedata_handel-arnold-semele--80,musedata_handel,musedata_stage2,ok,,5,4,0.2,1406,306,0.1
musedata_handel-arnold-semele,musedata_handel-arnold-semele--81,musedata_handel,musedata_stage2,ok,,2,2,0.0,25,5,0.0
musedata_handel-arnold-semele,musedata_handel-arnold-semele--82,musedata_handel,musedata_stage2,ok,,5,4,0.2,331,15,0.0
musedata_handel-arnold-semele,musedata_handel-arnold-semele--83,musedata_handel,musedata_stage2,ok,,5,5,0.0,136,18,0.0
musedata_handel-arnold-semele,musedata_handel-arnold-semele--84,musedata_handel,musedata_stage2,ok,,15,14,0.067,5137,794,0.3
musedata_handel-auto-sus,musedata_handel-auto-sus--01,musedata_handel,musedata_stage2,ok,,7,6,0.143,2774,308,0.3
musedata_handel-auto-sus,musedata_handel-auto-sus--02,musedata_handel,musedata_stage2,ok,,10,10,0.0,1236,203,0.1
musedata_handel-auto-sus,musedata_handel-auto-sus--03,musedata_handel,musedata_stage2,ok,,2,2,0.0,48,10,0.0
musedata_handel-auto-sus,musedata_handel-auto-sus--04,musedata_handel,musedata_stage2,ok,,5,5,0.0,914,248,0.0
musedata_handel-auto-sus,musedata_handel-auto-sus--05,musedata_handel,musedata_stage2,ok,,2,2,0.0,44,12,0.0
musedata_handel-auto-sus,musedata_handel-auto-sus--06,musedata_handel,musedata_stage2,ok,,5,5,0.0,1697,625,0.1
musedata_handel-auto-sus,musedata_handel-auto-sus--07,musedata_handel,musedata_stage2,ok,,2,2,0.0,51,14,0.0
musedata_handel-auto-sus,musedata_handel-auto-sus--08,musedata_handel,musedata_stage2,ok,,7,5,0.286,2521,604,0.1
musedata_handel-auto-sus,musedata_handel-auto-sus--09,musedata_handel,musedata_stage2,ok,,2,2,0.0,48,12,0.0
musedata_handel-auto-sus,musedata_handel-auto-sus--10,musedata_handel,musedata_stage2,ok,,4,4,0.0,1081,335,0.1
musedata_handel-auto-sus,musedata_handel-auto-sus--11,musedata_handel,musedata_stage2,ok,,2,2,0.0,49,12,0.0
musedata_handel-auto-sus,musedata_handel-auto-sus--12,musedata_handel,musedata_stage2,ok,,5,5,0.0,800,265,0.0
musedata_handel-auto-sus,musedata_handel-auto-sus--13,musedata_handel,musedata_stage2,ok,,2,2,0.0,73,17,0.0
musedata_handel-auto-sus,musedata_handel-auto-sus--14,musedata_handel,musedata_stage2,ok,,5,5,0.0,417,28,0.0
musedata_handel-auto-sus,musedata_handel-auto-sus--15,musedata_handel,musedata_stage2,ok,,2,2,0.0,54,12,0.0
musedata_handel-auto-sus,musedata_handel-auto-sus--16,musedata_handel,musedata_stage2,ok,,5,3,0.4,1297,303,0.1
musedata_handel-auto-sus,musedata_handel-auto-sus--17,musedata_handel,musedata_stage2,ok,,4,4,0.0,351,131,0.0
musedata_handel-auto-sus,musedata_handel-auto-sus--18,musedata_handel,musedata_stage2,ok,,4,4,0.0,984,201,0.0
musedata_handel-auto-sus,musedata_handel-auto-sus--19,musedata_handel,musedata_stage2,ok,,2,2,0.0,25,8,0.0
musedata_handel-auto-sus,musedata_handel-auto-sus--20,musedata_handel,musedata_stage2,ok,,5,5,0.0,211,38,0.0
musedata_handel-auto-sus,musedata_handel-auto-sus--21,musedata_handel,musedata_stage2,ok,,6,6,0.0,847,96,0.1
musedata_handel-auto-sus,musedata_handel-auto-sus--22,musedata_handel,musedata_stage2,ok,,5,5,0.0,923,200,0.0
musedata_handel-auto-sus,musedata_handel-auto-sus--23,musedata_handel,musedata_stage2,ok,,5,3,0.4,231,105,0.0
musedata_handel-auto-sus,musedata_handel-auto-sus--24,musedata_handel,musedata_stage2,ok,,4,4,0.0,489,175,0.0
musedata_handel-auto-sus,musedata_handel-auto-sus--25,musedata_handel,musedata_stage2,ok,,6,4,0.333,1483,313,0.1
musedata_handel-auto-sus,musedata_handel-auto-sus--26,musedata_handel,musedata_stage2,ok,,4,2,0.5,118,64,0.0
musedata_handel-auto-sus,musedata_handel-auto-sus--27,musedata_handel,musedata_stage2,ok,,5,3,0.4,1544,572,0.1
musedata_handel-auto-sus,musedata_handel-auto-sus--28,musedata_handel,musedata_stage2,ok,,11,11,0.0,7739,706,0.3
musedata_handel-auto-sus,musedata_handel-auto-sus--29,musedata_handel,musedata_stage2,ok,,2,2,0.0,48,10,0.0
musedata_handel-auto-sus,musedata_handel-auto-sus--30,musedata_handel,musedata_stage2,ok,,5,4,0.2,915,320,0.1
musedata_handel-auto-sus,musedata_handel-auto-sus--31,musedata_handel,musedata_stage2,ok,,2,2,0.0,26,5,0.0
musedata_handel-auto-sus,musedata_handel-auto-sus--32,musedata_handel,musedata_stage2,ok,,5,5,0.0,1976,184,0.1
musedata_handel-auto-sus,musedata_handel-auto-sus--33,musedata_handel,musedata_stage2,ok,,4,4,0.0,301,101,0.0
musedata_handel-auto-sus,musedata_handel-auto-sus--34,musedata_handel,musedata_stage2,ok,,5,4,0.2,405,76,0.0
musedata_handel-auto-sus,musedata_handel-auto-sus--35,musedata_handel,musedata_stage2,ok,,4,2,0.5,99,66,0.0
musedata_handel-auto-sus,musedata_handel-auto-sus--36,musedata_handel,musedata_stage2,ok,,5,5,0.0,562,59,0.0
musedata_handel-auto-sus,musedata_handel-auto-sus--37,musedata_handel,musedata_stage2,ok,,4,2,0.5,118,82,0.0
musedata_handel-auto-sus,musedata_handel-auto-sus--38,musedata_handel,musedata_stage2,ok,,2,2,0.0,81,19,0.0
musedata_handel-auto-sus,musedata_handel-auto-sus--39,musedata_handel,musedata_stage2,ok,,5,3,0.4,783,364,0.1
musedata_handel-auto-sus,musedata_handel-auto-sus--40,musedata_handel,musedata_stage2,ok,,4,2,0.5,95,61,0.0
musedata_handel-auto-sus,musedata_handel-auto-sus--41,musedata_handel,musedata_stage2,ok,,5,5,0.0,2454,162,0.1
musedata_handel-auto-sus,musedata_handel-auto-sus--42,musedata_handel,musedata_stage2,ok,,4,2,0.5,94,64,0.0
musedata_handel-auto-sus,musedata_handel-auto-sus--43,musedata_handel,musedata_stage2,ok,,7,7,0.0,1508,213,0.1
musedata_handel-auto-sus,musedata_handel-auto-sus--44,musedata_handel,musedata_stage2,ok,,4,3,0.25,95,60,0.0
musedata_handel-auto-sus,musedata_handel-auto-sus--45,musedata_handel,musedata_stage2,ok,,4,2,0.5,78,50,0.0
musedata_handel-auto-sus,musedata_handel-auto-sus--46,musedata_handel,musedata_stage2,ok,,5,5,0.0,1322,189,0.1
musedata_handel-auto-sus,musedata_handel-auto-sus--47,musedata_handel,musedata_stage2,ok,,2,2,0.0,25,10,0.0
musedata_handel-auto-sus,musedata_handel-auto-sus--48,musedata_handel,musedata_stage2,ok,,10,9,0.1,1381,353,0.1
musedata_handel-auto-sus,musedata_handel-auto-sus--49,musedata_handel,musedata_stage2,ok,,2,2,0.0,73,20,0.0
musedata_handel-auto-sus,musedata_handel-auto-sus--50,musedata_handel,musedata_stage2,ok,,5,3,0.4,1737,207,0.1
musedata_handel-auto-sus,musedata_handel-auto-sus--51,musedata_handel,musedata_stage2,ok,,11,10,0.091,3452,434,0.2
musedata_handel-auto-sus,musedata_handel-auto-sus--52,musedata_handel,musedata_stage2,ok,,10,10,0.0,2574,331,0.1
musedata_handel-auto-sus,musedata_handel-auto-sus--53,musedata_handel,musedata_stage2,ok,,2,2,0.0,51,12,0.0
musedata_handel-auto-sus,musedata_handel-auto-sus--54,musedata_handel,musedata_stage2,ok,,5,5,0.0,757,142,0.0
musedata_handel-auto-sus,musedata_handel-auto-sus--55,musedata_handel,musedata_stage2,ok,,2,2,0.0,25,6,0.0
musedata_handel-auto-sus,musedata_handel-auto-sus--56,musedata_handel,musedata_stage2,ok,,5,5,0.0,806,140,0.0
musedata_handel-auto-sus,musedata_handel-auto-sus--57,musedata_handel,musedata_stage2,ok,,2,2,0.0,53,13,0.0
musedata_handel-auto-sus,musedata_handel-auto-sus--58,musedata_handel,musedata_stage2,ok,,5,5,0.0,136,23,0.0
musedata_handel-auto-sus,musedata_handel-auto-sus--59,musedata_handel,musedata_stage2,ok,,5,5,0.0,254,117,0.0
musedata_handel-auto-sus,musedata_handel-auto-sus--60,musedata_handel,musedata_stage2,ok,,5,4,0.2,1280,341,0.1
musedata_handel-auto-sus,musedata_handel-auto-sus--61,musedata_handel,musedata_stage2,ok,,4,3,0.25,131,70,0.0
musedata_handel-auto-sus,musedata_handel-auto-sus--62,musedata_handel,musedata_stage2,ok,,10,10,0.0,3514,389,0.2
musedata_handel-auto-sus,musedata_handel-auto-sus--63,musedata_handel,musedata_stage2,ok,,5,5,0.0,729,314,0.0
musedata_handel-auto-sus,musedata_handel-auto-sus--64,musedata_handel,musedata_stage2,ok,,5,5,0.0,978,157,0.1
musedata_handel-auto-sus,musedata_handel-auto-sus--65,musedata_handel,musedata_stage2,ok,,2,2,0.0,28,6,0.0
musedata_handel-auto-sus,musedata_handel-auto-sus--66,musedata_handel,musedata_stage2,ok,,5,3,0.4,1061,272,0.1
musedata_handel-auto-sus,musedata_handel-auto-sus--67,musedata_handel,musedata_stage2,ok,,4,2,0.5,52,32,0.0
musedata_handel-auto-sus,musedata_handel-auto-sus--68,musedata_handel,musedata_stage2,ok,,8,8,0.0,3726,667,0.2
musedata_handel-auto-sus,musedata_handel-auto-sus--69,musedata_handel,musedata_stage2,ok,,14,10,0.286,2058,367,0.2
musedata_handel-auto-sus,musedata_handel-auto-sus--70,musedata_handel,musedata_stage2,ok,,2,2,0.0,52,9,0.0
musedata_handel-auto-sus,musedata_handel-auto-sus--71,musedata_handel,musedata_stage2,ok,,7,5,0.286,3249,400,0.2
musedata_handel-auto-sus,musedata_handel-auto-sus--72,musedata_handel,musedata_stage2,ok,,4,2,0.5,74,40,0.0
musedata_handel-auto-sus,musedata_handel-auto-sus--73,musedata_handel,musedata_stage2,ok,,5,5,0.0,1501,320,0.1
musedata_handel-auto-sus,musedata_handel-auto-sus--74,musedata_handel,musedata_stage2,ok,,12,11,0.083,3228,293,0.2
musedata_handel-auto-sus,musedata_handel-auto-sus--apx1,musedata_handel,musedata_stage2,ok,,10,10,0.0,3966,492,0.2
musedata_handel-auto-sus,musedata_handel-auto-sus--apx2,musedata_handel,musedata_stage2,ok,,11,11,0.0,2256,445,0.2
musedata_handel-best-rada,musedata_handel-best-rada--01,musedata_handel,musedata_stage2,ok,,9,6,0.333,2248,253,0.3
musedata_handel-best-rada,musedata_handel-best-rada--02,musedata_handel,musedata_stage2,ok,,6,2,0.667,319,312,0.0
musedata_handel-best-rada,musedata_handel-best-rada--03,musedata_handel,musedata_stage2,ok,,2,1,0.5,35,0,0.0
musedata_handel-best-rada,musedata_handel-best-rada--04,musedata_handel,musedata_stage2,ok,,6,2,0.667,788,178,0.1
musedata_handel-best-rada,musedata_handel-best-rada--05,musedata_handel,musedata_stage2,ok,,2,1,0.5,14,2,0.0
musedata_handel-best-rada,musedata_handel-best-rada--06,musedata_handel,musedata_stage2,ok,,4,1,0.75,286,220,0.0
musedata_handel-best-rada,musedata_handel-best-rada--07,musedata_handel,musedata_stage2,ok,,2,1,0.5,21,0,0.0
musedata_handel-best-rada,musedata_handel-best-rada--08,musedata_handel,musedata_stage2,ok,,4,1,0.75,106,120,0.0
musedata_handel-best-rada,musedata_handel-best-rada--09,musedata_handel,musedata_stage2,ok,,2,1,0.5,33,0,0.0
musedata_handel-best-rada,musedata_handel-best-rada--10,musedata_handel,musedata_stage2,ok,,4,1,0.75,467,124,0.1
musedata_handel-best-rada,musedata_handel-best-rada--11,musedata_handel,musedata_stage2,ok,,2,1,0.5,20,0,0.0
musedata_handel-best-rada,musedata_handel-best-rada--12,musedata_handel,musedata_stage2,ok,,5,2,0.6,34,199,0.0
musedata_handel-best-rada,musedata_handel-best-rada--13,musedata_handel,musedata_stage2,ok,,2,1,0.5,52,0,0.0
musedata_handel-best-rada,musedata_handel-best-rada--14,musedata_handel,musedata_stage2,ok,,6,2,0.667,921,174,0.1
musedata_handel-best-rada,musedata_handel-best-rada--15,musedata_handel,musedata_stage2,ok,,2,1,0.5,24,0,0.0
musedata_handel-best-rada,musedata_handel-best-rada--16,musedata_handel,musedata_stage2,ok,,6,2,0.667,489,498,0.1
musedata_handel-best-rada,musedata_handel-best-rada--17,musedata_handel,musedata_stage2,ok,,2,1,0.5,11,2,0.0
musedata_handel-best-rada,musedata_handel-best-rada--18,musedata_handel,musedata_stage2,ok,,5,2,0.6,463,272,0.1
musedata_handel-best-rada,musedata_handel-best-rada--19,musedata_handel,musedata_stage2,ok,,3,2,0.333,13,11,0.0
musedata_handel-best-rada,musedata_handel-best-rada--20,musedata_handel,musedata_stage2,ok,,4,1,0.75,119,12,0.0
musedata_handel-best-rada,musedata_handel-best-rada--21,musedata_handel,musedata_stage2,ok,,2,1,0.5,38,0,0.0
musedata_handel-best-rada,musedata_handel-best-rada--23,musedata_handel,musedata_stage2,ok,,2,1,0.5,15,0,0.0
musedata_handel-best-rada,musedata_handel-best-rada--24,musedata_handel,musedata_stage2,ok,,6,2,0.667,477,278,0.1
musedata_handel-best-rada,musedata_handel-best-rada--25,musedata_handel,musedata_stage2,ok,,2,1,0.5,9,0,0.0
musedata_handel-best-rada,musedata_handel-best-rada--26,musedata_handel,musedata_stage2,ok,,4,1,0.75,421,172,0.1
musedata_handel-best-rada,musedata_handel-best-rada--27,musedata_handel,musedata_stage2,ok,,2,1,0.5,7,0,0.0
musedata_handel-best-rada,musedata_handel-best-rada--28,musedata_handel,musedata_stage2,ok,,4,1,0.75,153,4,0.0
musedata_handel-best-rada,musedata_handel-best-rada--29,musedata_handel,musedata_stage2,ok,,2,1,0.5,35,0,0.0
musedata_handel-best-rada,musedata_handel-best-rada--30,musedata_handel,musedata_stage2,ok,,2,1,0.5,49,2,0.0
musedata_handel-best-rada,musedata_handel-best-rada--31,musedata_handel,musedata_stage2,ok,,3,1,0.667,338,228,0.1
musedata_handel-best-rada,musedata_handel-best-rada--32,musedata_handel,musedata_stage2,ok,,2,1,0.5,7,2,0.0
musedata_handel-best-rada,musedata_handel-best-rada--33,musedata_handel,musedata_stage2,ok,,3,1,0.667,333,114,0.0
musedata_handel-best-rada,musedata_handel-best-rada--34,musedata_handel,musedata_stage2,ok,,2,1,0.5,21,2,0.0
musedata_handel-best-rada,musedata_handel-best-rada--35,musedata_handel,musedata_stage2,ok,,8,3,0.625,1147,434,0.1
musedata_handel-best-rada,musedata_handel-best-rada--36,musedata_handel,musedata_stage2,ok,,2,1,0.5,8,2,0.0
musedata_handel-best-rada,musedata_handel-best-rada--37,musedata_handel,musedata_stage2,ok,,4,1,0.75,313,232,0.0
musedata_handel-best-rada,musedata_handel-best-rada--38,musedata_handel,musedata_stage2,ok,,2,1,0.5,24,2,0.0
musedata_handel-best-rada,musedata_handel-best-rada--39,musedata_handel,musedata_stage2,ok,,2,1,0.5,20,0,0.0
musedata_handel-best-rada,musedata_handel-best-rada--40,musedata_handel,musedata_stage2,ok,,7,2,0.714,742,236,0.1
musedata_handel-best-rada,musedata_handel-best-rada--41,musedata_handel,musedata_stage2,ok,,2,1,0.5,9,2,0.0
musedata_handel-best-rada,musedata_handel-best-rada--42,musedata_handel,musedata_stage2,ok,,4,1,0.75,201,76,0.0
musedata_handel-best-rada,musedata_handel-best-rada--43,musedata_handel,musedata_stage2,ok,,2,1,0.5,12,2,0.0
musedata_handel-best-rada,musedata_handel-best-rada--43a,musedata_handel,musedata_stage2,ok,,2,2,0.0,94,16,0.0
musedata_handel-best-rada,musedata_handel-best-rada--44,musedata_handel,musedata_stage2,ok,,4,1,0.75,316,112,0.0
musedata_handel-best-rada,musedata_handel-best-rada--45,musedata_handel,musedata_stage2,ok,,2,1,0.5,28,2,0.0
musedata_handel-best-rada,musedata_handel-best-rada--46,musedata_handel,musedata_stage2,ok,,6,2,0.667,401,170,0.0
musedata_handel-best-rada,musedata_handel-best-rada--47,musedata_handel,musedata_stage2,ok,,2,1,0.5,10,2,0.0
musedata_handel-best-rada,musedata_handel-best-rada--48,musedata_handel,musedata_stage2,ok,,4,1,0.75,223,172,0.0
musedata_handel-best-rada,musedata_handel-best-rada--49,musedata_handel,musedata_stage2,ok,,4,1,0.75,108,164,0.0
musedata_handel-best-rada,musedata_handel-best-rada--50,musedata_handel,musedata_stage2,ok,,2,1,0.5,29,0,0.0
musedata_handel-best-rada,musedata_handel-best-rada--51,musedata_handel,musedata_stage2,ok,,2,1,0.5,44,0,0.0
musedata_handel-best-rada,musedata_handel-best-rada--52,musedata_handel,musedata_stage2,ok,,4,1,0.75,130,40,0.0
musedata_handel-best-rada,musedata_handel-best-rada--53,musedata_handel,musedata_stage2,ok,,2,1,0.5,8,2,0.0
musedata_handel-best-rada,musedata_handel-best-rada--54,musedata_handel,musedata_stage2,ok,,2,1,0.5,14,2,0.0
musedata_handel-best-rada,musedata_handel-best-rada--55,musedata_handel,musedata_stage2,ok,,4,1,0.75,138,176,0.0
musedata_handel-best-rada,musedata_handel-best-rada--56,musedata_handel,musedata_stage2,ok,,2,1,0.5,16,2,0.0
musedata_handel-best-rada,musedata_handel-best-rada--57,musedata_handel,musedata_stage2,ok,,3,1,0.667,241,129,0.0
musedata_handel-best-rada,musedata_handel-best-rada--58,musedata_handel,musedata_stage2,ok,,2,1,0.5,8,0,0.0
musedata_handel-best-rada,musedata_handel-best-rada--59,musedata_handel,musedata_stage2,ok,,3,1,0.667,96,93,0.0
musedata_handel-best-rada,musedata_handel-best-rada--60,musedata_handel,musedata_stage2,ok,,2,1,0.5,18,2,0.0
musedata_handel-best-rada,musedata_handel-best-rada--61,musedata_handel,musedata_stage2,ok,,3,1,0.667,216,315,0.0
musedata_handel-best-rada,musedata_handel-best-rada--62,musedata_handel,musedata_stage2,ok,,2,1,0.5,58,0,0.0
musedata_handel-best-rada,musedata_handel-best-rada--64,musedata_handel,musedata_stage2,ok,,2,1,0.5,38,46,0.0
musedata_handel-best-rada,musedata_handel-best-rada--65,musedata_handel,musedata_stage2,ok,,4,1,0.75,327,360,0.1
musedata_handel-best-rada,musedata_handel-best-rada--66,musedata_handel,musedata_stage2,ok,,2,1,0.5,22,2,0.0
musedata_handel-best-rada,musedata_handel-best-rada--67,musedata_handel,musedata_stage2,ok,,4,1,0.75,307,244,0.1
musedata_handel-best-rada,musedata_handel-best-rada--68,musedata_handel,musedata_stage2,ok,,2,1,0.5,18,0,0.0
musedata_handel-best-rada,musedata_handel-best-rada--69,musedata_handel,musedata_stage2,ok,,6,3,0.5,766,304,0.1
musedata_handel-best-rada,musedata_handel-best-rada--70,musedata_handel,musedata_stage2,ok,,4,3,0.25,101,33,0.0
musedata_handel-best-rada,musedata_handel-best-rada--71,musedata_handel,musedata_stage2,ok,,3,1,0.667,233,54,0.0
musedata_handel-best-rada,musedata_handel-best-rada--72,musedata_handel,musedata_stage2,ok,,2,1,0.5,8,0,0.0
musedata_handel-best-rada,musedata_handel-best-rada--73,musedata_handel,musedata_stage2,ok,,6,2,0.667,234,326,0.1
musedata_handel-best-rada,musedata_handel-best-rada--74,musedata_handel,musedata_stage2,ok,,2,1,0.5,42,0,0.0
musedata_handel-best-rada,musedata_handel-best-rada--77,musedata_handel,musedata_stage2,ok,,3,1,0.667,295,84,0.0
musedata_handel-best-rada,musedata_handel-best-rada--78,musedata_handel,musedata_stage2,ok,,4,3,0.25,269,72,0.0
musedata_handel-best-rada,musedata_handel-best-rada--79,musedata_handel,musedata_stage2,ok,,3,1,0.667,259,99,0.0
musedata_handel-best-rada,musedata_handel-best-rada--80,musedata_handel,musedata_stage2,ok,,2,1,0.5,5,0,0.0
musedata_handel-best-rada,musedata_handel-best-rada--81,musedata_handel,musedata_stage2,ok,,5,3,0.4,1055,400,0.2
musedata_handel-brit-orch-op06-hwv319,musedata_handel-brit-orch-op06-hwv319--01,musedata_handel,musedata_stage1,ok,,7,6,0.143,680,118,0.2
musedata_handel-brit-orch-op06-hwv319,musedata_handel-brit-orch-op06-hwv319--02,musedata_handel,musedata_stage1,ok,,7,7,0.0,2560,217,0.6
musedata_handel-brit-orch-op06-hwv319,musedata_handel-brit-orch-op06-hwv319--03,musedata_handel,musedata_stage1,ok,,7,6,0.143,589,146,0.2
musedata_handel-brit-orch-op06-hwv319,musedata_handel-brit-orch-op06-hwv319--04,musedata_handel,musedata_stage1,ok,,7,7,0.0,2201,292,0.8
musedata_handel-brit-orch-op06-hwv319,musedata_handel-brit-orch-op06-hwv319--05,musedata_handel,musedata_stage1,ok,,7,4,0.429,1085,171,0.5
musedata_handel-brit-orch-op06-hwv320,musedata_handel-brit-orch-op06-hwv320--01,musedata_handel,musedata_stage1,ok,,7,7,0.0,2067,243,0.7
musedata_handel-brit-orch-op06-hwv320,musedata_handel-brit-orch-op06-hwv320--02,musedata_handel,musedata_stage1,ok,,7,7,0.0,2541,295,0.6
musedata_handel-brit-orch-op06-hwv320,musedata_handel-brit-orch-op06-hwv320--03,musedata_handel,musedata_stage1,ok,,7,5,0.286,898,74,0.3
musedata_handel-brit-orch-op06-hwv320,musedata_handel-brit-orch-op06-hwv320--04,musedata_handel,musedata_stage1,ok,,7,6,0.143,1830,189,0.7
musedata_handel-brit-orch-op06-hwv321,musedata_handel-brit-orch-op06-hwv321--01,musedata_handel,musedata_stage1,ok,,7,6,0.143,363,53,0.1
musedata_handel-brit-orch-op06-hwv321,musedata_handel-brit-orch-op06-hwv321--02,musedata_handel,musedata_stage1,ok,,7,5,0.286,832,118,0.3
musedata_handel-brit-orch-op06-hwv321,musedata_handel-brit-orch-op06-hwv321--03,musedata_handel,musedata_stage1,ok,,7,5,0.286,2768,251,1.0
musedata_handel-brit-orch-op06-hwv321,musedata_handel-brit-orch-op06-hwv321--04,musedata_handel,musedata_stage1,ok,,11,7,0.364,1849,370,0.9
musedata_handel-brit-orch-op06-hwv321,musedata_handel-brit-orch-op06-hwv321--05,musedata_handel,musedata_stage1,ok,,7,7,0.0,510,50,0.1
musedata_handel-brit-orch-op06-hwv322,musedata_handel-brit-orch-op06-hwv322--01,musedata_handel,musedata_stage1,ok,,7,4,0.429,690,92,0.3
musedata_handel-brit-orch-op06-hwv322,musedata_handel-brit-orch-op06-hwv322--02,musedata_handel,musedata_stage1,ok,,7,7,0.0,2702,327,1.3
musedata_handel-brit-orch-op06-hwv322,musedata_handel-brit-orch-op06-hwv322--03,musedata_handel,musedata_stage1,ok,,7,4,0.429,494,34,0.2
musedata_handel-brit-orch-op06-hwv322,musedata_handel-brit-orch-op06-hwv322--04,musedata_handel,musedata_stage1,ok,,7,5,0.286,2110,560,1.3
musedata_handel-brit-orch-op06-hwv323,musedata_handel-brit-orch-op06-hwv323--01,musedata_handel,musedata_stage1,ok,,8,5,0.375,378,181,0.3
musedata_handel-brit-orch-op06-hwv323,musedata_handel-brit-orch-op06-hwv323--02,musedata_handel,musedata_stage1,ok,,7,7,0.0,2496,241,0.6
musedata_handel-brit-orch-op06-hwv323,musedata_handel-brit-orch-op06-hwv323--03,musedata_handel,musedata_stage1,ok,,7,7,0.0,2478,505,1.4
musedata_handel-brit-orch-op06-hwv323,musedata_handel-brit-orch-op06-hwv323--04,musedata_handel,musedata_stage1,ok,,7,6,0.143,401,128,0.1
musedata_handel-brit-orch-op06-hwv323,musedata_handel-brit-orch-op06-hwv323--05,musedata_handel,musedata_stage1,ok,,7,4,0.429,3003,166,1.5
musedata_handel-brit-orch-op06-hwv323,musedata_handel-brit-orch-op06-hwv323--06,musedata_handel,musedata_stage1,ok,,7,3,0.571,602,7,0.4
musedata_handel-brit-orch-op06-hwv324,musedata_handel-brit-orch-op06-hwv324--01,musedata_handel,musedata_stage1,ok,,7,7,0.0,700,196,0.3
musedata_handel-brit-orch-op06-hwv324,musedata_handel-brit-orch-op06-hwv324--02,musedata_handel,musedata_stage1,ok,,7,4,0.429,752,83,0.3
musedata_handel-brit-orch-op06-hwv324,musedata_handel-brit-orch-op06-hwv324--03,musedata_handel,musedata_stage1,ok,,7,7,0.0,3729,324,1.7
musedata_handel-brit-orch-op06-hwv324,musedata_handel-brit-orch-op06-hwv324--04,musedata_handel,musedata_stage1,ok,,7,5,0.286,2625,549,1.2
musedata_handel-brit-orch-op06-hwv324,musedata_handel-brit-orch-op06-hwv324--05,musedata_handel,musedata_stage1,ok,,7,3,0.571,570,31,0.6
musedata_handel-brit-orch-op06-hwv325,musedata_handel-brit-orch-op06-hwv325--01,musedata_handel,musedata_stage1,ok,,7,4,0.429,196,41,0.1
musedata_handel-brit-orch-op06-hwv325,musedata_handel-brit-orch-op06-hwv325--02,musedata_handel,musedata_stage1,ok,,7,4,0.429,1677,240,1.0
musedata_handel-brit-orch-op06-hwv325,musedata_handel-brit-orch-op06-hwv325--03,musedata_handel,musedata_stage1,ok,,7,4,0.429,540,32,0.3
musedata_handel-brit-orch-op06-hwv325,musedata_handel-brit-orch-op06-hwv325--04,musedata_handel,musedata_stage1,ok,,7,5,0.286,2862,134,1.0
musedata_handel-brit-orch-op06-hwv325,musedata_handel-brit-orch-op06-hwv325--05,musedata_handel,musedata_stage1,ok,,7,4,0.429,1134,3,0.5
musedata_handel-brit-orch-op06-hwv326,musedata_handel-brit-orch-op06-hwv326--01,musedata_handel,musedata_stage1,ok,,7,4,0.429,1285,309,0.6
musedata_handel-brit-orch-op06-hwv326,musedata_handel-brit-orch-op06-hwv326--02,musedata_handel,musedata_stage1,ok,,7,7,0.0,355,76,0.1
musedata_handel-brit-orch-op06-hwv326,musedata_handel-brit-orch-op06-hwv326--03,musedata_handel,musedata_stage1,ok,,7,7,0.0,1929,206,0.5
musedata_handel-brit-orch-op06-hwv326,musedata_handel-brit-orch-op06-hwv326--04,musedata_handel,musedata_stage1,ok,,7,4,0.429,155,57,0.1
musedata_handel-brit-orch-op06-hwv326,musedata_handel-brit-orch-op06-hwv326--05,musedata_handel,musedata_stage1,ok,,7,7,0.0,1724,247,0.4
musedata_handel-brit-orch-op06-hwv326,musedata_handel-brit-orch-op06-hwv326--06,musedata_handel,musedata_stage1,ok,,7,3,0.571,349,0,0.2
musedata_handel-brit-orch-op06-hwv327,musedata_handel-brit-orch-op06-hwv327--01,musedata_handel,musedata_stage1,ok,,7,4,0.429,204,151,0.1
musedata_handel-brit-orch-op06-hwv327,musedata_handel-brit-orch-op06-hwv327--02,musedata_handel,musedata_stage1,ok,,7,7,0.0,4403,826,1.5
musedata_handel-brit-orch-op06-hwv327,musedata_handel-brit-orch-op06-hwv327--03,musedata_handel,musedata_stage1,ok,,7,7,0.0,1251,118,0.3
musedata_handel-brit-orch-op06-hwv327,musedata_handel-brit-orch-op06-hwv327--04,musedata_handel,musedata_stage1,ok,,7,4,0.429,1589,155,0.7
musedata_handel-brit-orch-op06-hwv327,musedata_handel-brit-orch-op06-hwv327--05,musedata_handel,musedata_stage1,ok,,7,4,0.429,321,28,0.1
musedata_handel-brit-orch-op06-hwv327,musedata_handel-brit-orch-op06-hwv327--06,musedata_handel,musedata_stage1,ok,,7,4,0.429,640,125,0.2
musedata_handel-brit-orch-op06-hwv328,musedata_handel-brit-orch-op06-hwv328--01a,musedata_handel,musedata_stage1,ok,,7,4,0.429,375,142,0.2
musedata_handel-brit-orch-op06-hwv328,musedata_handel-brit-orch-op06-hwv328--01b,musedata_handel,musedata_stage1,ok,,7,4,0.429,1611,374,0.8
musedata_handel-brit-orch-op06-hwv328,musedata_handel-brit-orch-op06-hwv328--01c,musedata_handel,musedata_stage1,ok,,7,4,0.429,81,597,0.2
musedata_handel-brit-orch-op06-hwv328,musedata_handel-brit-orch-op06-hwv328--02,musedata_handel,musedata_stage1,ok,,7,5,0.286,622,147,0.2
musedata_handel-brit-orch-op06-hwv328,musedata_handel-brit-orch-op06-hwv328--03,musedata_handel,musedata_stage1,ok,,7,4,0.429,1036,75,0.4
musedata_handel-brit-orch-op06-hwv328,musedata_handel-brit-orch-op06-hwv328--04,musedata_handel,musedata_stage1,ok,,7,6,0.143,3533,300,1.4
musedata_handel-brit-orch-op06-hwv328,musedata_handel-brit-orch-op06-hwv328--05,musedata_handel,musedata_stage1,ok,,7,5,0.286,918,17,0.2
musedata_handel-brit-orch-op06-hwv329,musedata_handel-brit-orch-op06-hwv329--01,musedata_handel,musedata_stage1,ok,,7,7,0.0,2593,375,0.7
musedata_handel-brit-orch-op06-hwv329,musedata_handel-brit-orch-op06-hwv329--02,musedata_handel,musedata_stage1,ok,,7,4,0.429,1162,180,0.6
musedata_handel-brit-orch-op06-hwv329,musedata_handel-brit-orch-op06-hwv329--03,musedata_handel,musedata_stage1,ok,,7,4,0.429,65,63,0.0
musedata_handel-brit-orch-op06-hwv329,musedata_handel-brit-orch-op06-hwv329--04,musedata_handel,musedata_stage1,ok,,7,7,0.0,3193,619,1.7
musedata_handel-brit-orch-op06-hwv329,musedata_handel-brit-orch-op06-hwv329--05,musedata_handel,musedata_stage1,ok,,7,7,0.0,2897,595,1.0
musedata_handel-brit-orch-op06-hwv330,musedata_handel-brit-orch-op06-hwv330--01,musedata_handel,musedata_stage1,ok,,7,7,0.0,756,164,0.2
musedata_handel-brit-orch-op06-hwv330,musedata_handel-brit-orch-op06-hwv330--02,musedata_handel,musedata_stage1,ok,,7,7,0.0,4639,395,1.3
musedata_handel-brit-orch-op06-hwv330,musedata_handel-brit-orch-op06-hwv330--03,musedata_handel,musedata_stage1,ok,,7,3,0.571,837,28,0.6
musedata_handel-brit-orch-op06-hwv330,musedata_handel-brit-orch-op06-hwv330--04,musedata_handel,musedata_stage1,ok,,7,6,0.143,300,18,0.1
musedata_handel-brit-orch-op06-hwv330,musedata_handel-brit-orch-op06-hwv330--05,musedata_handel,musedata_stage1,ok,,7,4,0.429,1460,263,0.9
musedata_handel-chry-opera-ariodan,musedata_handel-chry-opera-ariodan--01,musedata_handel,musedata_stage2,ok,,4,4,0.0,1534,223,0.2
musedata_handel-chry-opera-ariodan,musedata_handel-chry-opera-ariodan--02,musedata_handel,musedata_stage2,ok,,7,7,0.0,1462,159,0.1
musedata_handel-chry-opera-ariodan,musedata_handel-chry-opera-ariodan--03,musedata_handel,musedata_stage2,ok,,6,6,0.0,1356,345,0.1
musedata_handel-chry-opera-ariodan,musedata_handel-chry-opera-ariodan--04,musedata_handel,musedata_stage2,ok,,2,2,0.0,125,19,0.0
musedata_handel-chry-opera-ariodan,musedata_handel-chry-opera-ariodan--05,musedata_handel,musedata_stage2,ok,,5,5,0.0,932,164,0.0
musedata_handel-chry-opera-ariodan,musedata_handel-chry-opera-ariodan--06a,musedata_handel,musedata_stage2,ok,,2,2,0.0,67,12,0.0
musedata_handel-chry-opera-ariodan,musedata_handel-chry-opera-ariodan--06b,musedata_handel,musedata_stage2,ok,,2,2,0.0,68,12,0.0
musedata_handel-chry-opera-ariodan,musedata_handel-chry-opera-ariodan--07a,musedata_handel,musedata_stage2,ok,,6,5,0.167,684,240,0.1
musedata_handel-chry-opera-ariodan,musedata_handel-chry-opera-ariodan--07b,musedata_handel,musedata_stage2,ok,,5,5,0.0,768,211,0.0
musedata_handel-chry-opera-ariodan,musedata_handel-chry-opera-ariodan--08,musedata_handel,musedata_stage2,ok,,2,2,0.0,64,11,0.0
musedata_handel-chry-opera-ariodan,musedata_handel-chry-opera-ariodan--09,musedata_handel,musedata_stage2,ok,,7,5,0.286,738,329,0.1
musedata_handel-chry-opera-ariodan,musedata_handel-chry-opera-ariodan--10,musedata_handel,musedata_stage2,ok,,7,6,0.143,936,122,0.1
musedata_handel-chry-opera-ariodan,musedata_handel-chry-opera-ariodan--11,musedata_handel,musedata_stage2,ok,,2,2,0.0,108,18,0.0
musedata_handel-chry-opera-ariodan,musedata_handel-chry-opera-ariodan--12,musedata_handel,musedata_stage2,ok,,9,8,0.111,817,174,0.1
musedata_handel-chry-opera-ariodan,musedata_handel-chry-opera-ariodan--13,musedata_handel,musedata_stage2,ok,,2,2,0.0,213,37,0.0
musedata_handel-chry-opera-ariodan,musedata_handel-chry-opera-ariodan--14,musedata_handel,musedata_stage2,ok,,7,5,0.286,1055,482,0.1
musedata_handel-chry-opera-ariodan,musedata_handel-chry-opera-ariodan--15,musedata_handel,musedata_stage2,ok,,2,2,0.0,106,19,0.0
musedata_handel-chry-opera-ariodan,musedata_handel-chry-opera-ariodan--16,musedata_handel,musedata_stage2,ok,,9,6,0.333,1977,989,0.2
musedata_handel-chry-opera-ariodan,musedata_handel-chry-opera-ariodan--17,musedata_handel,musedata_stage2,ok,,2,2,0.0,33,5,0.0
musedata_handel-chry-opera-ariodan,musedata_handel-chry-opera-ariodan--18,musedata_handel,musedata_stage2,ok,,5,5,0.0,3741,403,0.2
musedata_handel-chry-opera-ariodan,musedata_handel-chry-opera-ariodan--19,musedata_handel,musedata_stage2,ok,,2,2,0.0,202,29,0.0
musedata_handel-chry-opera-ariodan,musedata_handel-chry-opera-ariodan--20,musedata_handel,musedata_stage2,ok,,5,5,0.0,894,217,0.1
musedata_handel-chry-opera-ariodan,musedata_handel-chry-opera-ariodan--21,musedata_handel,musedata_stage2,ok,,2,2,0.0,75,14,0.0
musedata_handel-chry-opera-ariodan,musedata_handel-chry-opera-ariodan--22,musedata_handel,musedata_stage2,ok,,6,5,0.167,834,366,0.1
musedata_handel-chry-opera-ariodan,musedata_handel-chry-opera-ariodan--23,musedata_handel,musedata_stage2,ok,,2,2,0.0,31,5,0.0
musedata_handel-chry-opera-ariodan,musedata_handel-chry-opera-ariodan--24,musedata_handel,musedata_stage2,ok,,7,5,0.286,815,454,0.1
musedata_handel-chry-opera-ariodan,musedata_handel-chry-opera-ariodan--25,musedata_handel,musedata_stage2,ok,,2,2,0.0,126,19,0.0
musedata_handel-chry-opera-ariodan,musedata_handel-chry-opera-ariodan--26,musedata_handel,musedata_stage2,ok,,9,9,0.0,525,0,0.0
musedata_handel-chry-opera-ariodan,musedata_handel-chry-opera-ariodan--27,musedata_handel,musedata_stage2,ok,,5,5,0.0,412,138,0.0
musedata_handel-chry-opera-ariodan,musedata_handel-chry-opera-ariodan--28,musedata_handel,musedata_stage2,ok,,12,10,0.167,1039,174,0.1
musedata_handel-chry-opera-ariodan,musedata_handel-chry-opera-ariodan--29,musedata_handel,musedata_stage2,ok,,9,9,0.0,712,141,0.1
musedata_handel-chry-opera-ariodan,musedata_handel-chry-opera-ariodan--30,musedata_handel,musedata_stage2,ok,,5,4,0.2,553,0,0.0
musedata_handel-chry-opera-ariodan,musedata_handel-chry-opera-ariodan--31,musedata_handel,musedata_stage2,ok,,4,4,0.0,183,0,0.0
musedata_handel-chry-opera-ariodan,musedata_handel-chry-opera-ariodan--32,musedata_handel,musedata_stage2,ok,,6,6,0.0,984,186,0.0
musedata_handel-chry-opera-ariodan,musedata_handel-chry-opera-ariodan--33,musedata_handel,musedata_stage2,ok,,4,4,0.0,204,4,0.0
musedata_handel-chry-opera-ariodan,musedata_handel-chry-opera-ariodan--34,musedata_handel,musedata_stage2,ok,,2,2,0.0,268,42,0.0
musedata_handel-chry-opera-ariodan,musedata_handel-chry-opera-ariodan--35,musedata_handel,musedata_stage2,ok,,5,5,0.0,1747,249,0.1
musedata_handel-chry-opera-ariodan,musedata_handel-chry-opera-ariodan--36,musedata_handel,musedata_stage2,ok,,2,2,0.0,55,12,0.0
musedata_handel-chry-opera-ariodan,musedata_handel-chry-opera-ariodan--37,musedata_handel,musedata_stage2,ok,,4,3,0.25,1110,279,0.0
musedata_handel-chry-opera-ariodan,musedata_handel-chry-opera-ariodan--38,musedata_handel,musedata_stage2,ok,,2,2,0.0,30,8,0.0
musedata_handel-chry-opera-ariodan,musedata_handel-chry-opera-ariodan--39,musedata_handel,musedata_stage2,ok,,6,6,0.0,2401,411,0.1
musedata_handel-chry-opera-ariodan,musedata_handel-chry-opera-ariodan--40,musedata_handel,musedata_stage2,ok,,2,2,0.0,75,12,0.0
musedata_handel-chry-opera-ariodan,musedata_handel-chry-opera-ariodan--41a,musedata_handel,musedata_stage2,ok,,5,5,0.0,1251,157,0.1
musedata_handel-chry-opera-ariodan,musedata_handel-chry-opera-ariodan--41b,musedata_handel,musedata_stage2,ok,,3,3,0.0,634,72,0.0
musedata_handel-chry-opera-ariodan,musedata_handel-chry-opera-ariodan--42,musedata_handel,musedata_stage2,ok,,2,2,0.0,25,3,0.0
musedata_handel-chry-opera-ariodan,musedata_handel-chry-opera-ariodan--43,musedata_handel,musedata_stage2,ok,,5,5,0.0,1709,161,0.1
musedata_handel-chry-opera-ariodan,musedata_handel-chry-opera-ariodan--44a,musedata_handel,musedata_stage2,ok,,2,2,0.0,170,27,0.0
musedata_handel-chry-opera-ariodan,musedata_handel-chry-opera-ariodan--44b,musedata_handel,musedata_stage2,ok,,2,2,0.0,170,27,0.0
musedata_handel-chry-opera-ariodan,musedata_handel-chry-opera-ariodan--45a,musedata_handel,musedata_stage2,ok,,3,3,0.0,893,85,0.1
musedata_handel-chry-opera-ariodan,musedata_handel-chry-opera-ariodan--45b,musedata_handel,musedata_stage2,ok,,5,5,0.0,994,61,0.0
musedata_handel-chry-opera-ariodan,musedata_handel-chry-opera-ariodan--46,musedata_handel,musedata_stage2,ok,,6,5,0.167,311,264,0.0
musedata_handel-chry-opera-ariodan,musedata_handel-chry-opera-ariodan--47,musedata_handel,musedata_stage2,ok,,2,2,0.0,202,36,0.0
musedata_handel-chry-opera-ariodan,musedata_handel-chry-opera-ariodan--48,musedata_handel,musedata_stage2,ok,,2,2,0.0,189,31,0.0
musedata_handel-chry-opera-ariodan,musedata_handel-chry-opera-ariodan--49,musedata_handel,musedata_stage2,ok,,5,5,0.0,2690,244,0.1
musedata_handel-chry-opera-ariodan,musedata_handel-chry-opera-ariodan--50,musedata_handel,musedata_stage2,ok,,2,2,0.0,62,10,0.0
musedata_handel-chry-opera-ariodan,musedata_handel-chry-opera-ariodan--51,musedata_handel,musedata_stage2,ok,,5,5,0.0,490,114,0.0
musedata_handel-chry-opera-ariodan,musedata_handel-chry-opera-ariodan--52,musedata_handel,musedata_stage2,ok,,3,3,0.0,820,126,0.0
musedata_handel-chry-opera-ariodan,musedata_handel-chry-opera-ariodan--53,musedata_handel,musedata_stage2,ok,,3,3,0.0,477,251,0.0
musedata_handel-chry-opera-ariodan,musedata_handel-chry-opera-ariodan--54,musedata_handel,musedata_stage2,ok,,4,3,0.25,690,10,0.0
musedata_handel-chry-opera-ariodan,musedata_handel-chry-opera-ariodan--55,musedata_handel,musedata_stage2,ok,,5,5,0.0,449,28,0.0
musedata_handel-chry-opera-ariodan,musedata_handel-chry-opera-ariodan--56,musedata_handel,musedata_stage2,ok,,3,2,0.333,482,6,0.0
musedata_handel-chry-opera-ariodan,musedata_handel-chry-opera-ariodan--57,musedata_handel,musedata_stage2,ok,,4,4,0.0,1403,109,0.1
musedata_handel-chry-opera-ariodan,musedata_handel-chry-opera-ariodan--58,musedata_handel,musedata_stage2,ok,,5,5,0.0,113,44,0.0
musedata_handel-chry-opera-ariodan,musedata_handel-chry-opera-ariodan--59,musedata_handel,musedata_stage2,ok,,5,5,0.0,681,28,0.0
musedata_handel-chry-opera-ariodan,musedata_handel-chry-opera-ariodan--60,musedata_handel,musedata_stage2,ok,,2,2,0.0,196,27,0.0
musedata_handel-chry-opera-ariodan,musedata_handel-chry-opera-ariodan--61,musedata_handel,musedata_stage2,ok,,5,5,0.0,1019,202,0.0
musedata_handel-chry-opera-ariodan,musedata_handel-chry-opera-ariodan--62a,musedata_handel,musedata_stage2,ok,,2,2,0.0,41,8,0.0
musedata_handel-chry-opera-ariodan,musedata_handel-chry-opera-ariodan--62b,musedata_handel,musedata_stage2,ok,,2,2,0.0,41,7,0.0
musedata_handel-chry-opera-ariodan,musedata_handel-chry-opera-ariodan--63a,musedata_handel,musedata_stage2,ok,,4,3,0.25,1004,361,0.1
musedata_handel-chry-opera-ariodan,musedata_handel-chry-opera-ariodan--63b,musedata_handel,musedata_stage2,ok,,4,3,0.25,1005,361,0.1
musedata_handel-chry-opera-ariodan,musedata_handel-chry-opera-ariodan--64,musedata_handel,musedata_stage2,ok,,2,2,0.0,85,13,0.0
musedata_handel-chry-opera-ariodan,musedata_handel-chry-opera-ariodan--65,musedata_handel,musedata_stage2,ok,,6,5,0.167,1413,326,0.1
musedata_handel-chry-opera-ariodan,musedata_handel-chry-opera-ariodan--66,musedata_handel,musedata_stage2,ok,,2,2,0.0,161,24,0.0
musedata_handel-chry-opera-ariodan,musedata_handel-chry-opera-ariodan--67,musedata_handel,musedata_stage2,ok,,5,5,0.0,320,95,0.0
musedata_handel-chry-opera-ariodan,musedata_handel-chry-opera-ariodan--68,musedata_handel,musedata_stage2,ok,,2,2,0.0,86,18,0.0
musedata_handel-chry-opera-ariodan,musedata_handel-chry-opera-ariodan--69,musedata_handel,musedata_stage2,ok,,7,7,0.0,859,139,0.0
musedata_handel-chry-opera-ariodan,musedata_handel-chry-opera-ariodan--70,musedata_handel,musedata_stage2,ok,,2,2,0.0,31,7,0.0
musedata_handel-chry-opera-ariodan,musedata_handel-chry-opera-ariodan--71,musedata_handel,musedata_stage2,ok,,8,8,0.0,832,300,0.0
musedata_handel-chry-opera-ariodan,musedata_handel-chry-opera-ariodan--72,musedata_handel,musedata_stage2,ok,,7,7,0.0,327,19,0.0
musedata_handel-chry-opera-ariodan,musedata_handel-chry-opera-ariodan--73,musedata_handel,musedata_stage2,ok,,2,2,0.0,416,80,0.0
musedata_handel-chry-opera-ariodan,musedata_handel-chry-opera-ariodan--74,musedata_handel,musedata_stage2,ok,,5,5,0.0,3322,207,0.1
musedata_handel-chry-opera-ariodan,musedata_handel-chry-opera-ariodan--75,musedata_handel,musedata_stage2,ok,,2,2,0.0,67,11,0.0
musedata_handel-chry-opera-ariodan,musedata_handel-chry-opera-ariodan--76,musedata_handel,musedata_stage2,ok,,5,4,0.2,1398,424,0.1
musedata_handel-chry-opera-ariodan,musedata_handel-chry-opera-ariodan--77,musedata_handel,musedata_stage2,ok,,2,2,0.0,54,9,0.0
musedata_handel-chry-opera-ariodan,musedata_handel-chry-opera-ariodan--78,musedata_handel,musedata_stage2,ok,,5,5,0.0,163,15,0.0
musedata_handel-chry-opera-ariodan,musedata_handel-chry-opera-ariodan--79,musedata_handel,musedata_stage2,ok,,9,9,0.0,595,59,0.0
musedata_handel-chry-opera-ariodan,musedata_handel-chry-opera-ariodan--80,musedata_handel,musedata_stage2,ok,,2,2,0.0,194,28,0.1
musedata_handel-chry-opera-ariodan,musedata_handel-chry-opera-ariodan--81,musedata_handel,musedata_stage2,ok,,6,5,0.167,1254,257,0.1
musedata_handel-chry-opera-ariodan,musedata_handel-chry-opera-ariodan--82,musedata_handel,musedata_stage2,ok,,13,13,0.0,2759,1101,0.2
musedata_handel-chry-opera-ariodan,musedata_handel-chry-opera-ariodan--83,musedata_handel,musedata_stage2,ok,,7,7,0.0,1301,173,0.1
musedata_handel-chry-opera-ariodan,musedata_handel-chry-opera-ariodan--84,musedata_handel,musedata_stage2,ok,,7,7,0.0,877,163,0.0
musedata_handel-chry-opera-ariodan,musedata_handel-chry-opera-ariodan--84b,musedata_handel,musedata_stage2,ok,,6,4,0.333,563,92,0.0
musedata_handel-chry-opera-ariodan,musedata_handel-chry-opera-ariodan--85,musedata_handel,musedata_stage2,ok,,4,4,0.0,299,3,0.0
musedata_handel-chry-opera-ariodan,musedata_handel-chry-opera-ariodan--86,musedata_handel,musedata_stage2,ok,,11,11,0.0,857,56,0.1
musedata_handel-chry-opera-atalan,musedata_handel-chry-opera-atalan--001,musedata_handel,musedata_stage2,ok,,5,5,0.0,534,58,0.2
musedata_handel-chry-opera-atalan,musedata_handel-chry-opera-atalan--002,musedata_handel,musedata_stage2,ok,,7,7,0.0,2672,288,0.1
musedata_handel-chry-opera-atalan,musedata_handel-chry-opera-atalan--003,musedata_handel,musedata_stage2,ok,,7,5,0.286,1040,156,0.1
musedata_handel-chry-opera-atalan,musedata_handel-chry-opera-atalan--101,musedata_handel,musedata_stage2,ok,,2,2,0.0,211,27,0.0
musedata_handel-chry-opera-atalan,musedata_handel-chry-opera-atalan--101nm,musedata_handel,musedata_stage2,ok,,2,2,0.0,252,25,0.0
musedata_handel-chry-opera-atalan,musedata_handel-chry-opera-atalan--102,musedata_handel,musedata_stage2,ok,,3,3,0.0,94,26,0.0
musedata_handel-chry-opera-atalan,musedata_handel-chry-opera-atalan--103,musedata_handel,musedata_stage2,ok,,4,4,0.0,135,66,0.0
musedata_handel-chry-opera-atalan,musedata_handel-chry-opera-atalan--104,musedata_handel,musedata_stage2,ok,,6,4,0.333,1009,505,0.1
musedata_handel-chry-opera-atalan,musedata_handel-chry-opera-atalan--105,musedata_handel,musedata_stage2,ok,,3,3,0.0,108,48,0.0
musedata_handel-chry-opera-atalan,musedata_handel-chry-opera-atalan--106,musedata_handel,musedata_stage2,ok,,5,4,0.2,944,214,0.0
musedata_handel-chry-opera-atalan,musedata_handel-chry-opera-atalan--107,musedata_handel,musedata_stage2,ok,,3,3,0.0,98,44,0.0
musedata_handel-chry-opera-atalan,musedata_handel-chry-opera-atalan--108,musedata_handel,musedata_stage2,ok,,3,3,0.0,986,96,0.1
musedata_handel-chry-opera-atalan,musedata_handel-chry-opera-atalan--109,musedata_handel,musedata_stage2,ok,,2,2,0.0,48,6,0.0
musedata_handel-chry-opera-atalan,musedata_handel-chry-opera-atalan--110,musedata_handel,musedata_stage2,ok,,3,3,0.0,899,296,0.0
musedata_handel-chry-opera-atalan,musedata_handel-chry-opera-atalan--111,musedata_handel,musedata_stage2,ok,,7,5,0.286,1209,268,0.1
musedata_handel-chry-opera-atalan,musedata_handel-chry-opera-atalan--112,musedata_handel,musedata_stage2,ok,,3,3,0.0,117,32,0.0
musedata_handel-chry-opera-atalan,musedata_handel-chry-opera-atalan--113,musedata_handel,musedata_stage2,ok,,3,3,0.0,42,16,0.0
musedata_handel-chry-opera-atalan,musedata_handel-chry-opera-atalan--114,musedata_handel,musedata_stage2,ok,,3,3,0.0,69,13,0.0
musedata_handel-chry-opera-atalan,musedata_handel-chry-opera-atalan--115,musedata_handel,musedata_stage2,ok,,3,3,0.0,46,17,0.0
musedata_handel-chry-opera-atalan,musedata_handel-chry-opera-atalan--116,musedata_handel,musedata_stage2,ok,,3,3,0.0,908,112,0.0
musedata_handel-chry-opera-atalan,musedata_handel-chry-opera-atalan--117,musedata_handel,musedata_stage2,ok,,2,2,0.0,52,9,0.0
musedata_handel-chry-opera-atalan,musedata_handel-chry-opera-atalan--118,musedata_handel,musedata_stage2,ok,,6,6,0.0,2505,374,0.1
musedata_handel-chry-opera-atalan,musedata_handel-chry-opera-atalan--201,musedata_handel,musedata_stage2,ok,,14,14,0.0,5245,874,0.4
musedata_handel-chry-opera-atalan,musedata_handel-chry-opera-atalan--202,musedata_handel,musedata_stage2,ok,,3,3,0.0,161,52,0.0
musedata_handel-chry-opera-atalan,musedata_handel-chry-opera-atalan--203,musedata_handel,musedata_stage2,ok,,5,5,0.0,956,313,0.0
musedata_handel-chry-opera-atalan,musedata_handel-chry-opera-atalan--204,musedata_handel,musedata_stage2,ok,,3,3,0.0,227,102,0.0
musedata_handel-chry-opera-atalan,musedata_handel-chry-opera-atalan--205,musedata_handel,musedata_stage2,ok,,7,7,0.0,2530,422,0.1
musedata_handel-chry-opera-atalan,musedata_handel-chry-opera-atalan--206,musedata_handel,musedata_stage2,ok,,3,3,0.0,178,65,0.0
musedata_handel-chry-opera-atalan,musedata_handel-chry-opera-atalan--207,musedata_handel,musedata_stage2,ok,,5,5,0.0,1556,250,0.0
musedata_handel-chry-opera-atalan,musedata_handel-chry-opera-atalan--208,musedata_handel,musedata_stage2,ok,,3,3,0.0,116,45,0.0
musedata_handel-chry-opera-atalan,musedata_handel-chry-opera-atalan--209,musedata_handel,musedata_stage2,ok,,6,3,0.5,825,328,0.1
musedata_handel-chry-opera-atalan,musedata_handel-chry-opera-atalan--210,musedata_handel,musedata_stage2,ok,,3,3,0.0,77,35,0.0
musedata_handel-chry-opera-atalan,musedata_handel-chry-opera-atalan--211,musedata_handel,musedata_stage2,ok,,5,5,0.0,2394,300,0.1
musedata_handel-chry-opera-atalan,musedata_handel-chry-opera-atalan--212,musedata_handel,musedata_stage2,ok,,3,3,0.0,139,52,0.0
musedata_handel-chry-opera-atalan,musedata_handel-chry-opera-atalan--213,musedata_handel,musedata_stage2,ok,,5,5,0.0,1226,155,0.0
musedata_handel-chry-opera-atalan,musedata_handel-chry-opera-atalan--213a,musedata_handel,musedata_stage2,ok,,3,3,0.0,690,67,0.0
musedata_handel-chry-opera-atalan,musedata_handel-chry-opera-atalan--213alt,musedata_handel,musedata_stage2,ok,,8,4,0.5,734,222,0.1
musedata_handel-chry-opera-atalan,musedata_handel-chry-opera-atalan--213b,musedata_handel,musedata_stage2,fail,"ValueError: not enough values to unpack (expected 2, got 1)",,,,,,0.0
musedata_handel-chry-opera-atalan,musedata_handel-chry-opera-atalan--214,musedata_handel,musedata_stage2,ok,,2,2,0.0,45,7,0.0
musedata_handel-chry-opera-atalan,musedata_handel-chry-opera-atalan--215,musedata_handel,musedata_stage2,ok,,7,5,0.286,1248,618,0.1
musedata_handel-chry-opera-atalan,musedata_handel-chry-opera-atalan--301,musedata_handel,musedata_stage2,ok,,4,4,0.0,471,30,0.0
musedata_handel-chry-opera-atalan,musedata_handel-chry-opera-atalan--302,musedata_handel,musedata_stage2,ok,,3,3,0.0,96,42,0.0
musedata_handel-chry-opera-atalan,musedata_handel-chry-opera-atalan--303,musedata_handel,musedata_stage2,ok,,7,5,0.286,1571,365,0.1
musedata_handel-chry-opera-atalan,musedata_handel-chry-opera-atalan--304,musedata_handel,musedata_stage2,ok,,3,3,0.0,94,29,0.0
musedata_handel-chry-opera-atalan,musedata_handel-chry-opera-atalan--305,musedata_handel,musedata_stage2,ok,,3,3,0.0,736,127,0.0
musedata_handel-chry-opera-atalan,musedata_handel-chry-opera-atalan--306,musedata_handel,musedata_stage2,ok,,4,4,0.0,201,102,0.0
musedata_handel-chry-opera-atalan,musedata_handel-chry-opera-atalan--307,musedata_handel,musedata_stage2,ok,,3,3,0.0,610,133,0.0
musedata_handel-chry-opera-atalan,musedata_handel-chry-opera-atalan--308,musedata_handel,musedata_stage2,ok,,2,2,0.0,52,9,0.0
musedata_handel-chry-opera-atalan,musedata_handel-chry-opera-atalan--309,musedata_handel,musedata_stage2,ok,,3,3,0.0,90,35,0.0
musedata_handel-chry-opera-atalan,musedata_handel-chry-opera-atalan--310,musedata_handel,musedata_stage2,ok,,3,3,0.0,194,48,0.0
musedata_handel-chry-opera-atalan,musedata_handel-chry-opera-atalan--311,musedata_handel,musedata_stage2,ok,,3,3,0.0,105,42,0.0
musedata_handel-chry-opera-atalan,musedata_handel-chry-opera-atalan--311a,musedata_handel,musedata_stage2,ok,,2,2,0.0,86,56,0.0
musedata_handel-chry-opera-atalan,musedata_handel-chry-opera-atalan--312,musedata_handel,musedata_stage2,ok,,2,2,0.0,69,12,0.0
musedata_handel-chry-opera-atalan,musedata_handel-chry-opera-atalan--313,musedata_handel,musedata_stage2,ok,,8,7,0.125,1285,186,0.1
musedata_handel-chry-opera-atalan,musedata_handel-chry-opera-atalan--314,musedata_handel,musedata_stage2,ok,,5,5,0.0,82,45,0.0
musedata_handel-chry-opera-atalan,musedata_handel-chry-opera-atalan--314a,musedata_handel,musedata_stage2,ok,,5,5,0.0,82,48,0.0
musedata_handel-chry-opera-atalan,musedata_handel-chry-opera-atalan--314b,musedata_handel,musedata_stage2,ok,,5,5,0.0,82,45,0.0
musedata_handel-chry-opera-atalan,musedata_handel-chry-opera-atalan--315a,musedata_handel,musedata_stage2,ok,,9,9,0.0,5572,343,0.2
musedata_handel-chry-opera-atalan,musedata_handel-chry-opera-atalan--315b,musedata_handel,musedata_stage2,ok,,7,6,0.143,1936,577,0.1
musedata_handel-chry-opera-atalan,musedata_handel-chry-opera-atalan--316,musedata_handel,musedata_stage2,ok,,5,5,0.0,433,105,0.0
musedata_handel-chry-opera-atalan,musedata_handel-chry-opera-atalan--317,musedata_handel,musedata_stage2,ok,,7,5,0.286,2337,259,0.1
musedata_handel-chry-opera-atalan,musedata_handel-chry-opera-atalan--317d,musedata_handel,musedata_stage2,ok,,7,5,0.286,2337,259,0.1
musedata_handel-chry-opera-atalan,musedata_handel-chry-opera-atalan--318,musedata_handel,musedata_stage2,ok,,8,7,0.125,437,43,0.0
musedata_handel-chry-opera-atalan,musedata_handel-chry-opera-atalan--319,musedata_handel,musedata_stage2,ok,,2,2,0.0,21,7,0.0
musedata_handel-chry-opera-atalan,musedata_handel-chry-opera-atalan--320,musedata_handel,musedata_stage2,ok,,8,8,0.0,403,44,0.0
musedata_handel-chry-opera-atalan,musedata_handel-chry-opera-atalan--321,musedata_handel,musedata_stage2,ok,,4,4,0.0,231,4,0.0
musedata_handel-chry-opera-atalan,musedata_handel-chry-opera-atalan--322,musedata_handel,musedata_stage2,ok,,8,7,0.125,401,0,0.0
musedata_handel-chry-opera-atalan,musedata_handel-chry-opera-atalan--323,musedata_handel,musedata_stage2,ok,,4,4,0.0,220,0,0.0
musedata_handel-chry-opera-atalan,musedata_handel-chry-opera-atalan--324,musedata_handel,musedata_stage2,ok,,12,12,0.0,705,64,0.1
musedata_handel-chry-opera-poro,musedata_handel-chry-opera-poro--01a,musedata_handel,musedata_stage1,ok,,4,4,0.0,321,36,0.2
musedata_handel-chry-opera-poro,musedata_handel-chry-opera-poro--01b,musedata_handel,musedata_stage1,ok,,7,6,0.143,1953,146,0.4
musedata_handel-chry-opera-poro,musedata_handel-chry-opera-poro--01c,musedata_handel,musedata_stage1,ok,,7,4,0.429,31,301,0.1
musedata_handel-chry-opera-poro,musedata_handel-chry-opera-poro--02,musedata_handel,musedata_stage1,ok,,5,5,0.0,388,184,0.1
musedata_handel-chry-opera-poro,musedata_handel-chry-opera-poro--03,musedata_handel,musedata_stage1,ok,,4,3,0.25,846,235,0.3
musedata_handel-chry-opera-poro,musedata_handel-chry-opera-poro--04,musedata_handel,musedata_stage1,ok,,2,2,0.0,389,61,0.1
musedata_handel-chry-opera-poro,musedata_handel-chry-opera-poro--05,musedata_handel,musedata_stage1,ok,,5,3,0.4,811,225,0.4
musedata_handel-chry-opera-poro,musedata_handel-chry-opera-poro--06,musedata_handel,musedata_stage1,ok,,2,2,0.0,111,19,0.0
musedata_handel-chry-opera-poro,musedata_handel-chry-opera-poro--07,musedata_handel,musedata_stage1,ok,,5,5,0.0,1251,220,0.3
musedata_handel-chry-opera-poro,musedata_handel-chry-opera-poro--08,musedata_handel,musedata_stage1,ok,,2,2,0.0,149,25,0.0
musedata_handel-chry-opera-poro,musedata_handel-chry-opera-poro--09,musedata_handel,musedata_stage1,ok,,4,3,0.25,696,200,0.2
musedata_handel-chry-opera-poro,musedata_handel-chry-opera-poro--11,musedata_handel,musedata_stage1,ok,,5,5,0.0,2359,257,0.5
musedata_handel-chry-opera-poro,musedata_handel-chry-opera-poro--12,musedata_handel,musedata_stage1,ok,,2,2,0.0,287,44,0.1
musedata_handel-chry-opera-poro,musedata_handel-chry-opera-poro--13,musedata_handel,musedata_stage1,ok,,7,5,0.286,281,139,0.1
musedata_handel-chry-opera-poro,musedata_handel-chry-opera-poro--14,musedata_handel,musedata_stage1,ok,,2,2,0.0,190,28,0.0
musedata_handel-chry-opera-poro,musedata_handel-chry-opera-poro--15,musedata_handel,musedata_stage1,ok,,6,4,0.333,660,353,0.5
musedata_handel-chry-opera-poro,musedata_handel-chry-opera-poro--16,musedata_handel,musedata_stage1,ok,,2,2,0.0,201,32,0.0
musedata_handel-chry-opera-poro,musedata_handel-chry-opera-poro--17,musedata_handel,musedata_stage1,ok,,5,5,0.0,1395,219,0.5
musedata_handel-chry-opera-poro,musedata_handel-chry-opera-poro--18,musedata_handel,musedata_stage1,ok,,2,2,0.0,176,29,0.0
musedata_handel-chry-opera-poro,musedata_handel-chry-opera-poro--19,musedata_handel,musedata_stage1,ok,,4,4,0.0,1273,188,0.3
musedata_handel-chry-opera-poro,musedata_handel-chry-opera-poro--20,musedata_handel,musedata_stage1,ok,,2,2,0.0,16,4,0.0
musedata_handel-chry-opera-poro,musedata_handel-chry-opera-poro--21,musedata_handel,musedata_stage1,ok,,6,6,0.0,621,18,0.1
musedata_handel-chry-opera-poro,musedata_handel-chry-opera-poro--22,musedata_handel,musedata_stage1,ok,,2,2,0.0,319,57,0.1
musedata_handel-chry-opera-poro,musedata_handel-chry-opera-poro--23,musedata_handel,musedata_stage1,ok,,2,2,0.0,24,6,0.0
musedata_handel-chry-opera-poro,musedata_handel-chry-opera-poro--24,musedata_handel,musedata_stage1,ok,,2,2,0.0,285,53,0.1
musedata_handel-chry-opera-poro,musedata_handel-chry-opera-poro--25,musedata_handel,musedata_stage1,ok,,5,4,0.2,904,362,0.7
musedata_handel-chry-opera-poro,musedata_handel-chry-opera-poro--26,musedata_handel,musedata_stage1,ok,,2,2,0.0,81,12,0.0
musedata_handel-chry-opera-poro,musedata_handel-chry-opera-poro--27,musedata_handel,musedata_stage1,ok,,8,8,0.0,1638,544,0.6
musedata_handel-chry-opera-poro,musedata_handel-chry-opera-poro--28,musedata_handel,musedata_stage1,ok,,7,6,0.143,1277,148,0.3
musedata_handel-chry-opera-poro,musedata_handel-chry-opera-poro--29,musedata_handel,musedata_stage1,ok,,2,2,0.0,173,30,0.0
musedata_handel-chry-opera-poro,musedata_handel-chry-opera-poro--30,musedata_handel,musedata_stage1,ok,,2,2,0.0,72,13,0.0
musedata_handel-chry-opera-poro,musedata_handel-chry-opera-poro--31,musedata_handel,musedata_stage1,ok,,2,2,0.0,271,45,0.1
musedata_handel-chry-opera-poro,musedata_handel-chry-opera-poro--32,musedata_handel,musedata_stage1,ok,,6,6,0.0,599,76,0.2
musedata_handel-chry-opera-poro,musedata_handel-chry-opera-poro--33,musedata_handel,musedata_stage1,ok,,2,2,0.0,133,26,0.0
musedata_handel-chry-opera-poro,musedata_handel-chry-opera-poro--34,musedata_handel,musedata_stage1,ok,,2,2,0.0,107,22,0.0
musedata_handel-chry-opera-poro,musedata_handel-chry-opera-poro--35,musedata_handel,musedata_stage1,ok,,2,2,0.0,176,22,0.0
musedata_handel-chry-opera-poro,musedata_handel-chry-opera-poro--36,musedata_handel,musedata_stage1,ok,,4,3,0.25,1025,171,0.4
musedata_handel-chry-opera-poro,musedata_handel-chry-opera-poro--37,musedata_handel,musedata_stage1,ok,,2,2,0.0,132,21,0.0
musedata_handel-chry-opera-poro,musedata_handel-chry-opera-poro--38,musedata_handel,musedata_stage1,ok,,4,3,0.25,805,280,0.5
musedata_handel-chry-opera-poro,musedata_handel-chry-opera-poro--39,musedata_handel,musedata_stage1,ok,,2,2,0.0,210,32,0.1
musedata_handel-chry-opera-poro,musedata_handel-chry-opera-poro--40,musedata_handel,musedata_stage1,ok,,9,9,0.0,2108,719,0.9
musedata_handel-chry-opera-poro,musedata_handel-chry-opera-poro--42,musedata_handel,musedata_stage1,ok,,5,5,0.0,2017,130,0.4
musedata_handel-chry-opera-poro,musedata_handel-chry-opera-poro--43,musedata_handel,musedata_stage1,ok,,2,2,0.0,61,12,0.0
musedata_handel-chry-opera-poro,musedata_handel-chry-opera-poro--44,musedata_handel,musedata_stage1,ok,,2,2,0.0,347,62,0.1
musedata_handel-chry-opera-poro,musedata_handel-chry-opera-poro--45,musedata_handel,musedata_stage1,ok,,2,2,0.0,179,27,0.0
musedata_handel-chry-opera-poro,musedata_handel-chry-opera-poro--46,musedata_handel,musedata_stage1,ok,,8,8,0.0,1262,507,0.6
musedata_handel-chry-opera-poro,musedata_handel-chry-opera-poro--47,musedata_handel,musedata_stage1,ok,,2,2,0.0,106,18,0.0
musedata_handel-chry-opera-poro,musedata_handel-chry-opera-poro--48,musedata_handel,musedata_stage1,ok,,6,5,0.167,1188,281,0.3
musedata_handel-chry-opera-poro,musedata_handel-chry-opera-poro--49,musedata_handel,musedata_stage1,ok,,2,2,0.0,58,10,0.0
musedata_handel-chry-opera-poro,musedata_handel-chry-opera-poro--50,musedata_handel,musedata_stage1,ok,,3,3,0.0,1082,112,0.3
musedata_handel-chry-opera-poro,musedata_handel-chry-opera-poro--51,musedata_handel,musedata_stage1,ok,,4,4,0.0,398,73,0.1
musedata_handel-chry-opera-poro,musedata_handel-chry-opera-poro--52,musedata_handel,musedata_stage1,ok,,2,2,0.0,247,38,0.1
musedata_handel-chry-opera-poro,musedata_handel-chry-opera-poro--53,musedata_handel,musedata_stage1,ok,,4,4,0.0,1024,165,0.2
musedata_handel-chry-opera-poro,musedata_handel-chry-opera-poro--54,musedata_handel,musedata_stage1,ok,,2,2,0.0,38,6,0.0
musedata_handel-chry-opera-poro,musedata_handel-chry-opera-poro--55,musedata_handel,musedata_stage1,ok,,2,2,0.0,163,28,0.0
musedata_handel-chry-opera-poro,musedata_handel-chry-opera-poro--56,musedata_handel,musedata_stage1,ok,,2,2,0.0,65,13,0.0
musedata_handel-chry-opera-poro,musedata_handel-chry-opera-poro--57,musedata_handel,musedata_stage1,ok,,5,5,0.0,2220,307,0.6
musedata_handel-chry-opera-poro,musedata_handel-chry-opera-poro--58,musedata_handel,musedata_stage1,ok,,2,2,0.0,255,40,0.0
musedata_handel-chry-opera-poro,musedata_handel-chry-opera-poro--59,musedata_handel,musedata_stage1,ok,,3,3,0.0,709,36,0.2
musedata_handel-chry-opera-poro,musedata_handel-chry-opera-poro--60,musedata_handel,musedata_stage1,ok,,2,2,0.0,207,33,0.0
musedata_handel-chry-opera-poro,musedata_handel-chry-opera-poro--61,musedata_handel,musedata_stage1,ok,,7,7,0.0,2840,330,0.7
musedata_handel-chry-opera-poro,musedata_handel-chry-opera-poro--63,musedata_handel,musedata_stage1,ok,,5,5,0.0,901,180,0.2
musedata_handel-chry-opera-poro,musedata_handel-chry-opera-poro--64,musedata_handel,musedata_stage1,ok,,2,2,0.0,136,25,0.0
musedata_handel-chry-opera-poro,musedata_handel-chry-opera-poro--65,musedata_handel,musedata_stage1,ok,,2,2,0.0,182,33,0.1
musedata_handel-chry-opera-poro,musedata_handel-chry-opera-poro--66,musedata_handel,musedata_stage1,ok,,5,5,0.0,987,162,0.2
musedata_handel-chry-opera-poro,musedata_handel-chry-opera-poro--67,musedata_handel,musedata_stage1,ok,,2,2,0.0,48,10,0.0
musedata_handel-chry-opera-poro,musedata_handel-chry-opera-poro--68,musedata_handel,musedata_stage1,ok,,7,5,0.286,321,129,0.2
musedata_handel-chry-opera-poro,musedata_handel-chry-opera-poro--69,musedata_handel,musedata_stage1,ok,,2,2,0.0,53,8,0.0
musedata_handel-chry-opera-poro,musedata_handel-chry-opera-poro--70,musedata_handel,musedata_stage1,ok,,6,6,0.0,1226,299,0.7
musedata_handel-chry-opera-poro,musedata_handel-chry-opera-poro--71,musedata_handel,musedata_stage1,ok,,2,2,0.0,24,5,0.0
musedata_handel-chry-opera-poro,musedata_handel-chry-opera-poro--72,musedata_handel,musedata_stage1,ok,,4,4,0.0,265,8,0.0
musedata_handel-chry-opera-poro,musedata_handel-chry-opera-poro--73,musedata_handel,musedata_stage1,ok,,2,2,0.0,172,32,0.0
musedata_handel-chry-opera-poro,musedata_handel-chry-opera-poro--74,musedata_handel,musedata_stage1,ok,,5,5,0.0,444,71,0.1
musedata_handel-chry-opera-poro,musedata_handel-chry-opera-poro--75,musedata_handel,musedata_stage1,ok,,6,6,0.0,342,195,0.1
musedata_handel-chry-opera-poro,musedata_handel-chry-opera-poro--76,musedata_handel,musedata_stage1,ok,,6,5,0.167,312,124,0.1
musedata_handel-chry-opera-poro,musedata_handel-chry-opera-poro--77,musedata_handel,musedata_stage1,ok,,12,11,0.083,495,24,0.2
musedata_handel-chry-orch-hwv287,musedata_handel-chry-orch-hwv287--01,musedata_handel,musedata_stage1,ok,,6,5,0.167,894,356,0.4
musedata_handel-chry-orch-hwv287,musedata_handel-chry-orch-hwv287--02,musedata_handel,musedata_stage1,ok,,6,5,0.167,1330,162,0.4
musedata_handel-chry-orch-hwv287,musedata_handel-chry-orch-hwv287--03,musedata_handel,musedata_stage1,ok,,6,5,0.167,269,6,0.1
musedata_handel-chry-orch-hwv287,musedata_handel-chry-orch-hwv287--04,musedata_handel,musedata_stage1,ok,,6,5,0.167,1256,176,0.5
musedata_handel-chry-orch-hwv288,musedata_handel-chry-orch-hwv288--01,musedata_handel,musedata_stage1,ok,,6,5,0.167,1275,225,0.5
musedata_handel-chry-orch-hwv288,musedata_handel-chry-orch-hwv288--02,musedata_handel,musedata_stage1,ok,,6,5,0.167,206,133,0.1
musedata_handel-chry-orch-hwv288,musedata_handel-chry-orch-hwv288--03,musedata_handel,musedata_stage1,ok,,6,5,0.167,3803,359,1.3
musedata_handel-chry-orch-hwv301,musedata_handel-chry-orch-hwv301--01,musedata_handel,musedata_stage1,ok,,6,5,0.167,598,90,0.2
musedata_handel-chry-orch-hwv301,musedata_handel-chry-orch-hwv301--02,musedata_handel,musedata_stage1,ok,,6,5,0.167,1291,184,0.4
musedata_handel-chry-orch-hwv301,musedata_handel-chry-orch-hwv301--03,musedata_handel,musedata_stage1,ok,,6,4,0.333,651,25,0.3
musedata_handel-chry-orch-hwv301,musedata_handel-chry-orch-hwv301--04,musedata_handel,musedata_stage1,ok,,6,4,0.333,464,10,0.2
musedata_handel-chry-orch-hwv302a,musedata_handel-chry-orch-hwv302a--01,musedata_handel,musedata_stage1,ok,,5,4,0.2,893,152,0.3
musedata_handel-chry-orch-hwv302a,musedata_handel-chry-orch-hwv302a--02,musedata_handel,musedata_stage1,ok,,5,4,0.2,973,101,0.4
musedata_handel-chry-orch-hwv302a,musedata_handel-chry-orch-hwv302a--03,musedata_handel,musedata_stage1,ok,,5,4,0.2,594,37,0.2
musedata_handel-chry-orch-hwv302a,musedata_handel-chry-orch-hwv302a--04a,musedata_handel,musedata_stage1,ok,,5,4,0.2,1200,153,0.4
musedata_handel-chry-orch-hwv302a,musedata_handel-chry-orch-hwv302a--04b,musedata_handel,musedata_stage1,ok,,5,3,0.4,16,280,0.1
musedata_handel-chry-orch-hwv302b,musedata_handel-chry-orch-hwv302b--01,musedata_handel,musedata_stage1,ok,,7,6,0.143,1009,245,0.3
musedata_handel-chry-orch-hwv318,musedata_handel-chry-orch-hwv318--01,musedata_handel,musedata_stage1,ok,,10,8,0.2,3375,672,1.3
musedata_handel-chry-orch-hwv318,musedata_handel-chry-orch-hwv318--02,musedata_handel,musedata_stage1,ok,,10,9,0.1,597,114,0.2
musedata_handel-chry-orch-hwv318,musedata_handel-chry-orch-hwv318--03,musedata_handel,musedata_stage1,ok,,10,8,0.2,3419,587,1.4
musedata_handel-chry-orch-hwv318,musedata_handel-chry-orch-hwv318--04,musedata_handel,musedata_stage1,ok,,6,5,0.167,1563,188,0.6
musedata_handel-chry-orch-hwv334,musedata_handel-chry-orch-hwv334--01,musedata_handel,musedata_stage2,ok,,14,13,0.071,793,0,0.1
musedata_handel-chry-orch-hwv334,musedata_handel-chry-orch-hwv334--02,musedata_handel,musedata_stage2,ok,,14,14,0.0,4435,959,0.3
musedata_handel-chry-orch-hwv334,musedata_handel-chry-orch-hwv334--03,musedata_handel,musedata_stage2,ok,,14,14,0.0,3472,825,0.3
musedata_handel-chry-orch-hwv334,musedata_handel-chry-orch-hwv334--04,musedata_handel,musedata_stage2,ok,,8,4,0.5,137,22,0.0
musedata_handel-chry-orch-hwv334,musedata_handel-chry-orch-hwv334--05,musedata_handel,musedata_stage2,ok,,15,15,0.0,5704,1010,0.4
musedata_handel-chry-orch-hwv334,musedata_handel-chry-orch-hwv334--06,musedata_handel,musedata_stage2,ok,,15,14,0.067,4851,1058,0.4
musedata_handel-chry-orch-hwv380,musedata_handel-chry-orch-hwv380--01,musedata_handel,musedata_stage1,ok,,4,3,0.25,600,31,0.2
musedata_handel-chry-orch-hwv380,musedata_handel-chry-orch-hwv380--02,musedata_handel,musedata_stage1,ok,,4,3,0.25,1401,139,0.4
musedata_handel-chry-orch-hwv380,musedata_handel-chry-orch-hwv380--03,musedata_handel,musedata_stage1,ok,,4,3,0.25,175,19,0.0
musedata_handel-chry-orch-hwv380,musedata_handel-chry-orch-hwv380--04,musedata_handel,musedata_stage1,ok,,4,3,0.25,1263,104,0.8
musedata_handel-chry-orch-hwv381,musedata_handel-chry-orch-hwv381--01,musedata_handel,musedata_stage1,ok,,4,3,0.25,473,59,0.1
musedata_handel-chry-orch-hwv381,musedata_handel-chry-orch-hwv381--02,musedata_handel,musedata_stage1,ok,,4,3,0.25,1273,99,0.4
musedata_handel-chry-orch-hwv381,musedata_handel-chry-orch-hwv381--03,musedata_handel,musedata_stage1,ok,,4,3,0.25,246,7,0.1
musedata_handel-chry-orch-hwv381,musedata_handel-chry-orch-hwv381--04,musedata_handel,musedata_stage1,ok,,4,3,0.25,1341,104,0.4
musedata_handel-chry-orch-hwv382,musedata_handel-chry-orch-hwv382--01,musedata_handel,musedata_stage1,fail,MuseDataException: cannot process bar data definition: eassur,,,,,,0.0
musedata_handel-chry-orch-hwv382,musedata_handel-chry-orch-hwv382--02,musedata_handel,musedata_stage1,ok,,3,3,0.0,1054,42,0.4
musedata_handel-chry-orch-hwv382,musedata_handel-chry-orch-hwv382--03,musedata_handel,musedata_stage1,ok,,3,3,0.0,534,42,0.1
musedata_handel-chry-orch-hwv382,musedata_handel-chry-orch-hwv382--04,musedata_handel,musedata_stage1,ok,,3,3,0.0,1219,40,0.3
musedata_handel-chry-orch-hwv383,musedata_handel-chry-orch-hwv383--01,musedata_handel,musedata_stage1,ok,,3,3,0.0,493,37,0.1
musedata_handel-chry-orch-hwv383,musedata_handel-chry-orch-hwv383--02,musedata_handel,musedata_stage1,ok,,3,3,0.0,1078,87,0.4
musedata_handel-chry-orch-hwv383,musedata_handel-chry-orch-hwv383--03,musedata_handel,musedata_stage1,ok,,3,3,0.0,305,14,0.1
musedata_handel-chry-orch-hwv383,musedata_handel-chry-orch-hwv383--04,musedata_handel,musedata_stage1,ok,,3,3,0.0,1211,53,0.6
musedata_handel-chry-orch-hwv384,musedata_handel-chry-orch-hwv384--01,musedata_handel,musedata_stage1,ok,,3,3,0.0,473,41,0.2
musedata_handel-chry-orch-hwv384,musedata_handel-chry-orch-hwv384--02,musedata_handel,musedata_stage1,ok,,3,3,0.0,891,49,0.2
musedata_handel-chry-orch-hwv384,musedata_handel-chry-orch-hwv384--03,musedata_handel,musedata_stage1,ok,,3,3,0.0,121,9,0.0
musedata_handel-chry-orch-hwv384,musedata_handel-chry-orch-hwv384--04,musedata_handel,musedata_stage1,ok,,3,3,0.0,913,67,0.2
musedata_handel-chry-orch-hwv385,musedata_handel-chry-orch-hwv385--01,musedata_handel,musedata_stage1,ok,,3,3,0.0,603,34,0.1
musedata_handel-chry-orch-hwv385,musedata_handel-chry-orch-hwv385--02,musedata_handel,musedata_stage1,ok,,3,3,0.0,1642,70,0.4
musedata_handel-chry-orch-hwv385,musedata_handel-chry-orch-hwv385--03,musedata_handel,musedata_stage1,ok,,3,3,0.0,232,6,0.1
musedata_handel-chry-orch-hwv385,musedata_handel-chry-orch-hwv385--04,musedata_handel,musedata_stage1,ok,,3,3,0.0,1579,93,0.5
musedata_handel-chry-orch-op02-hwv386a,musedata_handel-chry-orch-op02-hwv386a--01,musedata_handel,musedata_stage2,ok,,3,3,0.0,797,189,0.0
musedata_handel-chry-orch-op02-hwv386a,musedata_handel-chry-orch-op02-hwv386a--02,musedata_handel,musedata_stage2,ok,,3,3,0.0,1238,184,0.1
musedata_handel-chry-orch-op02-hwv386a,musedata_handel-chry-orch-op02-hwv386a--03,musedata_handel,musedata_stage2,ok,,3,3,0.0,500,55,0.0
musedata_handel-chry-orch-op02-hwv386a,musedata_handel-chry-orch-op02-hwv386a--04,musedata_handel,musedata_stage2,ok,,3,3,0.0,1021,248,0.1
musedata_handel-chry-orch-op03-hwv312,musedata_handel-chry-orch-op03-hwv312--01,musedata_handel,musedata_stage2,ok,,10,7,0.3,2929,644,0.3
musedata_handel-chry-orch-op03-hwv312,musedata_handel-chry-orch-op03-hwv312--02,musedata_handel,musedata_stage2,ok,,10,9,0.1,1364,502,0.1
musedata_handel-chry-orch-op03-hwv312,musedata_handel-chry-orch-op03-hwv312--03,musedata_handel,musedata_stage2,ok,,10,9,0.1,1967,240,0.2
musedata_handel-chry-orch-op05-hwv396,musedata_handel-chry-orch-op05-hwv396--01,musedata_handel,musedata_stage2,ok,,3,3,0.0,475,48,0.1
musedata_handel-chry-orch-op05-hwv396,musedata_handel-chry-orch-op05-hwv396--02,musedata_handel,musedata_stage2,ok,,3,3,0.0,982,156,0.0
musedata_handel-chry-orch-op05-hwv396,musedata_handel-chry-orch-op05-hwv396--03,musedata_handel,musedata_stage2,ok,,3,3,0.0,171,14,0.0
musedata_handel-chry-orch-op05-hwv396,musedata_handel-chry-orch-op05-hwv396--04,musedata_handel,musedata_stage2,ok,,3,3,0.0,710,50,0.0
musedata_handel-chry-orch-op05-hwv396,musedata_handel-chry-orch-op05-hwv396--05,musedata_handel,musedata_stage2,ok,,3,3,0.0,240,20,0.0
musedata_handel-chry-torio-mes,musedata_handel-chry-torio-mes--1_01,musedata_handel,musedata_stage2,ok,,5,4,0.2,1390,131,0.2
musedata_handel-chry-torio-mes,musedata_handel-chry-torio-mes--1_02,musedata_handel,musedata_stage2,ok,,7,5,0.286,842,198,0.1
musedata_handel-chry-torio-mes,musedata_handel-chry-torio-mes--1_03,musedata_handel,musedata_stage2,ok,,7,6,0.143,1835,601,0.1
musedata_handel-chry-torio-mes,musedata_handel-chry-torio-mes--1_04,musedata_handel,musedata_stage2,ok,,11,10,0.091,2627,591,0.2
musedata_handel-chry-torio-mes,musedata_handel-chry-torio-mes--1_05a,musedata_handel,musedata_stage2,ok,,9,6,0.333,1014,389,0.1
musedata_handel-chry-torio-mes,musedata_handel-chry-torio-mes--1_05b,musedata_handel,musedata_stage2,ok,,8,5,0.375,911,325,0.1
musedata_handel-chry-torio-mes,musedata_handel-chry-torio-mes--1_06a,musedata_handel,musedata_stage2,ok,,6,5,0.167,1242,410,0.1
musedata_handel-chry-torio-mes,musedata_handel-chry-torio-mes--1_06b,musedata_handel,musedata_stage2,ok,,6,5,0.167,3772,435,0.2
musedata_handel-chry-torio-mes,musedata_handel-chry-torio-mes--1_06c,musedata_handel,musedata_stage2,ok,,6,5,0.167,3772,435,0.2
musedata_handel-chry-torio-mes,musedata_handel-chry-torio-mes--1_06d,musedata_handel,musedata_stage2,ok,,4,2,0.5,37,20,0.0
musedata_handel-chry-torio-mes,musedata_handel-chry-torio-mes--1_07,musedata_handel,musedata_stage2,ok,,10,9,0.1,2525,422,0.1
musedata_handel-chry-torio-mes,musedata_handel-chry-torio-mes--1_08,musedata_handel,musedata_stage2,ok,,4,2,0.5,30,20,0.0
musedata_handel-chry-torio-mes,musedata_handel-chry-torio-mes--1_09,musedata_handel,musedata_stage2,ok,,5,3,0.4,1278,406,0.1
musedata_handel-chry-torio-mes,musedata_handel-chry-torio-mes--1_10,musedata_handel,musedata_stage2,ok,,10,9,0.1,1585,248,0.1
musedata_handel-chry-torio-mes,musedata_handel-chry-torio-mes--1_11,musedata_handel,musedata_stage2,ok,,6,5,0.167,903,36,0.0
musedata_handel-chry-torio-mes,musedata_handel-chry-torio-mes--1_12,musedata_handel,musedata_stage2,ok,,6,4,0.333,1451,148,0.1
musedata_handel-chry-torio-mes,musedata_handel-chry-torio-mes--1_13,musedata_handel,musedata_stage2,ok,,11,9,0.182,3959,985,0.2
musedata_handel-chry-torio-mes,musedata_handel-chry-torio-mes--1_14a,musedata_handel,musedata_stage2,ok,,9,4,0.556,339,20,0.0
musedata_handel-chry-torio-mes,musedata_handel-chry-torio-mes--1_14b,musedata_handel,musedata_stage2,ok,,9,5,0.444,683,20,0.1
musedata_handel-chry-torio-mes,musedata_handel-chry-torio-mes--1_15,musedata_handel,musedata_stage2,ok,,4,3,0.25,21,12,0.0
musedata_handel-chry-torio-mes,musedata_handel-chry-torio-mes--1_16a,musedata_handel,musedata_stage2,ok,,6,4,0.333,272,16,0.0
musedata_handel-chry-torio-mes,musedata_handel-chry-torio-mes--1_16b,musedata_handel,musedata_stage2,ok,,3,2,0.333,351,57,0.0
musedata_handel-chry-torio-mes,musedata_handel-chry-torio-mes--1_17,musedata_handel,musedata_stage2,ok,,4,2,0.5,63,30,0.0
musedata_handel-chry-torio-mes,musedata_handel-chry-torio-mes--1_18,musedata_handel,musedata_stage2,ok,,6,4,0.333,328,16,0.0
musedata_handel-chry-torio-mes,musedata_handel-chry-torio-mes--1_19,musedata_handel,musedata_stage2,ok,,14,13,0.071,1871,418,0.1
musedata_handel-chry-torio-mes,musedata_handel-chry-torio-mes--1_20a,musedata_handel,musedata_stage2,ok,,5,3,0.4,1528,719,0.1
musedata_handel-chry-torio-mes,musedata_handel-chry-torio-mes--1_20b,musedata_handel,musedata_stage2,ok,,5,3,0.4,1525,395,0.1
musedata_handel-chry-torio-mes,musedata_handel-chry-torio-mes--1_21a,musedata_handel,musedata_stage2,ok,,4,2,0.5,45,24,0.0
musedata_handel-chry-torio-mes,musedata_handel-chry-torio-mes--1_21b,musedata_handel,musedata_stage2,ok,,4,2,0.5,45,24,0.0
musedata_handel-chry-torio-mes,musedata_handel-chry-torio-mes--1_22a,musedata_handel,musedata_stage2,ok,,6,5,0.167,1621,64,0.1
musedata_handel-chry-torio-mes,musedata_handel-chry-torio-mes--1_22b,musedata_handel,musedata_stage2,ok,,6,5,0.167,1620,64,0.1
musedata_handel-chry-torio-mes,musedata_handel-chry-torio-mes--1_22c,musedata_handel,musedata_stage2,ok,,6,5,0.167,1619,64,0.1
musedata_handel-chry-torio-mes,musedata_handel-chry-torio-mes--1_23,musedata_handel,musedata_stage2,ok,,11,9,0.182,2223,492,0.1
musedata_handel-chry-torio-mes,musedata_handel-chry-torio-mes--2_01,musedata_handel,musedata_stage2,ok,,13,9,0.308,1161,243,0.1
musedata_handel-chry-torio-mes,musedata_handel-chry-torio-mes--2_02a,musedata_handel,musedata_stage2,ok,,6,5,0.167,1878,368,0.1
musedata_handel-chry-torio-mes,musedata_handel-chry-torio-mes--2_02b,musedata_handel,musedata_stage2,ok,,6,5,0.167,1879,368,0.1
musedata_handel-chry-torio-mes,musedata_handel-chry-torio-mes--2_03,musedata_handel,musedata_stage2,ok,,11,9,0.182,2666,438,0.2
musedata_handel-chry-torio-mes,musedata_handel-chry-torio-mes--2_04,musedata_handel,musedata_stage2,ok,,11,10,0.091,4127,614,0.2
musedata_handel-chry-torio-mes,musedata_handel-chry-torio-mes--2_05,musedata_handel,musedata_stage2,ok,,9,5,0.444,408,98,0.0
musedata_handel-chry-torio-mes,musedata_handel-chry-torio-mes--2_06,musedata_handel,musedata_stage2,ok,,11,7,0.364,2117,379,0.2
musedata_handel-chry-torio-mes,musedata_handel-chry-torio-mes--2_07,musedata_handel,musedata_stage2,ok,,7,5,0.286,173,55,0.0
musedata_handel-chry-torio-mes,musedata_handel-chry-torio-mes--2_08,musedata_handel,musedata_stage2,ok,,6,5,0.167,279,154,0.1
musedata_handel-chry-torio-mes,musedata_handel-chry-torio-mes--2_09,musedata_handel,musedata_stage2,ok,,7,5,0.286,55,21,0.0
musedata_handel-chry-torio-mes,musedata_handel-chry-torio-mes--2_10,musedata_handel,musedata_stage2,ok,,5,3,0.4,554,176,0.0
musedata_handel-chry-torio-mes,musedata_handel-chry-torio-mes--2_11,musedata_handel,musedata_stage2,ok,,11,10,0.091,3746,793,0.2
musedata_handel-chry-torio-mes,musedata_handel-chry-torio-mes--2_12,musedata_handel,musedata_stage2,ok,,4,3,0.25,33,12,0.0
musedata_handel-chry-torio-mes,musedata_handel-chry-torio-mes--2_13,musedata_handel,musedata_stage2,ok,,10,10,0.0,1573,144,0.1
musedata_handel-chry-torio-mes,musedata_handel-chry-torio-mes--2_14a,musedata_handel,musedata_stage2,ok,,5,3,0.4,1003,290,0.1
musedata_handel-chry-torio-mes,musedata_handel-chry-torio-mes--2_14b,musedata_handel,musedata_stage2,ok,,5,3,0.4,816,320,0.1
musedata_handel-chry-torio-mes,musedata_handel-chry-torio-mes--2_14c,musedata_handel,musedata_stage2,ok,,5,3,0.4,903,373,0.1
musedata_handel-chry-torio-mes,musedata_handel-chry-torio-mes--2_14d,musedata_handel,musedata_stage2,ok,,5,3,0.4,903,371,0.1
musedata_handel-chry-torio-mes,musedata_handel-chry-torio-mes--2_15,musedata_handel,musedata_stage2,ok,,10,8,0.2,1608,109,0.1
musedata_handel-chry-torio-mes,musedata_handel-chry-torio-mes--2_16a,musedata_handel,musedata_stage2,ok,,5,4,0.2,699,256,0.1
musedata_handel-chry-torio-mes,musedata_handel-chry-torio-mes--2_16b_a,musedata_handel,musedata_stage2,ok,,4,3,0.25,375,176,0.0
musedata_handel-chry-torio-mes,musedata_handel-chry-torio-mes--2_16b_b,musedata_handel,musedata_stage2,ok,,11,10,0.091,1566,142,0.1
musedata_handel-chry-torio-mes,musedata_handel-chry-torio-mes--2_16c_a,musedata_handel,musedata_stage2,ok,,5,3,0.4,629,266,0.1
musedata_handel-chry-torio-mes,musedata_handel-chry-torio-mes--2_16c_b,musedata_handel,musedata_stage2,ok,,3,2,0.333,216,45,0.0
musedata_handel-chry-torio-mes,musedata_handel-chry-torio-mes--2_16d,musedata_handel,musedata_stage2,ok,,11,9,0.182,2831,920,0.2
musedata_handel-chry-torio-mes,musedata_handel-chry-torio-mes--2_16e,musedata_handel,musedata_stage2,ok,,10,7,0.3,593,620,0.1
musedata_handel-chry-torio-mes,musedata_handel-chry-torio-mes--2_17a,musedata_handel,musedata_stage2,ok,,6,5,0.167,5227,86,0.2
musedata_handel-chry-torio-mes,musedata_handel-chry-torio-mes--2_17b,musedata_handel,musedata_stage2,ok,,7,5,0.286,2127,83,0.1
musedata_handel-chry-torio-mes,musedata_handel-chry-torio-mes--2_18,musedata_handel,musedata_stage2,ok,,12,11,0.083,2861,341,0.1
musedata_handel-chry-torio-mes,musedata_handel-chry-torio-mes--2_19,musedata_handel,musedata_stage2,ok,,4,2,0.5,27,10,0.0
musedata_handel-chry-torio-mes,musedata_handel-chry-torio-mes--2_20a,musedata_handel,musedata_stage2,ok,,5,3,0.4,755,320,0.1
musedata_handel-chry-torio-mes,musedata_handel-chry-torio-mes--2_20b,musedata_handel,musedata_stage2,ok,,4,2,0.5,29,12,0.0
musedata_handel-chry-torio-mes,musedata_handel-chry-torio-mes--2_21,musedata_handel,musedata_stage2,ok,,15,12,0.2,4525,1405,0.3
musedata_handel-chry-torio-mes,musedata_handel-chry-torio-mes--3_01,musedata_handel,musedata_stage2,ok,,5,3,0.4,959,487,0.1
musedata_handel-chry-torio-mes,musedata_handel-chry-torio-mes--3_02,musedata_handel,musedata_stage2,ok,,9,8,0.111,1022,167,0.0
musedata_handel-chry-torio-mes,musedata_handel-chry-torio-mes--3_03,musedata_handel,musedata_stage2,ok,,7,5,0.286,110,49,0.0
musedata_handel-chry-torio-mes,musedata_handel-chry-torio-mes--3_04,musedata_handel,musedata_stage2,ok,,8,7,0.125,3096,1011,0.3
musedata_handel-chry-torio-mes,musedata_handel-chry-torio-mes--3_05,musedata_handel,musedata_stage2,ok,,4,2,0.5,30,16,0.0
musedata_handel-chry-torio-mes,musedata_handel-chry-torio-mes--3_06a,musedata_handel,musedata_stage2,ok,,4,3,0.25,648,103,0.0
musedata_handel-chry-torio-mes,musedata_handel-chry-torio-mes--3_06b,musedata_handel,musedata_stage2,ok,,4,3,0.25,364,53,0.0
musedata_handel-chry-torio-mes,musedata_handel-chry-torio-mes--3_06c,musedata_handel,musedata_stage2,ok,,4,2,0.5,36,16,0.0
musedata_handel-chry-torio-mes,musedata_handel-chry-torio-mes--3_07,musedata_handel,musedata_stage2,ok,,12,9,0.25,2039,507,0.2
musedata_handel-chry-torio-mes,musedata_handel-chry-torio-mes--3_08,musedata_handel,musedata_stage2,ok,,4,3,0.25,1113,542,0.1
musedata_handel-chry-torio-mes,musedata_handel-chry-torio-mes--3_09,musedata_handel,musedata_stage2,ok,,15,13,0.133,4447,827,0.2
musedata_handel-chry-torio-mes,musedata_handel-chry-torio-mes--3_10,musedata_handel,musedata_stage2,ok,,15,14,0.067,3126,644,0.3
musedata_handel-haa-op6n1,musedata_handel-haa-op6n1--1,musedata_handel,musedata_stage1,ok,,9,8,0.111,824,177,0.3
musedata_handel-haa-op6n1,musedata_handel-haa-op6n1--2,musedata_handel,musedata_stage1,ok,,9,9,0.0,2866,314,0.7
musedata_handel-haa-op6n1,musedata_handel-haa-op6n1--3,musedata_handel,musedata_stage1,ok,,9,8,0.111,714,199,0.3
musedata_handel-haa-op6n1,musedata_handel-haa-op6n1--4,musedata_handel,musedata_stage1,ok,,9,7,0.222,2061,392,0.9
musedata_handel-haa-op6n1,musedata_handel-haa-op6n1--5,musedata_handel,musedata_stage1,ok,,9,5,0.444,1267,230,0.6
musedata_handel-haa-op6n10,musedata_handel-haa-op6n10--1a,musedata_handel,musedata_stage1,ok,,7,4,0.429,375,142,0.2
musedata_handel-haa-op6n10,musedata_handel-haa-op6n10--1b,musedata_handel,musedata_stage1,ok,,7,4,0.429,1610,374,0.8
musedata_handel-haa-op6n10,musedata_handel-haa-op6n10--1c,musedata_handel,musedata_stage1,ok,,7,4,0.429,81,597,0.2
musedata_handel-haa-op6n10,musedata_handel-haa-op6n10--2,musedata_handel,musedata_stage1,ok,,7,4,0.429,525,151,0.3
musedata_handel-haa-op6n10,musedata_handel-haa-op6n10--3,musedata_handel,musedata_stage1,ok,,6,4,0.333,1036,64,0.3
musedata_handel-haa-op6n10,musedata_handel-haa-op6n10--4,musedata_handel,musedata_stage1,ok,,7,6,0.143,3532,300,1.4
musedata_handel-haa-op6n10,musedata_handel-haa-op6n10--5,musedata_handel,musedata_stage1,ok,,7,5,0.286,918,17,0.2
musedata_handel-haa-op6n11,musedata_handel-haa-op6n11--1,musedata_handel,musedata_stage1,ok,,7,7,0.0,2593,375,0.7
musedata_handel-haa-op6n11,musedata_handel-haa-op6n11--2,musedata_handel,musedata_stage1,ok,,5,4,0.2,1162,136,0.3
musedata_handel-haa-op6n11,musedata_handel-haa-op6n11--3,musedata_handel,musedata_stage1,ok,,5,4,0.2,65,45,0.0
musedata_handel-haa-op6n11,musedata_handel-haa-op6n11--4,musedata_handel,musedata_stage1,ok,,7,7,0.0,3181,622,1.8
musedata_handel-haa-op6n11,musedata_handel-haa-op6n11--5,musedata_handel,musedata_stage1,ok,,7,7,0.0,2895,596,1.0
musedata_handel-haa-op6n12,musedata_handel-haa-op6n12--1,musedata_handel,musedata_stage1,ok,,7,7,0.0,758,164,0.2
musedata_handel-haa-op6n12,musedata_handel-haa-op6n12--2,musedata_handel,musedata_stage1,ok,,7,7,0.0,4639,395,1.3
musedata_handel-haa-op6n12,musedata_handel-haa-op6n12--3,musedata_handel,musedata_stage1,ok,,4,3,0.25,835,20,0.4
musedata_handel-haa-op6n12,musedata_handel-haa-op6n12--4,musedata_handel,musedata_stage1,ok,,7,6,0.143,300,18,0.1
musedata_handel-haa-op6n12,musedata_handel-haa-op6n12--5,musedata_handel,musedata_stage1,ok,,5,4,0.2,1460,200,0.5
musedata_handel-haa-op6n2,musedata_handel-haa-op6n2--1,musedata_handel,musedata_stage1,ok,,9,8,0.111,2298,325,0.7
musedata_handel-haa-op6n2,musedata_handel-haa-op6n2--2,musedata_handel,musedata_stage1,ok,,9,9,0.0,2970,405,0.7
musedata_handel-haa-op6n2,musedata_handel-haa-op6n2--3,musedata_handel,musedata_stage1,ok,,9,8,0.111,1260,130,0.4
musedata_handel-haa-op6n2,musedata_handel-haa-op6n2--4,musedata_handel,musedata_stage1,ok,,9,8,0.111,2256,291,0.9
musedata_handel-haa-op6n3,musedata_handel-haa-op6n3--1,musedata_handel,musedata_stage1,ok,,7,6,0.143,362,53,0.1
musedata_handel-haa-op6n3,musedata_handel-haa-op6n3--2,musedata_handel,musedata_stage1,ok,,7,5,0.286,831,117,0.3
musedata_handel-haa-op6n3,musedata_handel-haa-op6n3--3,musedata_handel,musedata_stage1,ok,,7,6,0.143,3117,251,1.0
musedata_handel-haa-op6n3,musedata_handel-haa-op6n3--4,musedata_handel,musedata_stage1,ok,,11,7,0.364,1850,370,0.9
musedata_handel-haa-op6n3,musedata_handel-haa-op6n3--5,musedata_handel,musedata_stage1,ok,,7,7,0.0,508,50,0.1
musedata_handel-haa-op6n4,musedata_handel-haa-op6n4--1,musedata_handel,musedata_stage1,ok,,7,4,0.429,690,97,0.2
musedata_handel-haa-op6n4,musedata_handel-haa-op6n4--2,musedata_handel,musedata_stage1,ok,,7,7,0.0,2454,279,0.9
musedata_handel-haa-op6n4,musedata_handel-haa-op6n4--3,musedata_handel,musedata_stage1,ok,,6,4,0.333,493,30,0.2
musedata_handel-haa-op6n4,musedata_handel-haa-op6n4--4,musedata_handel,musedata_stage1,ok,,7,5,0.286,2109,561,1.3
musedata_handel-haa-op6n5,musedata_handel-haa-op6n5--1,musedata_handel,musedata_stage1,ok,,7,4,0.429,375,155,0.2
musedata_handel-haa-op6n5,musedata_handel-haa-op6n5--2,musedata_handel,musedata_stage1,ok,,7,7,0.0,2494,241,0.6
musedata_handel-haa-op6n5,musedata_handel-haa-op6n5--3,musedata_handel,musedata_stage1,ok,,9,9,0.0,2840,707,1.7
musedata_handel-haa-op6n5,musedata_handel-haa-op6n5--4,musedata_handel,musedata_stage1,ok,,9,4,0.556,236,175,0.2
musedata_handel-haa-op6n5,musedata_handel-haa-op6n5--5,musedata_handel,musedata_stage1,ok,,7,6,0.143,3763,440,1.2
musedata_handel-haa-op6n5,musedata_handel-haa-op6n5--6,musedata_handel,musedata_stage1,ok,,6,5,0.167,927,17,0.3
musedata_handel-haa-op6n6,musedata_handel-haa-op6n6--1,musedata_handel,musedata_stage1,ok,,9,9,0.0,803,285,0.3
musedata_handel-haa-op6n6,musedata_handel-haa-op6n6--2,musedata_handel,musedata_stage1,ok,,9,4,0.556,741,99,0.5
musedata_handel-haa-op6n6,musedata_handel-haa-op6n6--3,musedata_handel,musedata_stage1,ok,,9,9,0.0,4051,581,1.9
musedata_handel-haa-op6n6,musedata_handel-haa-op6n6--4,musedata_handel,musedata_stage1,ok,,9,7,0.222,3363,699,1.4
musedata_handel-haa-op6n6,musedata_handel-haa-op6n6--5,musedata_handel,musedata_stage1,ok,,6,3,0.5,536,41,0.4
musedata_handel-haa-op6n7,musedata_handel-haa-op6n7--1,musedata_handel,musedata_stage1,ok,,5,4,0.2,195,28,0.2
musedata_handel-haa-op6n7,musedata_handel-haa-op6n7--2,musedata_handel,musedata_stage1,ok,,5,4,0.2,1676,186,0.7
musedata_handel-haa-op6n7,musedata_handel-haa-op6n7--3,musedata_handel,musedata_stage1,ok,,5,4,0.2,540,21,0.2
musedata_handel-haa-op6n7,musedata_handel-haa-op6n7--4,musedata_handel,musedata_stage1,ok,,6,4,0.333,2130,114,0.9
musedata_handel-haa-op6n7,musedata_handel-haa-op6n7--5,musedata_handel,musedata_stage1,ok,,6,4,0.333,1133,2,0.4
musedata_handel-haa-op6n8,musedata_handel-haa-op6n8--1,musedata_handel,musedata_stage1,ok,,6,4,0.333,1285,275,0.5
musedata_handel-haa-op6n8,musedata_handel-haa-op6n8--2,musedata_handel,musedata_stage1,ok,,7,7,0.0,355,76,0.1
musedata_handel-haa-op6n8,musedata_handel-haa-op6n8--3,musedata_handel,musedata_stage1,ok,,7,7,0.0,1927,206,0.5
musedata_handel-haa-op6n8,musedata_handel-haa-op6n8--4,musedata_handel,musedata_stage1,ok,,5,4,0.2,154,40,0.1
musedata_handel-haa-op6n8,musedata_handel-haa-op6n8--5,musedata_handel,musedata_stage1,ok,,7,7,0.0,1720,247,0.4
musedata_handel-haa-op6n8,musedata_handel-haa-op6n8--6,musedata_handel,musedata_stage1,ok,,6,3,0.5,349,0,0.1
musedata_handel-haa-op6n9,musedata_handel-haa-op6n9--1,musedata_handel,musedata_stage1,ok,,5,4,0.2,204,112,0.1
musedata_handel-haa-op6n9,musedata_handel-haa-op6n9--2,musedata_handel,musedata_stage1,ok,,7,7,0.0,4404,826,1.5
musedata_handel-haa-op6n9,musedata_handel-haa-op6n9--3,musedata_handel,musedata_stage1,ok,,7,7,0.0,1249,119,0.4
musedata_handel-haa-op6n9,musedata_handel-haa-op6n9--4,musedata_handel,musedata_stage1,ok,,5,4,0.2,1589,115,0.4
musedata_handel-haa-op6n9,musedata_handel-haa-op6n9--5,musedata_handel,musedata_stage1,ok,,6,4,0.333,321,25,0.1
musedata_handel-haa-op6n9,musedata_handel-haa-op6n9--6,musedata_handel,musedata_stage1,ok,,7,4,0.429,640,125,0.3
musedata_handel-hicks-clori-new,musedata_handel-hicks-clori-new--01,musedata_handel,musedata_stage2,ok,,7,4,0.429,1361,171,0.1
musedata_handel-hicks-clori-new,musedata_handel-hicks-clori-new--02,musedata_handel,musedata_stage2,ok,,2,2,0.0,474,38,0.0
musedata_handel-hicks-clori-new,musedata_handel-hicks-clori-new--03,musedata_handel,musedata_stage2,ok,,2,2,0.0,115,21,0.0
musedata_handel-hicks-clori-new,musedata_handel-hicks-clori-new--04,musedata_handel,musedata_stage2,ok,,6,5,0.167,494,188,0.0
musedata_handel-hicks-clori-new,musedata_handel-hicks-clori-new--05,musedata_handel,musedata_stage2,ok,,3,2,0.333,70,17,0.0
musedata_handel-hicks-clori-new,musedata_handel-hicks-clori-new--06,musedata_handel,musedata_stage2,ok,,10,7,0.3,3182,506,0.3
musedata_handel-hicks-clori-new,musedata_handel-hicks-clori-new--07,musedata_handel,musedata_stage2,ok,,3,2,0.333,125,23,0.1
musedata_handel-hicks-clori-new,musedata_handel-hicks-clori-new--08,musedata_handel,musedata_stage2,ok,,6,5,0.167,801,184,0.0
musedata_handel-hicks-clori-new,musedata_handel-hicks-clori-new--09,musedata_handel,musedata_stage2,ok,,3,2,0.333,71,13,0.0
musedata_handel-hicks-clori-new,musedata_handel-hicks-clori-new--10,musedata_handel,musedata_stage2,ok,,6,3,0.5,645,258,0.1
musedata_handel-hicks-clori-new,musedata_handel-hicks-clori-new--11,musedata_handel,musedata_stage2,ok,,3,2,0.333,113,22,0.0
musedata_handel-hicks-clori-new,musedata_handel-hicks-clori-new--12,musedata_handel,musedata_stage2,ok,,7,4,0.429,656,176,0.1
musedata_handel-hicks-clori-new,musedata_handel-hicks-clori-new--13,musedata_handel,musedata_stage2,ok,,2,2,0.0,143,29,0.0
musedata_handel-hicks-clori-new,musedata_handel-hicks-clori-new--14,musedata_handel,musedata_stage2,ok,,8,7,0.125,1727,317,0.1
musedata_handel-hicks-clori-new,musedata_handel-hicks-clori-new--15,musedata_handel,musedata_stage2,ok,,8,5,0.375,769,488,0.1
musedata_handel-hicks-clori-new,musedata_handel-hicks-clori-new--16,musedata_handel,musedata_stage2,ok,,3,2,0.333,120,26,0.0
musedata_handel-hicks-clori-new,musedata_handel-hicks-clori-new--17,musedata_handel,musedata_stage2,ok,,8,7,0.125,2489,809,0.2
musedata_handel-hicks-clori-new,musedata_handel-hicks-clori-new--18,musedata_handel,musedata_stage2,ok,,3,2,0.333,137,25,0.0
musedata_handel-hicks-clori-new,musedata_handel-hicks-clori-new--19,musedata_handel,musedata_stage2,ok,,11,8,0.273,3434,795,0.2
musedata_handel-hicks-clori-new,musedata_handel-hicks-clori-new--20,musedata_handel,musedata_stage2,ok,,3,2,0.333,224,43,0.0
musedata_handel-hicks-clori-new,musedata_handel-hicks-clori-new--21,musedata_handel,musedata_stage2,ok,,7,5,0.286,471,102,0.1
musedata_handel-hicks-clori-new,musedata_handel-hicks-clori-new--22,musedata_handel,musedata_stage2,ok,,3,2,0.333,84,21,0.0
musedata_handel-hicks-clori-new,musedata_handel-hicks-clori-new--23,musedata_handel,musedata_stage2,ok,,3,2,0.333,353,53,0.0
musedata_handel-hicks-clori-new,musedata_handel-hicks-clori-new--24,musedata_handel,musedata_stage2,ok,,3,2,0.333,96,18,0.0
musedata_handel-hicks-clori-new,musedata_handel-hicks-clori-new--25,musedata_handel,musedata_stage2,ok,,7,3,0.571,421,286,0.0
musedata_handel-hicks-clori-new,musedata_handel-hicks-clori-new--26,musedata_handel,musedata_stage2,ok,,3,2,0.333,62,15,0.0
musedata_handel-hicks-clori-new,musedata_handel-hicks-clori-new--27,musedata_handel,musedata_stage2,ok,,6,5,0.167,1495,407,0.1
musedata_handel-hicks-clori-new,musedata_handel-hicks-clori-new--28,musedata_handel,musedata_stage2,ok,,3,2,0.333,153,25,0.0
musedata_handel-hicks-clori-new,musedata_handel-hicks-clori-new--29,musedata_handel,musedata_stage2,ok,,8,5,0.375,1809,783,0.2
musedata_handel-hicks-clori-new,musedata_handel-hicks-clori-new--30,musedata_handel,musedata_stage2,ok,,10,7,0.3,1297,412,0.1
musedata_handel-hicks-jmac,musedata_handel-hicks-jmac--01,musedata_handel,musedata_stage2,ok,,7,4,0.429,405,28,0.2
musedata_handel-hicks-jmac,musedata_handel-hicks-jmac--02,musedata_handel,musedata_stage2,ok,,8,8,0.0,3138,512,0.1
musedata_handel-hicks-jmac,musedata_handel-hicks-jmac--03,musedata_handel,musedata_stage2,ok,,10,10,0.0,1996,443,0.1
musedata_handel-hicks-jmac,musedata_handel-hicks-jmac--05,musedata_handel,musedata_stage2,ok,,5,5,0.0,884,295,0.0
musedata_handel-hicks-jmac,musedata_handel-hicks-jmac--06,musedata_handel,musedata_stage2,ok,,11,11,0.0,1143,717,0.1
musedata_handel-hicks-jmac,musedata_handel-hicks-jmac--07a,musedata_handel,musedata_stage2,ok,,2,2,0.0,105,26,0.0
musedata_handel-hicks-jmac,musedata_handel-hicks-jmac--08a,musedata_handel,musedata_stage2,ok,,5,5,0.0,712,172,0.1
musedata_handel-hicks-jmac,musedata_handel-hicks-jmac--09,musedata_handel,musedata_stage2,ok,,12,11,0.083,2474,513,0.1
musedata_handel-hicks-jmac,musedata_handel-hicks-jmac--10,musedata_handel,musedata_stage2,ok,,5,5,0.0,248,78,0.0
musedata_handel-hicks-jmac,musedata_handel-hicks-jmac--11,musedata_handel,musedata_stage2,ok,,12,11,0.083,4586,1132,0.2
musedata_handel-hicks-jmac,musedata_handel-hicks-jmac--12,musedata_handel,musedata_stage2,ok,,2,2,0.0,90,22,0.0
musedata_handel-hicks-jmac,musedata_handel-hicks-jmac--13,musedata_handel,musedata_stage2,ok,,4,3,0.25,1163,156,0.1
musedata_handel-hicks-jmac,musedata_handel-hicks-jmac--14,musedata_handel,musedata_stage2,ok,,2,2,0.0,47,14,0.0
musedata_handel-hicks-jmac,musedata_handel-hicks-jmac--15a,musedata_handel,musedata_stage2,ok,,2,2,0.0,316,60,0.0
musedata_handel-hicks-jmac,musedata_handel-hicks-jmac--16,musedata_handel,musedata_stage2,ok,,4,4,0.0,1302,157,0.0
musedata_handel-hicks-jmac,musedata_handel-hicks-jmac--17,musedata_handel,musedata_stage2,ok,,2,2,0.0,27,7,0.0
musedata_handel-hicks-jmac,musedata_handel-hicks-jmac--18,musedata_handel,musedata_stage2,ok,,4,4,0.0,883,190,0.1
musedata_handel-hicks-jmac,musedata_handel-hicks-jmac--19,musedata_handel,musedata_stage2,ok,,5,5,0.0,505,76,0.0
musedata_handel-hicks-jmac,musedata_handel-hicks-jmac--20,musedata_handel,musedata_stage2,ok,,10,10,0.0,1191,183,0.0
musedata_handel-hicks-jmac,musedata_handel-hicks-jmac--21,musedata_handel,musedata_stage2,ok,,5,5,0.0,671,85,0.0
musedata_handel-hicks-jmac,musedata_handel-hicks-jmac--22,musedata_handel,musedata_stage2,ok,,7,7,0.0,2158,248,0.1
musedata_handel-hicks-jmac,musedata_handel-hicks-jmac--23,musedata_handel,musedata_stage2,ok,,2,2,0.0,31,7,0.0
musedata_handel-hicks-jmac,musedata_handel-hicks-jmac--24,musedata_handel,musedata_stage2,ok,,5,2,0.6,598,208,0.1
musedata_handel-hicks-jmac,musedata_handel-hicks-jmac--28,musedata_handel,musedata_stage2,ok,,12,12,0.0,4250,592,0.2
musedata_handel-hicks-jmac,musedata_handel-hicks-jmac--29,musedata_handel,musedata_stage2,ok,,10,10,0.0,4661,623,0.2
musedata_handel-hicks-jmac,musedata_handel-hicks-jmac--30,musedata_handel,musedata_stage2,ok,,2,2,0.0,89,17,0.0
musedata_handel-hicks-jmac,musedata_handel-hicks-jmac--31,musedata_handel,musedata_stage2,ok,,5,3,0.4,954,383,0.1
musedata_handel-hicks-jmac,musedata_handel-hicks-jmac--34,musedata_handel,musedata_stage2,ok,,2,2,0.0,70,13,0.0
musedata_handel-hicks-jmac,musedata_handel-hicks-jmac--35,musedata_handel,musedata_stage2,ok,,9,4,0.556,1050,807,0.1
musedata_handel-hicks-jmac,musedata_handel-hicks-jmac--36,musedata_handel,musedata_stage2,ok,,12,10,0.167,2008,587,0.1
musedata_handel-hicks-jmac,musedata_handel-hicks-jmac--37,musedata_handel,musedata_stage2,ok,,2,2,0.0,84,20,0.0
musedata_handel-hicks-jmac,musedata_handel-hicks-jmac--38,musedata_handel,musedata_stage2,fail,ValueError: invalid literal for int() with base 10: '! 4',,,,,,0.0
musedata_handel-hicks-jmac,musedata_handel-hicks-jmac--41,musedata_handel,musedata_stage2,ok,,2,2,0.0,106,19,0.0
musedata_handel-hicks-jmac,musedata_handel-hicks-jmac--42,musedata_handel,musedata_stage2,ok,,10,10,0.0,1718,737,0.1
musedata_handel-hicks-jmac,musedata_handel-hicks-jmac--43,musedata_handel,musedata_stage2,ok,,2,2,0.0,74,14,0.0
musedata_handel-hicks-jmac,musedata_handel-hicks-jmac--44,musedata_handel,musedata_stage2,ok,,5,3,0.4,1464,302,0.1
musedata_handel-hicks-jmac,musedata_handel-hicks-jmac--45,musedata_handel,musedata_stage2,ok,,2,2,0.0,50,10,0.0
musedata_handel-hicks-jmac,musedata_handel-hicks-jmac--46,musedata_handel,musedata_stage2,ok,,14,14,0.0,4891,1652,0.3
musedata_handel-hicks-jmac,musedata_handel-hicks-jmac--47,musedata_handel,musedata_stage2,ok,,2,2,0.0,90,18,0.0
musedata_handel-hicks-jmac,musedata_handel-hicks-jmac--48,musedata_handel,musedata_stage2,ok,,5,3,0.4,715,95,0.0
musedata_handel-hicks-jmac,musedata_handel-hicks-jmac--49a,musedata_handel,musedata_stage2,ok,,4,2,0.5,159,76,0.0
musedata_handel-hicks-jmac,musedata_handel-hicks-jmac--51a,musedata_handel,musedata_stage2,ok,,11,11,0.0,5106,1227,0.3
musedata_handel-hicks-jmac,musedata_handel-hicks-jmac--52,musedata_handel,musedata_stage2,ok,,5,5,0.0,1436,328,0.1
musedata_handel-hicks-jmac,musedata_handel-hicks-jmac--53,musedata_handel,musedata_stage2,ok,,5,5,0.0,109,12,0.0
musedata_handel-hicks-jmac,musedata_handel-hicks-jmac--54,musedata_handel,musedata_stage2,ok,,2,2,0.0,48,13,0.0
musedata_handel-hicks-jmac,musedata_handel-hicks-jmac--55,musedata_handel,musedata_stage2,ok,,5,3,0.4,1819,449,0.1
musedata_handel-hicks-jmac,musedata_handel-hicks-jmac--56,musedata_handel,musedata_stage2,ok,,2,2,0.0,183,39,0.0
musedata_handel-hicks-jmac,musedata_handel-hicks-jmac--61,musedata_handel,musedata_stage2,ok,,8,6,0.25,380,104,0.0
musedata_handel-hicks-jmac,musedata_handel-hicks-jmac--62a,musedata_handel,musedata_stage2,ok,,5,5,0.0,401,6,0.0
musedata_handel-hicks-jmac,musedata_handel-hicks-jmac--63,musedata_handel,musedata_stage2,ok,,19,11,0.421,496,8,0.0
musedata_handel-hicks-jmac,musedata_handel-hicks-jmac--64a,musedata_handel,musedata_stage2,ok,,9,5,0.444,535,20,0.1
musedata_handel-hicks-jmac,musedata_handel-hicks-jmac--65,musedata_handel,musedata_stage2,ok,,17,12,0.294,3455,1082,0.2
musedata_handel-hicks-jmac,musedata_handel-hicks-jmac--66,musedata_handel,musedata_stage2,ok,,2,2,0.0,109,22,0.0
musedata_handel-hicks-jmac,musedata_handel-hicks-jmac--67,musedata_handel,musedata_stage2,ok,,8,8,0.0,2109,364,0.1
musedata_handel-hicks-jmac,musedata_handel-hicks-jmac--68,musedata_handel,musedata_stage2,ok,,2,2,0.0,87,18,0.0
musedata_handel-hicks-jmac,musedata_handel-hicks-jmac--70,musedata_handel,musedata_stage2,ok,,11,10,0.091,2245,186,0.1
musedata_handel-hicks-jmac,musedata_handel-hicks-jmac--71,musedata_handel,musedata_stage2,ok,,2,2,0.0,95,22,0.0
musedata_handel-hicks-jmac,musedata_handel-hicks-jmac--72a,musedata_handel,musedata_stage2,ok,,8,7,0.125,1580,745,0.1
musedata_handel-hicks-jmac,musedata_handel-hicks-jmac--73,musedata_handel,musedata_stage2,ok,,15,12,0.2,3466,896,0.2
musedata_handel-hicks-jmac,musedata_handel-hicks-jmac--apx26,musedata_handel,musedata_stage2,ok,,12,11,0.083,3507,1588,0.4
musedata_handel-hicks-jmac,musedata_handel-hicks-jmac--apx39,musedata_handel,musedata_stage2,ok,,2,2,0.0,24,6,0.0
musedata_handel-hicks-jmac,musedata_handel-hicks-jmac--apx40,musedata_handel,musedata_stage2,ok,,8,8,0.0,1353,696,0.1
musedata_handel-hicks-ott,musedata_handel-hicks-ott--01,musedata_handel,musedata_stage2,ok,,3,1,0.667,69,3,0.2
musedata_handel-hicks-ott,musedata_handel-hicks-ott--02,musedata_handel,musedata_stage2,ok,,3,1,0.667,308,96,0.0
musedata_handel-hicks-ott,musedata_handel-hicks-ott--03,musedata_handel,musedata_stage2,ok,,4,2,0.5,242,16,0.0
musedata_handel-hicks-ott,musedata_handel-hicks-ott--04,musedata_handel,musedata_stage2,ok,,4,1,0.75,194,140,0.0
musedata_handel-hicks-ott,musedata_handel-hicks-ott--06b,musedata_handel,musedata_stage2,ok,,8,2,0.75,533,282,0.1
musedata_handel-hicks-ott,musedata_handel-hicks-ott--08a,musedata_handel,musedata_stage2,ok,,5,2,0.6,183,226,0.0
musedata_handel-hicks-ott,musedata_handel-hicks-ott--10a,musedata_handel,musedata_stage2,ok,,4,1,0.75,384,228,0.1
musedata_handel-hicks-ott,musedata_handel-hicks-ott--11,musedata_handel,musedata_stage2,ok,,7,2,0.714,1217,263,0.1
musedata_handel-hicks-ott,musedata_handel-hicks-ott--13,musedata_handel,musedata_stage2,ok,,4,1,0.75,501,216,0.1
musedata_handel-hicks-ott,musedata_handel-hicks-ott--17b,musedata_handel,musedata_stage2,ok,,4,1,0.75,164,52,0.0
musedata_handel-hicks-ott,musedata_handel-hicks-ott--19c,musedata_handel,musedata_stage2,ok,,4,1,0.75,276,328,0.1
musedata_handel-hicks-ott,musedata_handel-hicks-ott--21,musedata_handel,musedata_stage2,ok,,6,2,0.667,649,198,0.1
musedata_handel-hicks-ott,musedata_handel-hicks-ott--25,musedata_handel,musedata_stage2,ok,,6,2,0.667,392,178,0.1
musedata_handel-hicks-ott,musedata_handel-hicks-ott--26b,musedata_handel,musedata_stage2,ok,,4,1,0.75,64,8,0.0
musedata_handel-hicks-ott,musedata_handel-hicks-ott--28b,musedata_handel,musedata_stage2,ok,,6,2,0.667,310,224,0.1
musedata_handel-hicks-ott,musedata_handel-hicks-ott--30b,musedata_handel,musedata_stage2,ok,,8,3,0.625,698,426,0.1
musedata_handel-hicks-ott,musedata_handel-hicks-ott--31,musedata_handel,musedata_stage2,ok,,4,1,0.75,76,16,0.0
musedata_handel-hicks-ott,musedata_handel-hicks-ott--34a,musedata_handel,musedata_stage2,ok,,4,1,0.75,133,36,0.0
musedata_handel-hicks-ott,musedata_handel-hicks-ott--36b,musedata_handel,musedata_stage2,ok,,5,2,0.6,180,186,0.0
musedata_handel-hicks-ott,musedata_handel-hicks-ott--38,musedata_handel,musedata_stage2,ok,,4,1,0.75,205,28,0.1
musedata_handel-hicks-ott,musedata_handel-hicks-ott--39,musedata_handel,musedata_stage2,ok,,5,2,0.6,764,207,0.1
musedata_handel-hicks-ott,musedata_handel-hicks-ott--41,musedata_handel,musedata_stage2,ok,,4,1,0.75,243,128,0.1
musedata_handel-hicks-ott,musedata_handel-hicks-ott--43,musedata_handel,musedata_stage2,ok,,8,2,0.75,361,422,0.1
musedata_handel-hicks-ott,musedata_handel-hicks-ott--45,musedata_handel,musedata_stage2,ok,,6,2,0.667,646,288,0.1
musedata_handel-hicks-ott,musedata_handel-hicks-ott--46a,musedata_handel,musedata_stage2,ok,,2,1,0.5,60,2,0.0
musedata_handel-hicks-ott,musedata_handel-hicks-ott--47a,musedata_handel,musedata_stage2,ok,,4,1,0.75,124,140,0.0
musedata_handel-hicks-ott,musedata_handel-hicks-ott--50b,musedata_handel,musedata_stage2,ok,,8,2,0.75,298,96,0.1
musedata_handel-hicks-ott,musedata_handel-hicks-ott--52b,musedata_handel,musedata_stage2,ok,,7,2,0.714,505,265,0.1
musedata_handel-hicks-ott,musedata_handel-hicks-ott--53b,musedata_handel,musedata_stage2,ok,,5,2,0.6,68,181,0.0
musedata_handel-hicks-ott,musedata_handel-hicks-ott--55a,musedata_handel,musedata_stage2,ok,,6,2,0.667,639,140,0.1
musedata_handel-hicks-ott,musedata_handel-hicks-ott--56a,musedata_handel,musedata_stage2,ok,,6,2,0.667,224,274,0.1
musedata_handel-hicks-ott,musedata_handel-hicks-ott--58a,musedata_handel,musedata_stage2,ok,,4,1,0.75,277,284,0.1
musedata_handel-hicks-ott,musedata_handel-hicks-ott--59a,musedata_handel,musedata_stage2,ok,,4,1,0.75,69,63,0.0
musedata_handel-hicks-ott,musedata_handel-hicks-ott--60c,musedata_handel,musedata_stage2,ok,,4,1,0.75,225,96,0.0
musedata_handel-hicks-ott,musedata_handel-hicks-ott--62,musedata_handel,musedata_stage2,ok,,6,2,0.667,175,16,0.0
musedata_handel-hicks-ott,musedata_handel-hicks-ott--65a,musedata_handel,musedata_stage2,fail,ValueError: invalid literal for int() with base 10: ' !1',,,,,,0.0
musedata_mozart-bhl-conc-k271,musedata_mozart-bhl-conc-k271--01,musedata_mozart,musedata_stage1,ok,,10,10,0.0,7910,2475,5.5
musedata_mozart-bhl-conc-k271,musedata_mozart-bhl-conc-k271--02,musedata_mozart,musedata_stage1,ok,,10,10,0.0,3111,1072,1.6
musedata_mozart-bhl-conc-k271,musedata_mozart-bhl-conc-k271--03a,musedata_mozart,musedata_stage1,ok,,10,10,0.0,4039,1856,3.0
musedata_mozart-bhl-conc-k271,musedata_mozart-bhl-conc-k271--03b,musedata_mozart,musedata_stage1,ok,,10,10,0.0,1269,3456,1.9
musedata_mozart-bhl-conc-k271,musedata_mozart-bhl-conc-k271--03c,musedata_mozart,musedata_stage1,ok,,10,10,0.0,2868,4566,4.1
musedata_mozart-bhl-conc-k450,musedata_mozart-bhl-conc-k450--01,musedata_mozart,musedata_stage2,ok,,13,12,0.077,8815,3623,0.8
musedata_mozart-bhl-conc-k450,musedata_mozart-bhl-conc-k450--02,musedata_mozart,musedata_stage2,ok,,12,12,0.0,2054,1164,0.3
musedata_mozart-bhl-conc-k450,musedata_mozart-bhl-conc-k450--03,musedata_mozart,musedata_stage2,ok,,13,13,0.0,9334,4163,0.8
musedata_mozart-bhl-conc-k453,musedata_mozart-bhl-conc-k453--01,musedata_mozart,musedata_stage2,ok,,13,13,0.0,10448,4027,1.0
musedata_mozart-bhl-conc-k453,musedata_mozart-bhl-conc-k453--02,musedata_mozart,musedata_stage2,ok,,13,13,0.0,2999,1633,0.4
musedata_mozart-bhl-conc-k453,musedata_mozart-bhl-conc-k453--03,musedata_mozart,musedata_stage2,ok,,13,13,0.0,8721,3996,0.8
musedata_mozart-bhl-conc-k459,musedata_mozart-bhl-conc-k459--01,musedata_mozart,musedata_stage2,ok,,14,14,0.0,12384,4574,1.1
musedata_mozart-bhl-conc-k459,musedata_mozart-bhl-conc-k459--02,musedata_mozart,musedata_stage2,ok,,14,14,0.0,4020,2695,0.5
musedata_mozart-bhl-conc-k459,musedata_mozart-bhl-conc-k459--03,musedata_mozart,musedata_stage2,ok,,14,13,0.071,9206,4973,1.1
musedata_mozart-bhl-conc-k466,musedata_mozart-bhl-conc-k466--01,musedata_mozart,musedata_stage2,ok,,17,16,0.059,11767,6611,1.4
musedata_mozart-bhl-conc-k466,musedata_mozart-bhl-conc-k466--02,musedata_mozart,musedata_stage2,ok,,13,13,0.0,4633,2221,0.6
musedata_mozart-bhl-conc-k466,musedata_mozart-bhl-conc-k466--03,musedata_mozart,musedata_stage2,ok,,16,16,0.0,7692,5813,1.1
musedata_mozart-bhl-conc-k622,musedata_mozart-bhl-conc-k622--01,musedata_mozart,musedata_stage2,ok,,12,11,0.083,11897,4388,1.2
musedata_mozart-bhl-conc-k622,musedata_mozart-bhl-conc-k622--02,musedata_mozart,musedata_stage2,ok,,12,12,0.0,2378,932,0.4
musedata_mozart-bhl-conc-k622,musedata_mozart-bhl-conc-k622--03,musedata_mozart,musedata_stage2,ok,,12,12,0.0,8451,4863,0.9
musedata_mozart-bhl-divert-k136,musedata_mozart-bhl-divert-k136--01,musedata_mozart,musedata_stage1,ok,,4,4,0.0,2612,169,0.9
musedata_mozart-bhl-divert-k136,musedata_mozart-bhl-divert-k136--02,musedata_mozart,musedata_stage1,ok,,4,4,0.0,1400,140,0.4
musedata_mozart-bhl-divert-k136,musedata_mozart-bhl-divert-k136--03,musedata_mozart,musedata_stage1,ok,,4,4,0.0,1684,235,1.0
musedata_mozart-bhl-divert-k137,musedata_mozart-bhl-divert-k137--01,musedata_mozart,musedata_stage1,ok,,4,4,0.0,1268,166,0.4
musedata_mozart-bhl-divert-k137,musedata_mozart-bhl-divert-k137--02,musedata_mozart,musedata_stage1,ok,,4,4,0.0,1436,118,0.4
musedata_mozart-bhl-divert-k137,musedata_mozart-bhl-divert-k137--03,musedata_mozart,musedata_stage1,ok,,4,4,0.0,1026,165,0.5
musedata_mozart-bhl-divert-k138,musedata_mozart-bhl-divert-k138--01,musedata_mozart,musedata_stage1,ok,,4,4,0.0,2225,154,0.7
musedata_mozart-bhl-divert-k138,musedata_mozart-bhl-divert-k138--02,musedata_mozart,musedata_stage1,ok,,4,4,0.0,1002,58,0.5
musedata_mozart-bhl-divert-k138,musedata_mozart-bhl-divert-k138--03,musedata_mozart,musedata_stage1,ok,,4,4,0.0,1212,172,0.5
musedata_mozart-bhl-duos-k423,musedata_mozart-bhl-duos-k423--01,musedata_mozart,musedata_stage2,ok,,2,2,0.0,2283,219,0.1
musedata_mozart-bhl-duos-k423,musedata_mozart-bhl-duos-k423--02,musedata_mozart,musedata_stage2,ok,,2,2,0.0,795,56,0.0
musedata_mozart-bhl-duos-k423,musedata_mozart-bhl-duos-k423--03,musedata_mozart,musedata_stage2,ok,,2,2,0.0,2387,179,0.3
musedata_mozart-bhl-duos-k424,musedata_mozart-bhl-duos-k424--01,musedata_mozart,musedata_stage2,ok,,2,2,0.0,2207,346,0.1
musedata_mozart-bhl-duos-k424,musedata_mozart-bhl-duos-k424--02,musedata_mozart,musedata_stage2,ok,,2,2,0.0,508,19,0.0
musedata_mozart-bhl-duos-k424,musedata_mozart-bhl-duos-k424--03,musedata_mozart,musedata_stage2,ok,,2,2,0.0,1857,168,0.1
musedata_mozart-bhl-duos-k487,musedata_mozart-bhl-duos-k487--01,musedata_mozart,musedata_stage2,ok,,2,2,0.0,273,31,0.0
musedata_mozart-bhl-duos-k487,musedata_mozart-bhl-duos-k487--02,musedata_mozart,musedata_stage2,ok,,2,2,0.0,199,26,0.0
musedata_mozart-bhl-duos-k487,musedata_mozart-bhl-duos-k487--03,musedata_mozart,musedata_stage2,ok,,2,2,0.0,371,39,0.0
musedata_mozart-bhl-sym-k385,musedata_mozart-bhl-sym-k385--mvt1,musedata_mozart,musedata_md2,ok,,17,16,0.059,8927,2479,0.9
musedata_mozart-bhl-sym-k385,musedata_mozart-bhl-sym-k385--mvt2,musedata_mozart,musedata_md2,ok,,10,10,0.0,2619,517,0.3
musedata_mozart-bhl-sym-k385,musedata_mozart-bhl-sym-k385--mvt3,musedata_mozart,musedata_md2,ok,,13,12,0.077,1020,489,0.2
musedata_mozart-bhl-sym-k385,musedata_mozart-bhl-sym-k385--mvt4,musedata_mozart,musedata_md2,ok,,17,16,0.059,8988,3406,1.0
musedata_mozart-bhl-sym-k425,musedata_mozart-bhl-sym-k425--01a,musedata_mozart,musedata_stage1,ok,,14,13,0.071,629,270,0.2
musedata_mozart-bhl-sym-k425,musedata_mozart-bhl-sym-k425--01b,musedata_mozart,musedata_stage1,ok,,14,13,0.071,10207,2522,7.6
musedata_mozart-bhl-sym-k425,musedata_mozart-bhl-sym-k425--02,musedata_mozart,musedata_stage1,ok,,14,12,0.143,3095,1098,1.8
musedata_mozart-bhl-sym-k425,musedata_mozart-bhl-sym-k425--03,musedata_mozart,musedata_stage1,ok,,13,12,0.077,1091,601,0.5
musedata_mozart-bhl-sym-k425,musedata_mozart-bhl-sym-k425--04,musedata_mozart,musedata_stage1,ok,,14,13,0.071,7747,3180,10.0
musedata_mozart-bhl-sym-k504,musedata_mozart-bhl-sym-k504--mvt1,musedata_mozart,musedata_md2,ok,,10,10,0.0,11296,3841,1.0
musedata_mozart-bhl-sym-k504,musedata_mozart-bhl-sym-k504--mvt2,musedata_mozart,musedata_md2,ok,,8,8,0.0,4607,1877,0.5
musedata_mozart-bhl-sym-k504,musedata_mozart-bhl-sym-k504--mvt3,musedata_mozart,musedata_md2,ok,,10,10,0.0,6771,3460,0.8
musedata_mozart-bhl-sym-k543,musedata_mozart-bhl-sym-k543--mvt1,musedata_mozart,musedata_md2,ok,,10,10,0.0,10444,2750,0.7
musedata_mozart-bhl-sym-k543,musedata_mozart-bhl-sym-k543--mvt2,musedata_mozart,musedata_md2,ok,,8,8,0.0,4001,1322,0.4
musedata_mozart-bhl-sym-k543,musedata_mozart-bhl-sym-k543--mvt3,musedata_mozart,musedata_md2,ok,,10,9,0.1,1606,626,0.2
musedata_mozart-bhl-sym-k543,musedata_mozart-bhl-sym-k543--mvt4,musedata_mozart,musedata_md2,ok,,10,10,0.0,8313,2237,0.6
musedata_mozart-bhl-sym-k550,musedata_mozart-bhl-sym-k550--01,musedata_mozart,musedata_stage1,ok,,14,13,0.071,9371,2480,6.5
musedata_mozart-bhl-sym-k550,musedata_mozart-bhl-sym-k550--02,musedata_mozart,musedata_stage1,fail,MuseDataException: cannot process bar data definition: easrue,,,,,,0.6
musedata_mozart-bhl-sym-k550,musedata_mozart-bhl-sym-k550--03,musedata_mozart,musedata_stage1,ok,,13,13,0.0,1695,648,0.5
musedata_mozart-bhl-sym-k550,musedata_mozart-bhl-sym-k550--04,musedata_mozart,musedata_stage1,ok,,14,13,0.071,8141,2750,3.8
musedata_mozart-bhl-sym-k551,musedata_mozart-bhl-sym-k551--01,musedata_mozart,musedata_stage2,ok,,30,15,0.5,12690,9064,2.1
musedata_mozart-bhl-sym-k551,musedata_mozart-bhl-sym-k551--02,musedata_mozart,musedata_stage2,ok,,23,11,0.522,4785,2437,1.0
musedata_mozart-bhl-sym-k551,musedata_mozart-bhl-sym-k551--03,musedata_mozart,musedata_stage2,ok,,30,15,0.5,2069,2114,0.5
musedata_mozart-bhl-sym-k551,musedata_mozart-bhl-sym-k551--04,musedata_mozart,musedata_stage2,ok,,30,14,0.533,12275,6186,2.4
musedata_mozart-bhl-trios-k563,musedata_mozart-bhl-trios-k563--01,musedata_mozart,musedata_stage1,ok,,3,3,0.0,3148,424,1.5
musedata_mozart-bhl-trios-k563,musedata_mozart-bhl-trios-k563--02,musedata_mozart,musedata_stage1,ok,,3,3,0.0,1751,222,0.7
musedata_mozart-bhl-trios-k563,musedata_mozart-bhl-trios-k563--03,musedata_mozart,musedata_stage1,ok,,3,3,0.0,938,168,0.3
musedata_mozart-bhl-trios-k563,musedata_mozart-bhl-trios-k563--04,musedata_mozart,musedata_stage1,ok,,3,3,0.0,2937,345,1.9
musedata_mozart-bhl-trios-k563,musedata_mozart-bhl-trios-k563--05,musedata_mozart,musedata_stage1,ok,,3,3,0.0,806,243,0.3
musedata_mozart-bhl-trios-k563,musedata_mozart-bhl-trios-k563--06,musedata_mozart,musedata_stage1,ok,,3,3,0.0,3766,467,2.7
musedata_mozart-nma-conc-k467,musedata_mozart-nma-conc-k467--mvt1,musedata_mozart,musedata_md2,ok,,16,15,0.062,14814,7127,1.4
musedata_mozart-nma-conc-k467,musedata_mozart-nma-conc-k467--mvt2,musedata_mozart,musedata_md2,ok,,13,12,0.077,4698,2144,0.6
musedata_mozart-nma-conc-k467,musedata_mozart-nma-conc-k467--mvt3,musedata_mozart,musedata_md2,ok,,16,15,0.062,7462,5901,1.1
musedata_mozart-nma-opera-k588,musedata_mozart-nma-opera-k588--1-01,musedata_mozart,musedata_stage2,ok,,15,13,0.133,2778,1052,0.3
musedata_mozart-nma-opera-k588,musedata_mozart-nma-opera-k588--1-02,musedata_mozart,musedata_stage2,ok,,5,5,0.0,257,83,0.0
musedata_mozart-nma-opera-k588,musedata_mozart-nma-opera-k588--1-03,musedata_mozart,musedata_stage2,ok,,11,10,0.091,1195,529,0.1
musedata_mozart-nma-opera-k588,musedata_mozart-nma-opera-k588--1-04,musedata_mozart,musedata_stage2,ok,,5,5,0.0,334,126,0.0
musedata_mozart-nma-opera-k588,musedata_mozart-nma-opera-k588--1-05,musedata_mozart,musedata_stage2,ok,,18,16,0.111,4199,976,0.3
musedata_mozart-nma-sym-k16,musedata_mozart-nma-sym-k16--mvt1,musedata_mozart,musedata_md2,ok,,10,8,0.2,3437,849,0.4
musedata_mozart-nma-sym-k16,musedata_mozart-nma-sym-k16--mvt2,musedata_mozart,musedata_md2,ok,,9,8,0.111,1986,296,0.1
musedata_mozart-nma-sym-k16,musedata_mozart-nma-sym-k16--mvt3,musedata_mozart,musedata_md2,ok,,9,8,0.111,1652,302,0.2
musedata_mozart-nma-sym-k19,musedata_mozart-nma-sym-k19--mvt1,musedata_mozart,musedata_md2,ok,,9,8,0.111,3027,368,0.3
musedata_mozart-nma-sym-k19,musedata_mozart-nma-sym-k19--mvt2,musedata_mozart,musedata_md2,ok,,8,6,0.25,817,204,0.1
musedata_mozart-nma-sym-k19,musedata_mozart-nma-sym-k19--mvt3,musedata_mozart,musedata_md2,ok,,9,8,0.111,2249,470,0.2
musedata_mozart-nma-sym-k22,musedata_mozart-nma-sym-k22--mvt1,musedata_mozart,musedata_md2,ok,,10,8,0.2,3437,741,0.3
musedata_mozart-nma-sym-k22,musedata_mozart-nma-sym-k22--mvt2,musedata_mozart,musedata_md2,ok,,10,8,0.2,939,371,0.2
musedata_mozart-nma-sym-k22,musedata_mozart-nma-sym-k22--mvt3,musedata_mozart,musedata_md2,ok,,10,8,0.2,1871,293,0.2
musedata_mozart-nma-sym-k43,musedata_mozart-nma-sym-k43--mvt1,musedata_mozart,musedata_md2,ok,,10,9,0.1,3505,591,0.4
musedata_mozart-nma-sym-k43,musedata_mozart-nma-sym-k43--mvt2,musedata_mozart,musedata_md2,ok,,10,9,0.1,1787,568,0.2
musedata_mozart-nma-sym-k43,musedata_mozart-nma-sym-k43--mvt3,musedata_mozart,musedata_md2,ok,,10,8,0.2,446,329,0.1
musedata_mozart-nma-sym-k43,musedata_mozart-nma-sym-k43--mvt4,musedata_mozart,musedata_md2,ok,,10,9,0.1,2691,975,0.3
musedata_mozart-nma-sym-k45,musedata_mozart-nma-sym-k45--mvt1,musedata_mozart,musedata_md2,ok,,13,11,0.154,3407,1139,0.3
musedata_mozart-nma-sym-k45,musedata_mozart-nma-sym-k45--mvt2,musedata_mozart,musedata_md2,ok,,5,4,0.2,524,141,0.0
musedata_mozart-nma-sym-k45,musedata_mozart-nma-sym-k45--mvt3,musedata_mozart,musedata_md2,ok,,12,11,0.083,953,431,0.2
musedata_mozart-nma-sym-k45,musedata_mozart-nma-sym-k45--mvt4,musedata_mozart,musedata_md2,ok,,12,11,0.083,2034,498,0.2
musedata_mozart-nma-sym-k48,musedata_mozart-nma-sym-k48--mvt1,musedata_mozart,musedata_md2,ok,,12,11,0.083,3144,721,0.4
musedata_mozart-nma-sym-k48,musedata_mozart-nma-sym-k48--mvt2,musedata_mozart,musedata_md2,ok,,5,4,0.2,610,52,0.0
musedata_mozart-nma-sym-k48,musedata_mozart-nma-sym-k48--mvt3,musedata_mozart,musedata_md2,ok,,12,11,0.083,986,522,0.2
musedata_mozart-nma-sym-k48,musedata_mozart-nma-sym-k48--mvt4,musedata_mozart,musedata_md2,ok,,12,11,0.083,2473,1391,0.3
musedata_mozart-nma-sym-k73,musedata_mozart-nma-sym-k73--mvt1,musedata_mozart,musedata_md2,ok,,12,11,0.083,4806,901,0.4
musedata_mozart-nma-sym-k73,musedata_mozart-nma-sym-k73--mvt2,musedata_mozart,musedata_md2,ok,,7,5,0.286,1131,80,0.1
musedata_mozart-nma-sym-k73,musedata_mozart-nma-sym-k73--mvt3,musedata_mozart,musedata_md2,ok,,12,11,0.083,739,336,0.1
musedata_mozart-nma-sym-k73,musedata_mozart-nma-sym-k73--mvt4,musedata_mozart,musedata_md2,ok,,12,11,0.083,2810,1000,0.4
musedata_mozart-nma-sym-k76,musedata_mozart-nma-sym-k76--mvt1,musedata_mozart,musedata_md2,ok,,11,10,0.091,2715,457,0.4
musedata_mozart-nma-sym-k76,musedata_mozart-nma-sym-k76--mvt2,musedata_mozart,musedata_md2,ok,,9,8,0.111,963,376,0.1
musedata_mozart-nma-sym-k76,musedata_mozart-nma-sym-k76--mvt3,musedata_mozart,musedata_md2,ok,,10,8,0.2,1066,340,0.2
musedata_mozart-nma-sym-k76,musedata_mozart-nma-sym-k76--mvt4,musedata_mozart,musedata_md2,ok,,11,9,0.182,2215,430,0.2
musedata_telemann-chamb-ris-t394-1,musedata_telemann-chamb-ris-t394-1--1,musedata_telemann,musedata_stage1,ok,,4,4,0.0,822,148,0.2
musedata_telemann-chamb-ris-t394-1,musedata_telemann-chamb-ris-t394-1--2,musedata_telemann,musedata_stage1,ok,,2,2,0.0,50,4,0.0
musedata_telemann-chamb-ris-t394-1,musedata_telemann-chamb-ris-t394-1--3a,musedata_telemann,musedata_stage1,ok,,4,4,0.0,799,68,0.2
musedata_telemann-chamb-ris-t394-1,musedata_telemann-chamb-ris-t394-1--3b,musedata_telemann,musedata_stage1,ok,,4,4,0.0,173,166,0.1
musedata_telemann-chamb-ris-t394-1020,musedata_telemann-chamb-ris-t394-1020--1,musedata_telemann,musedata_stage1,ok,,4,4,0.0,834,214,0.4
musedata_telemann-chamb-ris-t394-1020,musedata_telemann-chamb-ris-t394-1020--2,musedata_telemann,musedata_stage1,ok,,2,2,0.0,114,19,0.0
musedata_telemann-chamb-ris-t394-1020,musedata_telemann-chamb-ris-t394-1020--3,musedata_telemann,musedata_stage1,ok,,4,4,0.0,967,210,0.4
musedata_telemann-chamb-ris-t394-1048,musedata_telemann-chamb-ris-t394-1048--1,musedata_telemann,musedata_stage1,ok,,4,4,0.0,573,96,0.1
musedata_telemann-chamb-ris-t394-1048,musedata_telemann-chamb-ris-t394-1048--2,musedata_telemann,musedata_stage1,ok,,2,2,0.0,75,7,0.0
musedata_telemann-chamb-ris-t394-1048,musedata_telemann-chamb-ris-t394-1048--3,musedata_telemann,musedata_stage1,ok,,4,4,0.0,601,128,0.2
musedata_telemann-chamb-ris-t394-1145,musedata_telemann-chamb-ris-t394-1145--1,musedata_telemann,musedata_stage1,ok,,7,6,0.143,1662,657,1.2
musedata_telemann-chamb-ris-t394-1145,musedata_telemann-chamb-ris-t394-1145--2,musedata_telemann,musedata_stage1,ok,,3,2,0.333,125,13,0.0
musedata_telemann-chamb-ris-t394-1145,musedata_telemann-chamb-ris-t394-1145--3,musedata_telemann,musedata_stage1,ok,,7,4,0.429,1289,407,0.7
musedata_telemann-chamb-ris-t394-1150,musedata_telemann-chamb-ris-t394-1150--1,musedata_telemann,musedata_stage1,ok,,4,4,0.0,1159,133,0.5
musedata_telemann-chamb-ris-t394-1150,musedata_telemann-chamb-ris-t394-1150--2,musedata_telemann,musedata_stage1,ok,,2,2,0.0,40,7,0.0
musedata_telemann-chamb-ris-t394-1150,musedata_telemann-chamb-ris-t394-1150--3,musedata_telemann,musedata_stage1,ok,,4,4,0.0,1236,243,0.4
musedata_telemann-chamb-ris-t394-121x,musedata_telemann-chamb-ris-t394-121x--1,musedata_telemann,musedata_stage1,ok,,6,4,0.333,1052,348,0.4
musedata_telemann-chamb-ris-t394-121x,musedata_telemann-chamb-ris-t394-121x--2,musedata_telemann,musedata_stage1,ok,,2,2,0.0,133,12,0.0
musedata_telemann-chamb-ris-t394-121x,musedata_telemann-chamb-ris-t394-121x--3,musedata_telemann,musedata_stage1,ok,,6,4,0.333,1299,331,0.8
musedata_telemann-chamb-ris-t394-1244,musedata_telemann-chamb-ris-t394-1244--1,musedata_telemann,musedata_stage1,ok,,5,4,0.2,958,276,0.4
musedata_telemann-chamb-ris-t394-1244,musedata_telemann-chamb-ris-t394-1244--2,musedata_telemann,musedata_stage1,ok,,3,2,0.333,99,11,0.0
musedata_telemann-chamb-ris-t394-1244,musedata_telemann-chamb-ris-t394-1244--3,musedata_telemann,musedata_stage1,ok,,5,4,0.2,969,262,0.4
musedata_telemann-chamb-ris-t394-1264,musedata_telemann-chamb-ris-t394-1264--1a,musedata_telemann,musedata_stage1,ok,,5,4,0.2,495,252,0.2
musedata_telemann-chamb-ris-t394-1264,musedata_telemann-chamb-ris-t394-1264--1b,musedata_telemann,musedata_stage1,ok,,5,4,0.2,447,129,0.1
musedata_telemann-chamb-ris-t394-1264,musedata_telemann-chamb-ris-t394-1264--2,musedata_telemann,musedata_stage1,ok,,3,2,0.333,82,14,0.0
musedata_telemann-chamb-ris-t394-1264,musedata_telemann-chamb-ris-t394-1264--3,musedata_telemann,musedata_stage1,ok,,5,4,0.2,1476,241,0.4
musedata_telemann-chamb-ris-t394-1294,musedata_telemann-chamb-ris-t394-1294--1,musedata_telemann,musedata_stage1,ok,,4,3,0.25,1159,247,0.8
musedata_telemann-chamb-ris-t394-1294,musedata_telemann-chamb-ris-t394-1294--2,musedata_telemann,musedata_stage1,ok,,2,2,0.0,56,6,0.0
musedata_telemann-chamb-ris-t394-1294,musedata_telemann-chamb-ris-t394-1294--3,musedata_telemann,musedata_stage1,ok,,4,3,0.25,799,77,0.5
musedata_telemann-chamb-ris-t394-1369,musedata_telemann-chamb-ris-t394-1369--1,musedata_telemann,musedata_stage1,ok,,4,4,0.0,1498,162,0.4
musedata_telemann-chamb-ris-t394-1369,musedata_telemann-chamb-ris-t394-1369--2,musedata_telemann,musedata_stage1,ok,,2,2,0.0,131,14,0.0
musedata_telemann-chamb-ris-t394-1369,musedata_telemann-chamb-ris-t394-1369--3,musedata_telemann,musedata_stage1,ok,,4,4,0.0,1209,141,0.4
musedata_telemann-chamb-ris-t394-1385,musedata_telemann-chamb-ris-t394-1385--1a,musedata_telemann,musedata_stage1,ok,,7,6,0.143,1445,262,0.6
musedata_telemann-chamb-ris-t394-1385,musedata_telemann-chamb-ris-t394-1385--1b,musedata_telemann,musedata_stage1,ok,,3,2,0.333,155,600,0.2
musedata_telemann-chamb-ris-t394-1385,musedata_telemann-chamb-ris-t394-1385--2,musedata_telemann,musedata_stage1,ok,,3,2,0.333,103,11,0.0
musedata_telemann-chamb-ris-t394-1385,musedata_telemann-chamb-ris-t394-1385--3,musedata_telemann,musedata_stage1,ok,,7,4,0.429,1225,304,0.5
musedata_telemann-chamb-ris-t394-1391,musedata_telemann-chamb-ris-t394-1391--1,musedata_telemann,musedata_stage1,ok,,6,6,0.0,1466,297,0.4
musedata_telemann-chamb-ris-t394-1391,musedata_telemann-chamb-ris-t394-1391--2,musedata_telemann,musedata_stage1,ok,,2,2,0.0,151,13,0.0
musedata_telemann-chamb-ris-t394-1391,musedata_telemann-chamb-ris-t394-1391--3,musedata_telemann,musedata_stage1,ok,,6,6,0.0,1653,370,0.8
musedata_telemann-chamb-ris-t394-1463,musedata_telemann-chamb-ris-t394-1463--1a,musedata_telemann,musedata_stage1,ok,,5,4,0.2,853,157,0.3
musedata_telemann-chamb-ris-t394-1463,musedata_telemann-chamb-ris-t394-1463--1b,musedata_telemann,musedata_stage1,ok,,5,4,0.2,204,254,0.1
musedata_telemann-chamb-ris-t394-1463,musedata_telemann-chamb-ris-t394-1463--2,musedata_telemann,musedata_stage1,ok,,3,2,0.333,105,13,0.0
musedata_telemann-chamb-ris-t394-1463,musedata_telemann-chamb-ris-t394-1463--3,musedata_telemann,musedata_stage1,ok,,5,4,0.2,793,235,0.4
musedata_telemann-chamb-ris-t394-1485,musedata_telemann-chamb-ris-t394-1485--1,musedata_telemann,musedata_stage1,ok,,5,5,0.0,1263,241,0.3
musedata_telemann-chamb-ris-t394-1485,musedata_telemann-chamb-ris-t394-1485--2,musedata_telemann,musedata_stage1,ok,,2,2,0.0,75,14,0.0
musedata_telemann-chamb-ris-t394-1485,musedata_telemann-chamb-ris-t394-1485--3,musedata_telemann,musedata_stage1,ok,,4,4,0.0,1004,142,0.3
musedata_telemann-chamb-ris-t394-1515,musedata_telemann-chamb-ris-t394-1515--1,musedata_telemann,musedata_stage1,ok,,4,4,0.0,1021,207,0.3
musedata_telemann-chamb-ris-t394-1515,musedata_telemann-chamb-ris-t394-1515--2,musedata_telemann,musedata_stage1,ok,,2,2,0.0,102,17,0.0
musedata_telemann-chamb-ris-t394-1515,musedata_telemann-chamb-ris-t394-1515--3,musedata_telemann,musedata_stage1,ok,,4,4,0.0,697,222,0.4
musedata_telemann-chamb-ris-t394-1541,musedata_telemann-chamb-ris-t394-1541--1,musedata_telemann,musedata_stage1,ok,,5,4,0.2,1295,191,0.5
musedata_telemann-chamb-ris-t394-1541,musedata_telemann-chamb-ris-t394-1541--2,musedata_telemann,musedata_stage1,ok,,3,2,0.333,109,12,0.0
musedata_telemann-chamb-ris-t394-1541,musedata_telemann-chamb-ris-t394-1541--3,musedata_telemann,musedata_stage1,ok,,5,4,0.2,855,270,0.4
musedata_telemann-chamb-ris-t394-155x,musedata_telemann-chamb-ris-t394-155x--1,musedata_telemann,musedata_stage1,ok,,6,6,0.0,1313,352,0.5
musedata_telemann-chamb-ris-t394-155x,musedata_telemann-chamb-ris-t394-155x--2,musedata_telemann,musedata_stage1,ok,,2,2,0.0,82,14,0.0
musedata_telemann-chamb-ris-t394-155x,musedata_telemann-chamb-ris-t394-155x--3,musedata_telemann,musedata_stage1,ok,,6,6,0.0,1583,295,0.5
musedata_telemann-chamb-ris-t394-1564,musedata_telemann-chamb-ris-t394-1564--1,musedata_telemann,musedata_stage1,ok,,4,4,0.0,718,200,0.3
musedata_telemann-chamb-ris-t394-1564,musedata_telemann-chamb-ris-t394-1564--2,musedata_telemann,musedata_stage1,ok,,2,2,0.0,102,10,0.0
musedata_telemann-chamb-ris-t394-1564,musedata_telemann-chamb-ris-t394-1564--3,musedata_telemann,musedata_stage1,ok,,4,4,0.0,1192,188,0.5
musedata_telemann-chamb-ris-t394-1615,musedata_telemann-chamb-ris-t394-1615--1,musedata_telemann,musedata_stage1,ok,,7,4,0.429,951,339,0.4
musedata_telemann-chamb-ris-t394-1615,musedata_telemann-chamb-ris-t394-1615--2,musedata_telemann,musedata_stage1,ok,,3,2,0.333,117,16,0.0
musedata_telemann-chamb-ris-t394-1615,musedata_telemann-chamb-ris-t394-1615--3a,musedata_telemann,musedata_stage1,ok,,7,4,0.429,659,142,0.3
musedata_telemann-chamb-ris-t394-1615,musedata_telemann-chamb-ris-t394-1615--3b,musedata_telemann,musedata_stage1,ok,,7,4,0.429,510,328,0.2
musedata_telemann-chamb-ris-t394-1620,musedata_telemann-chamb-ris-t394-1620--1,musedata_telemann,musedata_stage1,ok,,4,4,0.0,1242,148,0.5
musedata_telemann-chamb-ris-t394-1620,musedata_telemann-chamb-ris-t394-1620--2,musedata_telemann,musedata_stage1,ok,,2,2,0.0,89,10,0.0
musedata_telemann-chamb-ris-t394-1620,musedata_telemann-chamb-ris-t394-1620--3,musedata_telemann,musedata_stage1,ok,,4,4,0.0,1058,194,0.4
musedata_telemann-chamb-ris-t394-1634,musedata_telemann-chamb-ris-t394-1634--1,musedata_telemann,musedata_stage1,ok,,6,6,0.0,714,240,0.2
musedata_telemann-chamb-ris-t394-1634,musedata_telemann-chamb-ris-t394-1634--2,musedata_telemann,musedata_stage1,ok,,2,2,0.0,49,5,0.0
musedata_telemann-chamb-ris-t394-1634,musedata_telemann-chamb-ris-t394-1634--3,musedata_telemann,musedata_stage1,ok,,6,6,0.0,1166,338,0.4
musedata_telemann-chamb-ris-t394-1659,musedata_telemann-chamb-ris-t394-1659--1,musedata_telemann,musedata_stage1,ok,,5,4,0.2,990,170,0.3
musedata_telemann-chamb-ris-t394-1659,musedata_telemann-chamb-ris-t394-1659--2,musedata_telemann,musedata_stage1,ok,,3,2,0.333,125,17,0.0
musedata_telemann-chamb-ris-t394-1659,musedata_telemann-chamb-ris-t394-1659--3,musedata_telemann,musedata_stage1,ok,,5,4,0.2,1871,199,0.6
musedata_telemann-chamb-ris-t394-1667,musedata_telemann-chamb-ris-t394-1667--1,musedata_telemann,musedata_stage1,ok,,5,4,0.2,1027,209,0.4
musedata_telemann-chamb-ris-t394-1667,musedata_telemann-chamb-ris-t394-1667--2,musedata_telemann,musedata_stage1,ok,,3,2,0.333,95,9,0.0
musedata_telemann-chamb-ris-t394-1667,musedata_telemann-chamb-ris-t394-1667--3,musedata_telemann,musedata_stage1,ok,,5,4,0.2,1093,123,0.3
musedata_telemann-chamb-ris-t394-1696,musedata_telemann-chamb-ris-t394-1696--1,musedata_telemann,musedata_stage1,ok,,5,3,0.4,1130,212,0.5
musedata_telemann-chamb-ris-t394-1696,musedata_telemann-chamb-ris-t394-1696--2,musedata_telemann,musedata_stage1,ok,,3,2,0.333,87,10,0.0
musedata_telemann-chamb-ris-t394-1696,musedata_telemann-chamb-ris-t394-1696--3,musedata_telemann,musedata_stage1,ok,,5,3,0.4,633,249,0.3
musedata_telemann-chamb-ris-t394-16x,musedata_telemann-chamb-ris-t394-16x--1,musedata_telemann,musedata_stage1,ok,,4,4,0.0,515,112,0.2
musedata_telemann-chamb-ris-t394-16x,musedata_telemann-chamb-ris-t394-16x--2,musedata_telemann,musedata_stage1,ok,,2,2,0.0,79,11,0.0
musedata_telemann-chamb-ris-t394-16x,musedata_telemann-chamb-ris-t394-16x--3,musedata_telemann,musedata_stage1,ok,,4,4,0.0,895,168,0.2
musedata_telemann-chamb-ris-t394-1728,musedata_telemann-chamb-ris-t394-1728--1,musedata_telemann,musedata_stage1,ok,,5,4,0.2,657,243,0.3
musedata_telemann-chamb-ris-t394-1728,musedata_telemann-chamb-ris-t394-1728--2,musedata_telemann,musedata_stage1,ok,,3,2,0.333,60,9,0.0
musedata_telemann-chamb-ris-t394-1728,musedata_telemann-chamb-ris-t394-1728--3,musedata_telemann,musedata_stage1,ok,,7,4,0.429,904,380,0.7
musedata_telemann-chamb-ris-t394-184x,musedata_telemann-chamb-ris-t394-184x--1,musedata_telemann,musedata_stage1,ok,,4,4,0.0,777,112,0.2
musedata_telemann-chamb-ris-t394-184x,musedata_telemann-chamb-ris-t394-184x--2,musedata_telemann,musedata_stage1,ok,,2,2,0.0,79,13,0.0
musedata_telemann-chamb-ris-t394-184x,musedata_telemann-chamb-ris-t394-184x--3,musedata_telemann,musedata_stage1,ok,,4,4,0.0,897,171,0.2
musedata_telemann-chamb-ris-t394-229x,musedata_telemann-chamb-ris-t394-229x--1,musedata_telemann,musedata_stage1,ok,,4,4,0.0,1002,204,0.3
musedata_telemann-chamb-ris-t394-229x,musedata_telemann-chamb-ris-t394-229x--2,musedata_telemann,musedata_stage1,ok,,2,2,0.0,131,19,0.0
musedata_telemann-chamb-ris-t394-229x,musedata_telemann-chamb-ris-t394-229x--3,musedata_telemann,musedata_stage1,ok,,4,4,0.0,1280,162,0.4
musedata_telemann-chamb-ris-t394-294x,musedata_telemann-chamb-ris-t394-294x--1,musedata_telemann,musedata_stage1,ok,,6,4,0.333,910,316,0.3
musedata_telemann-chamb-ris-t394-294x,musedata_telemann-chamb-ris-t394-294x--2,musedata_telemann,musedata_stage1,ok,,2,2,0.0,116,12,0.0
musedata_telemann-chamb-ris-t394-294x,musedata_telemann-chamb-ris-t394-294x--3,musedata_telemann,musedata_stage1,ok,,6,5,0.167,1286,458,0.8
musedata_telemann-chamb-ris-t394-298,musedata_telemann-chamb-ris-t394-298--1,musedata_telemann,musedata_stage1,ok,,5,5,0.0,1375,221,0.4
musedata_telemann-chamb-ris-t394-298,musedata_telemann-chamb-ris-t394-298--2,musedata_telemann,musedata_stage1,ok,,2,2,0.0,51,7,0.0
musedata_telemann-chamb-ris-t394-298,musedata_telemann-chamb-ris-t394-298--3,musedata_telemann,musedata_stage1,ok,,4,4,0.0,1148,270,0.6
musedata_telemann-chamb-ris-t394-306,musedata_telemann-chamb-ris-t394-306--1,musedata_telemann,musedata_stage1,ok,,7,4,0.429,1225,280,0.6
musedata_telemann-chamb-ris-t394-306,musedata_telemann-chamb-ris-t394-306--2,musedata_telemann,musedata_stage1,ok,,3,2,0.333,136,14,0.1
musedata_telemann-chamb-ris-t394-306,musedata_telemann-chamb-ris-t394-306--3,musedata_telemann,musedata_stage1,ok,,7,4,0.429,1650,341,0.8
musedata_telemann-chamb-ris-t394-331x,musedata_telemann-chamb-ris-t394-331x--1,musedata_telemann,musedata_stage1,ok,,6,4,0.333,1642,306,0.6
musedata_telemann-chamb-ris-t394-331x,musedata_telemann-chamb-ris-t394-331x--2,musedata_telemann,musedata_stage1,ok,,2,2,0.0,51,8,0.0
musedata_telemann-chamb-ris-t394-331x,musedata_telemann-chamb-ris-t394-331x--3,musedata_telemann,musedata_stage1,ok,,4,4,0.0,1205,216,0.4
musedata_telemann-chamb-ris-t394-33x,musedata_telemann-chamb-ris-t394-33x--1,musedata_telemann,musedata_stage1,ok,,4,4,0.0,681,152,0.2
musedata_telemann-chamb-ris-t394-33x,musedata_telemann-chamb-ris-t394-33x--2,musedata_telemann,musedata_stage1,ok,,2,2,0.0,46,5,0.0
musedata_telemann-chamb-ris-t394-33x,musedata_telemann-chamb-ris-t394-33x--3,musedata_telemann,musedata_stage1,ok,,4,4,0.0,1304,171,0.4
musedata_telemann-chamb-ris-t394-34x,musedata_telemann-chamb-ris-t394-34x--1,musedata_telemann,musedata_stage1,ok,,4,4,0.0,747,219,0.2
musedata_telemann-chamb-ris-t394-34x,musedata_telemann-chamb-ris-t394-34x--2,musedata_telemann,musedata_stage1,ok,,2,2,0.0,95,10,0.0
musedata_telemann-chamb-ris-t394-34x,musedata_telemann-chamb-ris-t394-34x--3,musedata_telemann,musedata_stage1,ok,,4,4,0.0,761,186,0.2
musedata_telemann-chamb-ris-t394-404x,musedata_telemann-chamb-ris-t394-404x--1,musedata_telemann,musedata_stage1,ok,,4,4,0.0,1134,160,0.4
musedata_telemann-chamb-ris-t394-404x,musedata_telemann-chamb-ris-t394-404x--2,musedata_telemann,musedata_stage1,ok,,2,2,0.0,82,14,0.0
musedata_telemann-chamb-ris-t394-404x,musedata_telemann-chamb-ris-t394-404x--3,musedata_telemann,musedata_stage1,ok,,4,4,0.0,710,147,0.2
musedata_telemann-chamb-ris-t394-406x,musedata_telemann-chamb-ris-t394-406x--1,musedata_telemann,musedata_stage1,ok,,4,4,0.0,1083,105,0.3
musedata_telemann-chamb-ris-t394-406x,musedata_telemann-chamb-ris-t394-406x--2,musedata_telemann,musedata_stage1,ok,,2,2,0.0,111,13,0.0
musedata_telemann-chamb-ris-t394-406x,musedata_telemann-chamb-ris-t394-406x--3,musedata_telemann,musedata_stage1,ok,,4,4,0.0,849,149,0.2
musedata_telemann-chamb-ris-t394-424,musedata_telemann-chamb-ris-t394-424--1,musedata_telemann,musedata_stage1,ok,,7,4,0.429,1306,327,0.5
musedata_telemann-chamb-ris-t394-424,musedata_telemann-chamb-ris-t394-424--2,musedata_telemann,musedata_stage1,ok,,3,2,0.333,122,16,0.0
musedata_telemann-chamb-ris-t394-424,musedata_telemann-chamb-ris-t394-424--3,musedata_telemann,musedata_stage1,ok,,7,4,0.429,1235,323,0.6
musedata_telemann-chamb-ris-t394-427,musedata_telemann-chamb-ris-t394-427--1,musedata_telemann,musedata_stage1,ok,,7,4,0.429,1779,242,0.6
musedata_telemann-chamb-ris-t394-427,musedata_telemann-chamb-ris-t394-427--2,musedata_telemann,musedata_stage1,ok,,3,2,0.333,90,14,0.0
musedata_telemann-chamb-ris-t394-427,musedata_telemann-chamb-ris-t394-427--3,musedata_telemann,musedata_stage1,ok,,7,4,0.429,1126,265,0.4
musedata_telemann-chamb-ris-t394-476x,musedata_telemann-chamb-ris-t394-476x--1a,musedata_telemann,musedata_stage1,ok,,4,4,0.0,420,44,0.1
musedata_telemann-chamb-ris-t394-476x,musedata_telemann-chamb-ris-t394-476x--1b,musedata_telemann,musedata_stage1,ok,,4,4,0.0,49,77,0.0
musedata_telemann-chamb-ris-t394-476x,musedata_telemann-chamb-ris-t394-476x--1c,musedata_telemann,musedata_stage1,ok,,4,4,0.0,301,105,0.1
musedata_telemann-chamb-ris-t394-476x,musedata_telemann-chamb-ris-t394-476x--1d,musedata_telemann,musedata_stage1,ok,,4,4,0.0,64,140,0.0
musedata_telemann-chamb-ris-t394-476x,musedata_telemann-chamb-ris-t394-476x--1e,musedata_telemann,musedata_stage1,ok,,4,4,0.0,145,169,0.1
musedata_telemann-chamb-ris-t394-476x,musedata_telemann-chamb-ris-t394-476x--1f,musedata_telemann,musedata_stage1,ok,,4,4,0.0,124,231,0.1
musedata_telemann-chamb-ris-t394-476x,musedata_telemann-chamb-ris-t394-476x--2,musedata_telemann,musedata_stage1,ok,,2,2,0.0,81,11,0.0
musedata_telemann-chamb-ris-t394-476x,musedata_telemann-chamb-ris-t394-476x--3,musedata_telemann,musedata_stage1,ok,,4,4,0.0,1167,160,0.3
musedata_telemann-chamb-ris-t394-479,musedata_telemann-chamb-ris-t394-479--1,musedata_telemann,musedata_stage1,ok,,6,6,0.0,978,208,0.2
musedata_telemann-chamb-ris-t394-479,musedata_telemann-chamb-ris-t394-479--2,musedata_telemann,musedata_stage1,ok,,2,2,0.0,142,13,0.0
musedata_telemann-chamb-ris-t394-479,musedata_telemann-chamb-ris-t394-479--3,musedata_telemann,musedata_stage1,ok,,6,4,0.333,1507,369,0.8
musedata_telemann-chamb-ris-t394-489,musedata_telemann-chamb-ris-t394-489--1,musedata_telemann,musedata_stage1,ok,,5,4,0.2,1207,226,0.4
musedata_telemann-chamb-ris-t394-489,musedata_telemann-chamb-ris-t394-489--2,musedata_telemann,musedata_stage1,ok,,3,2,0.333,166,38,0.1
musedata_telemann-chamb-ris-t394-489,musedata_telemann-chamb-ris-t394-489--3,musedata_telemann,musedata_stage1,ok,,4,4,0.0,1224,219,0.6
musedata_telemann-chamb-ris-t394-48x,musedata_telemann-chamb-ris-t394-48x--1,musedata_telemann,musedata_stage1,ok,,4,3,0.25,1128,192,0.5
musedata_telemann-chamb-ris-t394-48x,musedata_telemann-chamb-ris-t394-48x--2,musedata_telemann,musedata_stage1,ok,,2,2,0.0,56,7,0.0
musedata_telemann-chamb-ris-t394-48x,musedata_telemann-chamb-ris-t394-48x--3,musedata_telemann,musedata_stage1,ok,,5,3,0.4,1016,237,0.5
musedata_telemann-chamb-ris-t394-514,musedata_telemann-chamb-ris-t394-514--1,musedata_telemann,musedata_stage1,ok,,4,4,0.0,854,107,0.3
musedata_telemann-chamb-ris-t394-514,musedata_telemann-chamb-ris-t394-514--2,musedata_telemann,musedata_stage1,ok,,2,2,0.0,87,13,0.0
musedata_telemann-chamb-ris-t394-514,musedata_telemann-chamb-ris-t394-514--3,musedata_telemann,musedata_stage1,ok,,4,4,0.0,1112,244,0.5
musedata_telemann-chamb-ris-t394-531x,musedata_telemann-chamb-ris-t394-531x--1,musedata_telemann,musedata_stage1,ok,,4,4,0.0,815,233,0.4
musedata_telemann-chamb-ris-t394-531x,musedata_telemann-chamb-ris-t394-531x--2,musedata_telemann,musedata_stage1,ok,,2,2,0.0,84,9,0.0
musedata_telemann-chamb-ris-t394-531x,musedata_telemann-chamb-ris-t394-531x--3,musedata_telemann,musedata_stage1,ok,,4,4,0.0,1204,170,0.3
musedata_telemann-chamb-ris-t394-620,musedata_telemann-chamb-ris-t394-620--1,musedata_telemann,musedata_stage1,ok,,4,4,0.0,773,124,0.2
musedata_telemann-chamb-ris-t394-620,musedata_telemann-chamb-ris-t394-620--2,musedata_telemann,musedata_stage1,ok,,2,2,0.0,66,10,0.0
musedata_telemann-chamb-ris-t394-620,musedata_telemann-chamb-ris-t394-620--3,musedata_telemann,musedata_stage1,ok,,4,4,0.0,647,176,0.2
musedata_telemann-chamb-ris-t394-679x,musedata_telemann-chamb-ris-t394-679x--1,musedata_telemann,musedata_stage1,ok,,2,2,0.0,737,90,0.2
musedata_telemann-chamb-ris-t394-679x,musedata_telemann-chamb-ris-t394-679x--2,musedata_telemann,musedata_stage1,ok,,2,2,0.0,76,6,0.0
musedata_telemann-chamb-ris-t394-679x,musedata_telemann-chamb-ris-t394-679x--3,musedata_telemann,musedata_stage1,ok,,3,3,0.0,916,108,0.2
musedata_telemann-chamb-ris-t394-702x,musedata_telemann-chamb-ris-t394-702x--1,musedata_telemann,musedata_stage1,ok,,4,4,0.0,1902,163,0.5
musedata_telemann-chamb-ris-t394-702x,musedata_telemann-chamb-ris-t394-702x--2,musedata_telemann,musedata_stage1,ok,,2,2,0.0,72,8,0.0
musedata_telemann-chamb-ris-t394-702x,musedata_telemann-chamb-ris-t394-702x--3,musedata_telemann,musedata_stage1,ok,,4,4,0.0,957,238,0.2
musedata_telemann-chamb-ris-t394-751x,musedata_telemann-chamb-ris-t394-751x--1,musedata_telemann,musedata_stage1,ok,,4,4,0.0,1063,241,0.3
musedata_telemann-chamb-ris-t394-751x,musedata_telemann-chamb-ris-t394-751x--2,musedata_telemann,musedata_stage1,ok,,2,2,0.0,113,9,0.0
musedata_telemann-chamb-ris-t394-751x,musedata_telemann-chamb-ris-t394-751x--3,musedata_telemann,musedata_stage1,ok,,4,4,0.0,830,131,0.3
musedata_telemann-chamb-ris-t394-764,musedata_telemann-chamb-ris-t394-764--1,musedata_telemann,musedata_stage1,ok,,6,6,0.0,706,361,0.3
musedata_telemann-chamb-ris-t394-764,musedata_telemann-chamb-ris-t394-764--2,musedata_telemann,musedata_stage1,ok,,2,2,0.0,96,11,0.0
musedata_telemann-chamb-ris-t394-764,musedata_telemann-chamb-ris-t394-764--3,musedata_telemann,musedata_stage1,ok,,6,4,0.333,613,217,0.3
musedata_telemann-chamb-ris-t394-767,musedata_telemann-chamb-ris-t394-767--1,musedata_telemann,musedata_stage1,ok,,7,5,0.286,901,311,0.4
musedata_telemann-chamb-ris-t394-767,musedata_telemann-chamb-ris-t394-767--2,musedata_telemann,musedata_stage1,ok,,3,2,0.333,105,13,0.0
musedata_telemann-chamb-ris-t394-767,musedata_telemann-chamb-ris-t394-767--3,musedata_telemann,musedata_stage1,ok,,7,4,0.429,1342,392,0.8
musedata_telemann-chamb-ris-t394-771,musedata_telemann-chamb-ris-t394-771--1,musedata_telemann,musedata_stage1,ok,,7,4,0.429,1446,323,0.5
musedata_telemann-chamb-ris-t394-771,musedata_telemann-chamb-ris-t394-771--2,musedata_telemann,musedata_stage1,ok,,3,2,0.333,129,16,0.0
musedata_telemann-chamb-ris-t394-771,musedata_telemann-chamb-ris-t394-771--3,musedata_telemann,musedata_stage1,ok,,7,4,0.429,1503,483,1.0
musedata_telemann-chamb-ris-t394-774x,musedata_telemann-chamb-ris-t394-774x--1,musedata_telemann,musedata_stage1,ok,,7,6,0.143,1390,324,0.4
musedata_telemann-chamb-ris-t394-774x,musedata_telemann-chamb-ris-t394-774x--2,musedata_telemann,musedata_stage1,ok,,3,2,0.333,101,11,0.0
musedata_telemann-chamb-ris-t394-774x,musedata_telemann-chamb-ris-t394-774x--3,musedata_telemann,musedata_stage1,ok,,7,4,0.429,994,405,0.8
musedata_telemann-chamb-ris-t394-81,musedata_telemann-chamb-ris-t394-81--1,musedata_telemann,musedata_stage1,ok,,6,6,0.0,1210,389,0.6
musedata_telemann-chamb-ris-t394-81,musedata_telemann-chamb-ris-t394-81--2,musedata_telemann,musedata_stage1,ok,,2,2,0.0,47,9,0.0
musedata_telemann-chamb-ris-t394-81,musedata_telemann-chamb-ris-t394-81--3,musedata_telemann,musedata_stage1,ok,,6,4,0.333,1131,226,0.4
musedata_telemann-chamb-ris-t394-839x,musedata_telemann-chamb-ris-t394-839x--1,musedata_telemann,musedata_stage1,ok,,4,4,0.0,846,114,0.2
musedata_telemann-chamb-ris-t394-839x,musedata_telemann-chamb-ris-t394-839x--2,musedata_telemann,musedata_stage1,ok,,2,2,0.0,61,8,0.0
musedata_telemann-chamb-ris-t394-839x,musedata_telemann-chamb-ris-t394-839x--3,musedata_telemann,musedata_stage1,ok,,4,4,0.0,880,129,0.3
musedata_telemann-chamb-ris-t394-881,musedata_telemann-chamb-ris-t394-881--1,musedata_telemann,musedata_stage1,ok,,7,6,0.143,951,377,0.4
musedata_telemann-chamb-ris-t394-881,musedata_telemann-chamb-ris-t394-881--2,musedata_telemann,musedata_stage1,ok,,3,2,0.333,134,16,0.0
musedata_telemann-chamb-ris-t394-881,musedata_telemann-chamb-ris-t394-881--3,musedata_telemann,musedata_stage1,ok,,7,5,0.286,927,460,0.7
musedata_telemann-chamb-ris-t394-894x,musedata_telemann-chamb-ris-t394-894x--1,musedata_telemann,musedata_stage1,ok,,7,4,0.429,844,406,0.5
musedata_telemann-chamb-ris-t394-894x,musedata_telemann-chamb-ris-t394-894x--2,musedata_telemann,musedata_stage1,ok,,3,2,0.333,111,19,0.0
musedata_telemann-chamb-ris-t394-894x,musedata_telemann-chamb-ris-t394-894x--3,musedata_telemann,musedata_stage1,ok,,7,4,0.429,1162,433,0.6
musedata_telemann-chamb-ris-t394-904x,musedata_telemann-chamb-ris-t394-904x--1,musedata_telemann,musedata_stage1,ok,,5,5,0.0,1775,332,0.8
musedata_telemann-chamb-ris-t394-904x,musedata_telemann-chamb-ris-t394-904x--2,musedata_telemann,musedata_stage1,ok,,2,2,0.0,113,12,0.0
musedata_telemann-chamb-ris-t394-904x,musedata_telemann-chamb-ris-t394-904x--3,musedata_telemann,musedata_stage1,ok,,4,4,0.0,1022,221,0.4
musedata_telemann-chamb-ris-t403-1200,musedata_telemann-chamb-ris-t403-1200--1,musedata_telemann,musedata_stage1,ok,,6,4,0.333,156,36,0.1
musedata_telemann-chamb-ris-t403-1200,musedata_telemann-chamb-ris-t403-1200--2,musedata_telemann,musedata_stage1,ok,,5,4,0.2,1921,119,0.6
musedata_telemann-chamb-ris-t403-1200,musedata_telemann-chamb-ris-t403-1200--3,musedata_telemann,musedata_stage1,ok,,3,2,0.333,131,18,0.0
musedata_telemann-chamb-ris-t403-1200,musedata_telemann-chamb-ris-t403-1200--4,musedata_telemann,musedata_stage1,ok,,5,4,0.2,1247,141,0.4
musedata_telemann-chamb-ris-t403-1200,musedata_telemann-chamb-ris-t403-1200--5,musedata_telemann,musedata_stage1,ok,,6,4,0.333,171,0,0.1
musedata_telemann-chamb-ris-t403-1454,musedata_telemann-chamb-ris-t403-1454--1,musedata_telemann,musedata_stage1,ok,,11,10,0.091,1762,593,1.0
musedata_telemann-chamb-ris-t403-1454,musedata_telemann-chamb-ris-t403-1454--2,musedata_telemann,musedata_stage1,ok,,8,7,0.125,2011,645,1.3
musedata_telemann-chamb-ris-t403-1454,musedata_telemann-chamb-ris-t403-1454--3,musedata_telemann,musedata_stage1,ok,,3,2,0.333,133,15,0.0
musedata_telemann-chamb-ris-t403-1454,musedata_telemann-chamb-ris-t403-1454--4,musedata_telemann,musedata_stage1,ok,,8,7,0.125,1626,596,1.2
musedata_telemann-chamb-ris-t403-1457,musedata_telemann-chamb-ris-t403-1457--1,musedata_telemann,musedata_stage1,ok,,6,4,0.333,172,0,0.1
musedata_telemann-chamb-ris-t403-1457,musedata_telemann-chamb-ris-t403-1457--2,musedata_telemann,musedata_stage1,ok,,5,4,0.2,1743,185,0.7
musedata_telemann-chamb-ris-t403-1457,musedata_telemann-chamb-ris-t403-1457--3,musedata_telemann,musedata_stage1,ok,,3,2,0.333,124,15,0.0
musedata_telemann-chamb-ris-t403-1457,musedata_telemann-chamb-ris-t403-1457--4,musedata_telemann,musedata_stage1,ok,,5,4,0.2,1667,264,1.1
musedata_telemann-chamb-ris-t403-1457,musedata_telemann-chamb-ris-t403-1457--5,musedata_telemann,musedata_stage1,ok,,6,4,0.333,122,0,0.1
musedata_telemann-chamb-ris-t403-1522,musedata_telemann-chamb-ris-t403-1522--1,musedata_telemann,musedata_stage1,ok,,6,4,0.333,122,0,0.1
musedata_telemann-chamb-ris-t403-1522,musedata_telemann-chamb-ris-t403-1522--2,musedata_telemann,musedata_stage1,ok,,5,4,0.2,1515,370,0.5
musedata_telemann-chamb-ris-t403-1522,musedata_telemann-chamb-ris-t403-1522--3,musedata_telemann,musedata_stage1,ok,,3,2,0.333,113,12,0.0
musedata_telemann-chamb-ris-t403-1522,musedata_telemann-chamb-ris-t403-1522--4,musedata_telemann,musedata_stage1,ok,,5,4,0.2,1615,189,1.1
musedata_telemann-chamb-ris-t403-1522,musedata_telemann-chamb-ris-t403-1522--5,musedata_telemann,musedata_stage1,ok,,6,4,0.333,126,24,0.1
musedata_telemann-chamb-ris-t403-1568,musedata_telemann-chamb-ris-t403-1568--1,musedata_telemann,musedata_stage1,ok,,6,4,0.333,139,24,0.1
musedata_telemann-chamb-ris-t403-1568,musedata_telemann-chamb-ris-t403-1568--2,musedata_telemann,musedata_stage1,ok,,5,4,0.2,2798,147,1.3
musedata_telemann-chamb-ris-t403-1568,musedata_telemann-chamb-ris-t403-1568--3,musedata_telemann,musedata_stage1,ok,,3,2,0.333,79,10,0.0
musedata_telemann-chamb-ris-t403-1568,musedata_telemann-chamb-ris-t403-1568--4a,musedata_telemann,musedata_stage1,ok,,5,3,0.4,955,76,0.4
musedata_telemann-chamb-ris-t403-1568,musedata_telemann-chamb-ris-t403-1568--4b,musedata_telemann,musedata_stage1,ok,,5,4,0.2,603,317,0.2
musedata_telemann-chamb-ris-t403-1568,musedata_telemann-chamb-ris-t403-1568--5,musedata_telemann,musedata_stage1,ok,,6,4,0.333,164,0,0.1
musedata_telemann-chamb-ris-t403-1587,musedata_telemann-chamb-ris-t403-1587--1,musedata_telemann,musedata_stage1,ok,,6,4,0.333,147,0,0.1
musedata_telemann-chamb-ris-t403-1587,musedata_telemann-chamb-ris-t403-1587--2,musedata_telemann,musedata_stage1,ok,,5,4,0.2,1790,183,0.6
musedata_telemann-chamb-ris-t403-1587,musedata_telemann-chamb-ris-t403-1587--3,musedata_telemann,musedata_stage1,ok,,3,2,0.333,87,13,0.0
musedata_telemann-chamb-ris-t403-1587,musedata_telemann-chamb-ris-t403-1587--4,musedata_telemann,musedata_stage1,ok,,5,4,0.2,2019,165,0.9
musedata_telemann-chamb-ris-t403-1587,musedata_telemann-chamb-ris-t403-1587--5,musedata_telemann,musedata_stage1,ok,,6,4,0.333,154,30,0.1
musedata_telemann-chamb-ris-t403-285,musedata_telemann-chamb-ris-t403-285--1,musedata_telemann,musedata_stage1,ok,,7,4,0.429,223,0,0.1
musedata_telemann-chamb-ris-t403-285,musedata_telemann-chamb-ris-t403-285--2,musedata_telemann,musedata_stage1,ok,,5,4,0.2,1477,162,0.6
musedata_telemann-chamb-ris-t403-285,musedata_telemann-chamb-ris-t403-285--3,musedata_telemann,musedata_stage1,ok,,3,2,0.333,105,11,0.0
musedata_telemann-chamb-ris-t403-285,musedata_telemann-chamb-ris-t403-285--4,musedata_telemann,musedata_stage1,ok,,5,4,0.2,1639,169,1.0
musedata_telemann-chamb-ris-t403-285,musedata_telemann-chamb-ris-t403-285--5,musedata_telemann,musedata_stage1,ok,,8,4,0.5,169,48,0.1
musedata_telemann-chamb-ris-t403-384,musedata_telemann-chamb-ris-t403-384--1,musedata_telemann,musedata_stage1,ok,,6,5,0.167,217,0,0.1
musedata_telemann-chamb-ris-t403-384,musedata_telemann-chamb-ris-t403-384--2,musedata_telemann,musedata_stage1,ok,,5,4,0.2,1191,162,0.4
musedata_telemann-chamb-ris-t403-384,musedata_telemann-chamb-ris-t403-384--3,musedata_telemann,musedata_stage1,ok,,3,2,0.333,139,14,0.0
musedata_telemann-chamb-ris-t403-384,musedata_telemann-chamb-ris-t403-384--4,musedata_telemann,musedata_stage1,ok,,5,4,0.2,1373,229,0.5
musedata_telemann-chamb-ris-t403-384,musedata_telemann-chamb-ris-t403-384--5,musedata_telemann,musedata_stage1,ok,,6,4,0.333,190,0,0.1
musedata_telemann-chamb-ris-t403-407x,musedata_telemann-chamb-ris-t403-407x--1,musedata_telemann,musedata_stage1,ok,,11,10,0.091,2350,432,0.7
musedata_telemann-chamb-ris-t403-407x,musedata_telemann-chamb-ris-t403-407x--2,musedata_telemann,musedata_stage1,ok,,5,4,0.2,1676,237,0.9
musedata_telemann-chamb-ris-t403-407x,musedata_telemann-chamb-ris-t403-407x--3,musedata_telemann,musedata_stage1,ok,,3,2,0.333,134,17,0.0
musedata_telemann-chamb-ris-t403-407x,musedata_telemann-chamb-ris-t403-407x--4,musedata_telemann,musedata_stage1,ok,,8,7,0.125,2294,661,1.6
musedata_telemann-chamb-ris-t403-416,musedata_telemann-chamb-ris-t403-416--1,musedata_telemann,musedata_stage1,ok,,6,4,0.333,125,24,0.1
musedata_telemann-chamb-ris-t403-416,musedata_telemann-chamb-ris-t403-416--2,musedata_telemann,musedata_stage1,ok,,5,4,0.2,1269,72,0.4
musedata_telemann-chamb-ris-t403-416,musedata_telemann-chamb-ris-t403-416--3,musedata_telemann,musedata_stage1,ok,,3,2,0.333,95,13,0.0
musedata_telemann-chamb-ris-t403-416,musedata_telemann-chamb-ris-t403-416--4,musedata_telemann,musedata_stage1,ok,,5,4,0.2,1507,176,0.9
musedata_telemann-chamb-ris-t403-416,musedata_telemann-chamb-ris-t403-416--5,musedata_telemann,musedata_stage1,ok,,5,3,0.4,108,2,0.0
musedata_telemann-chamb-ris-t403-432,musedata_telemann-chamb-ris-t403-432--1,musedata_telemann,musedata_stage1,ok,,6,4,0.333,134,24,0.1
musedata_telemann-chamb-ris-t403-432,musedata_telemann-chamb-ris-t403-432--2,musedata_telemann,musedata_stage1,ok,,5,4,0.2,1596,237,0.5
musedata_telemann-chamb-ris-t403-432,musedata_telemann-chamb-ris-t403-432--3,musedata_telemann,musedata_stage1,ok,,3,2,0.333,81,8,0.0
musedata_telemann-chamb-ris-t403-432,musedata_telemann-chamb-ris-t403-432--4,musedata_telemann,musedata_stage1,ok,,5,4,0.2,1254,158,0.6
musedata_telemann-chamb-ris-t403-432,musedata_telemann-chamb-ris-t403-432--5,musedata_telemann,musedata_stage1,ok,,6,4,0.333,140,0,0.1
musedata_telemann-chamb-ris-t403-437,musedata_telemann-chamb-ris-t403-437--1,musedata_telemann,musedata_stage1,ok,,6,4,0.333,191,0,0.1
musedata_telemann-chamb-ris-t403-437,musedata_telemann-chamb-ris-t403-437--2,musedata_telemann,musedata_stage1,ok,,5,4,0.2,1651,99,0.5
musedata_telemann-chamb-ris-t403-437,musedata_telemann-chamb-ris-t403-437--3,musedata_telemann,musedata_stage1,ok,,3,2,0.333,129,17,0.0
musedata_telemann-chamb-ris-t403-437,musedata_telemann-chamb-ris-t403-437--4,musedata_telemann,musedata_stage1,ok,,5,4,0.2,1641,235,1.3
musedata_telemann-chamb-ris-t403-437,musedata_telemann-chamb-ris-t403-437--5,musedata_telemann,musedata_stage1,ok,,6,4,0.333,179,0,0.1
musedata_telemann-chamb-ris-t403-464,musedata_telemann-chamb-ris-t403-464--1,musedata_telemann,musedata_stage1,ok,,6,4,0.333,135,24,0.1
musedata_telemann-chamb-ris-t403-464,musedata_telemann-chamb-ris-t403-464--2,musedata_telemann,musedata_stage1,ok,,5,4,0.2,1822,263,0.7
musedata_telemann-chamb-ris-t403-464,musedata_telemann-chamb-ris-t403-464--3,musedata_telemann,musedata_stage1,ok,,3,2,0.333,129,18,0.0
musedata_telemann-chamb-ris-t403-464,musedata_telemann-chamb-ris-t403-464--4,musedata_telemann,musedata_stage1,ok,,5,4,0.2,1695,119,0.8
musedata_telemann-chamb-ris-t403-464,musedata_telemann-chamb-ris-t403-464--5,musedata_telemann,musedata_stage1,ok,,6,4,0.333,182,0,0.1
musedata_telemann-chamb-ris-t403-528,musedata_telemann-chamb-ris-t403-528--1,musedata_telemann,musedata_stage1,ok,,6,4,0.333,195,0,0.1
musedata_telemann-chamb-ris-t403-528,musedata_telemann-chamb-ris-t403-528--2,musedata_telemann,musedata_stage1,ok,,5,4,0.2,2299,261,1.2
musedata_telemann-chamb-ris-t403-528,musedata_telemann-chamb-ris-t403-528--3,musedata_telemann,musedata_stage1,ok,,3,2,0.333,176,19,0.0
musedata_telemann-chamb-ris-t403-528,musedata_telemann-chamb-ris-t403-528--4,musedata_telemann,musedata_stage1,ok,,5,4,0.2,1868,261,0.6
musedata_telemann-chamb-ris-t403-528,musedata_telemann-chamb-ris-t403-528--5,musedata_telemann,musedata_stage1,ok,,6,4,0.333,160,30,0.1
musedata_telemann-chamb-ris-t403-624,musedata_telemann-chamb-ris-t403-624--1,musedata_telemann,musedata_stage1,ok,,6,4,0.333,132,0,0.1
musedata_telemann-chamb-ris-t403-624,musedata_telemann-chamb-ris-t403-624--2,musedata_telemann,musedata_stage1,ok,,5,4,0.2,1514,196,0.7
musedata_telemann-chamb-ris-t403-624,musedata_telemann-chamb-ris-t403-624--3,musedata_telemann,musedata_stage1,ok,,3,2,0.333,77,11,0.0
musedata_telemann-chamb-ris-t403-624,musedata_telemann-chamb-ris-t403-624--4,musedata_telemann,musedata_stage1,ok,,5,4,0.2,1841,116,1.2
musedata_telemann-chamb-ris-t403-624,musedata_telemann-chamb-ris-t403-624--5,musedata_telemann,musedata_stage1,ok,,6,4,0.333,134,24,0.1
musedata_telemann-chamb-ris-t403-731,musedata_telemann-chamb-ris-t403-731--1,musedata_telemann,musedata_stage1,ok,,6,4,0.333,137,24,0.1
musedata_telemann-chamb-ris-t403-731,musedata_telemann-chamb-ris-t403-731--2,musedata_telemann,musedata_stage1,ok,,5,4,0.2,842,224,0.4
musedata_telemann-chamb-ris-t403-731,musedata_telemann-chamb-ris-t403-731--3,musedata_telemann,musedata_stage1,ok,,3,2,0.333,95,11,0.0
musedata_telemann-chamb-ris-t403-731,musedata_telemann-chamb-ris-t403-731--4a,musedata_telemann,musedata_stage1,ok,,5,4,0.2,1706,176,0.5
musedata_telemann-chamb-ris-t403-731,musedata_telemann-chamb-ris-t403-731--4b,musedata_telemann,musedata_stage1,ok,,5,4,0.2,489,316,0.3
musedata_telemann-chamb-ris-t403-731,musedata_telemann-chamb-ris-t403-731--5,musedata_telemann,musedata_stage1,ok,,6,4,0.333,161,30,0.1
musedata_telemann-chamb-ris-t403-766,musedata_telemann-chamb-ris-t403-766--1,musedata_telemann,musedata_stage1,ok,,6,4,0.333,154,0,0.1
musedata_telemann-chamb-ris-t403-766,musedata_telemann-chamb-ris-t403-766--2,musedata_telemann,musedata_stage1,ok,,5,4,0.2,1537,252,1.0
musedata_telemann-chamb-ris-t403-766,musedata_telemann-chamb-ris-t403-766--3,musedata_telemann,musedata_stage1,ok,,3,3,0.0,122,9,0.0
musedata_telemann-chamb-ris-t403-766,musedata_telemann-chamb-ris-t403-766--4,musedata_telemann,musedata_stage1,ok,,5,4,0.2,1290,341,0.3
musedata_telemann-chamb-ris-t403-766,musedata_telemann-chamb-ris-t403-766--5,musedata_telemann,musedata_stage1,ok,,6,4,0.333,178,0,0.1
musedata_telemann-chamb-ris-t403-768,musedata_telemann-chamb-ris-t403-768--1,musedata_telemann,musedata_stage1,ok,,6,4,0.333,184,36,0.1
musedata_telemann-chamb-ris-t403-768,musedata_telemann-chamb-ris-t403-768--2,musedata_telemann,musedata_stage1,ok,,5,4,0.2,1002,145,0.5
musedata_telemann-chamb-ris-t403-768,musedata_telemann-chamb-ris-t403-768--3,musedata_telemann,musedata_stage1,ok,,3,2,0.333,114,11,0.1
musedata_telemann-chamb-ris-t403-768,musedata_telemann-chamb-ris-t403-768--4,musedata_telemann,musedata_stage1,ok,,5,4,0.2,1464,256,1.0
musedata_telemann-chamb-ris-t403-768,musedata_telemann-chamb-ris-t403-768--5,musedata_telemann,musedata_stage1,ok,,6,4,0.333,184,0,0.1
musedata_telemann-chamb-ris-t403-946,musedata_telemann-chamb-ris-t403-946--1,musedata_telemann,musedata_stage1,ok,,6,4,0.333,129,24,0.1
musedata_telemann-chamb-ris-t403-946,musedata_telemann-chamb-ris-t403-946--2,musedata_telemann,musedata_stage1,ok,,5,4,0.2,1721,199,0.8
musedata_telemann-chamb-ris-t403-946,musedata_telemann-chamb-ris-t403-946--3,musedata_telemann,musedata_stage1,ok,,3,2,0.333,87,13,0.0
musedata_telemann-chamb-ris-t403-946,musedata_telemann-chamb-ris-t403-946--4,musedata_telemann,musedata_stage1,ok,,5,4,0.2,1577,169,0.6
musedata_telemann-chamb-ris-t403-946,musedata_telemann-chamb-ris-t403-946--5,musedata_telemann,musedata_stage1,ok,,6,4,0.333,168,36,0.1
musedata_telemann-chamb-ris-t403-98,musedata_telemann-chamb-ris-t403-98--1,musedata_telemann,musedata_stage1,ok,,6,4,0.333,178,0,0.1
musedata_telemann-chamb-ris-t403-98,musedata_telemann-chamb-ris-t403-98--2,musedata_telemann,musedata_stage1,ok,,4,4,0.0,1386,157,0.4
musedata_telemann-chamb-ris-t403-98,musedata_telemann-chamb-ris-t403-98--3,musedata_telemann,musedata_stage1,ok,,3,2,0.333,88,12,0.0
musedata_telemann-chamb-ris-t403-98,musedata_telemann-chamb-ris-t403-98--4,musedata_telemann,musedata_stage1,ok,,5,4,0.2,1876,201,0.5
musedata_telemann-chamb-ris-t403-98,musedata_telemann-chamb-ris-t403-98--5,musedata_telemann,musedata_stage1,ok,,6,4,0.333,111,24,0.1
musedata_telemann-chamb-ris-t434-11,musedata_telemann-chamb-ris-t434-11--1a,musedata_telemann,musedata_stage1,ok,,9,4,0.556,288,29,0.1
musedata_telemann-chamb-ris-t434-11,musedata_telemann-chamb-ris-t434-11--1b,musedata_telemann,musedata_stage1,ok,,9,7,0.222,3762,701,1.3
musedata_telemann-chamb-ris-t434-11,musedata_telemann-chamb-ris-t434-11--1c,musedata_telemann,musedata_stage1,ok,,9,4,0.556,264,912,0.4
musedata_telemann-chamb-ris-t434-11,musedata_telemann-chamb-ris-t434-11--2,musedata_telemann,musedata_stage1,ok,,9,6,0.333,1495,344,0.6
musedata_telemann-chamb-ris-t434-11,musedata_telemann-chamb-ris-t434-11--3,musedata_telemann,musedata_stage1,ok,,9,6,0.333,1352,394,0.6
musedata_telemann-chamb-ris-t434-11,musedata_telemann-chamb-ris-t434-11--4,musedata_telemann,musedata_stage1,ok,,9,6,0.333,726,140,0.2
musedata_telemann-chamb-ris-t434-11,musedata_telemann-chamb-ris-t434-11--5a,musedata_telemann,musedata_stage1,ok,,9,4,0.556,320,18,0.2
musedata_telemann-chamb-ris-t434-11,musedata_telemann-chamb-ris-t434-11--5b,musedata_telemann,musedata_stage1,ok,,5,5,0.0,484,510,0.3
musedata_telemann-chamb-ris-t434-11,musedata_telemann-chamb-ris-t434-11--6,musedata_telemann,musedata_stage1,ok,,9,6,0.333,2693,401,0.9
musedata_telemann-chamb-ris-t434-11,musedata_telemann-chamb-ris-t434-11--7,musedata_telemann,musedata_stage1,ok,,9,9,0.0,1640,198,0.4
musedata_telemann-chamb-ris-t434-12,musedata_telemann-chamb-ris-t434-12--1a,musedata_telemann,musedata_stage1,ok,,5,4,0.2,390,36,0.1
musedata_telemann-chamb-ris-t434-12,musedata_telemann-chamb-ris-t434-12--1b,musedata_telemann,musedata_stage1,ok,,5,4,0.2,1022,195,0.3
musedata_telemann-chamb-ris-t434-12,musedata_telemann-chamb-ris-t434-12--1c,musedata_telemann,musedata_stage1,ok,,5,4,0.2,318,282,0.2
musedata_telemann-chamb-ris-t434-12,musedata_telemann-chamb-ris-t434-12--2a,musedata_telemann,musedata_stage1,ok,,5,4,0.2,1595,351,0.9
musedata_telemann-chamb-ris-t434-12,musedata_telemann-chamb-ris-t434-12--2b,musedata_telemann,musedata_stage1,ok,,5,4,0.2,457,791,0.5
musedata_telemann-chamb-ris-t434-12,musedata_telemann-chamb-ris-t434-12--3,musedata_telemann,musedata_stage1,ok,,5,4,0.2,53,19,0.0
musedata_telemann-chamb-ris-t434-12,musedata_telemann-chamb-ris-t434-12--4,musedata_telemann,musedata_stage1,ok,,5,4,0.2,1328,182,0.5
musedata_telemann-chamb-ris-t434-13,musedata_telemann-chamb-ris-t434-13--1,musedata_telemann,musedata_stage1,ok,,7,7,0.0,3154,324,0.9
musedata_telemann-chamb-ris-t434-13,musedata_telemann-chamb-ris-t434-13--2,musedata_telemann,musedata_stage1,ok,,7,7,0.0,5935,601,3.3
musedata_telemann-chamb-ris-t434-13,musedata_telemann-chamb-ris-t434-13--3,musedata_telemann,musedata_stage1,ok,,7,7,0.0,2162,282,0.8
musedata_telemann-chamb-ris-t434-13,musedata_telemann-chamb-ris-t434-13--4a,musedata_telemann,musedata_stage1,ok,,7,7,0.0,4758,582,1.8
musedata_telemann-chamb-ris-t434-13,musedata_telemann-chamb-ris-t434-13--4b,musedata_telemann,musedata_stage1,ok,,7,7,0.0,1109,942,0.7
musedata_telemann-chamb-ris-t434-14,musedata_telemann-chamb-ris-t434-14--1,musedata_telemann,musedata_stage1,ok,,4,3,0.25,752,104,0.2
musedata_telemann-chamb-ris-t434-14,musedata_telemann-chamb-ris-t434-14--2,musedata_telemann,musedata_stage1,ok,,4,3,0.25,1189,108,0.6
musedata_telemann-chamb-ris-t434-14,musedata_telemann-chamb-ris-t434-14--3,musedata_telemann,musedata_stage1,ok,,4,3,0.25,573,94,0.2
musedata_telemann-chamb-ris-t434-14,musedata_telemann-chamb-ris-t434-14--4,musedata_telemann,musedata_stage1,ok,,4,3,0.25,1357,98,0.7
musedata_telemann-chamb-ris-t434-15,musedata_telemann-chamb-ris-t434-15--1,musedata_telemann,musedata_stage1,ok,,3,2,0.333,592,47,0.2
musedata_telemann-chamb-ris-t434-15,musedata_telemann-chamb-ris-t434-15--2,musedata_telemann,musedata_stage1,ok,,3,2,0.333,1008,85,0.4
musedata_telemann-chamb-ris-t434-15,musedata_telemann-chamb-ris-t434-15--3,musedata_telemann,musedata_stage1,ok,,3,2,0.333,614,65,0.2
musedata_telemann-chamb-ris-t434-15,musedata_telemann-chamb-ris-t434-15--4,musedata_telemann,musedata_stage1,ok,,3,2,0.333,829,41,0.3
musedata_telemann-chamb-ris-t434-16,musedata_telemann-chamb-ris-t434-16--1,musedata_telemann,musedata_stage1,ok,,7,6,0.143,2634,317,1.1
musedata_telemann-chamb-ris-t434-21,musedata_telemann-chamb-ris-t434-21--1a,musedata_telemann,musedata_stage1,ok,,10,5,0.5,436,19,0.2
musedata_telemann-chamb-ris-t434-21,musedata_telemann-chamb-ris-t434-21--1b,musedata_telemann,musedata_stage1,ok,,10,6,0.4,3721,912,2.5
musedata_telemann-chamb-ris-t434-21,musedata_telemann-chamb-ris-t434-21--1c,musedata_telemann,musedata_stage1,ok,,10,5,0.5,413,1589,0.7
musedata_telemann-chamb-ris-t434-21,musedata_telemann-chamb-ris-t434-21--2,musedata_telemann,musedata_stage1,ok,,10,7,0.3,3468,629,1.3
musedata_telemann-chamb-ris-t434-21,musedata_telemann-chamb-ris-t434-21--3,musedata_telemann,musedata_stage1,ok,,10,6,0.4,1769,723,1.2
musedata_telemann-chamb-ris-t434-21,musedata_telemann-chamb-ris-t434-21--4,musedata_telemann,musedata_stage1,ok,,10,6,0.4,3048,911,2.0
musedata_telemann-chamb-ris-t434-21,musedata_telemann-chamb-ris-t434-21--5,musedata_telemann,musedata_stage1,ok,,10,6,0.4,2073,684,0.8
musedata_telemann-chamb-ris-t434-22,musedata_telemann-chamb-ris-t434-22--1,musedata_telemann,musedata_stage1,ok,,5,4,0.2,1341,205,0.4
musedata_telemann-chamb-ris-t434-22,musedata_telemann-chamb-ris-t434-22--2,musedata_telemann,musedata_stage1,ok,,5,4,0.2,2510,459,1.4
musedata_telemann-chamb-ris-t434-22,musedata_telemann-chamb-ris-t434-22--3,musedata_telemann,musedata_stage1,ok,,5,4,0.2,1138,204,0.4
musedata_telemann-chamb-ris-t434-22,musedata_telemann-chamb-ris-t434-22--4a,musedata_telemann,musedata_stage1,ok,,5,4,0.2,1548,217,0.6
musedata_telemann-chamb-ris-t434-22,musedata_telemann-chamb-ris-t434-22--4b,musedata_telemann,musedata_stage1,ok,,5,4,0.2,913,462,0.4
musedata_telemann-chamb-ris-t434-23,musedata_telemann-chamb-ris-t434-23--1,musedata_telemann,musedata_stage1,ok,,7,6,0.143,5508,653,2.3
musedata_telemann-chamb-ris-t434-23,musedata_telemann-chamb-ris-t434-23--2,musedata_telemann,musedata_stage1,ok,,7,6,0.143,1490,433,0.6
musedata_telemann-chamb-ris-t434-23,musedata_telemann-chamb-ris-t434-23--3,musedata_telemann,musedata_stage1,ok,,7,6,0.143,3811,493,2.8
musedata_telemann-chamb-ris-t434-24,musedata_telemann-chamb-ris-t434-24--1,musedata_telemann,musedata_stage1,ok,,4,3,0.25,727,118,0.4
musedata_telemann-chamb-ris-t434-24,musedata_telemann-chamb-ris-t434-24--2,musedata_telemann,musedata_stage1,ok,,4,3,0.25,1615,203,1.2
musedata_telemann-chamb-ris-t434-24,musedata_telemann-chamb-ris-t434-24--3,musedata_telemann,musedata_stage1,ok,,4,3,0.25,538,106,0.3
musedata_telemann-chamb-ris-t434-24,musedata_telemann-chamb-ris-t434-24--4,musedata_telemann,musedata_stage1,ok,,4,3,0.25,1075,174,0.6
musedata_telemann-chamb-ris-t434-25,musedata_telemann-chamb-ris-t434-25--1,musedata_telemann,musedata_stage1,ok,,3,2,0.333,451,45,0.1
musedata_telemann-chamb-ris-t434-25,musedata_telemann-chamb-ris-t434-25--2,musedata_telemann,musedata_stage1,ok,,4,3,0.25,889,199,0.4
musedata_telemann-chamb-ris-t434-25,musedata_telemann-chamb-ris-t434-25--3,musedata_telemann,musedata_stage1,ok,,3,2,0.333,369,62,0.2
musedata_telemann-chamb-ris-t434-25,musedata_telemann-chamb-ris-t434-25--4a,musedata_telemann,musedata_stage1,ok,,3,2,0.333,316,41,0.1
musedata_telemann-chamb-ris-t434-25,musedata_telemann-chamb-ris-t434-25--4b,musedata_telemann,musedata_stage1,ok,,3,2,0.333,23,60,0.0
musedata_telemann-chamb-ris-t434-25,musedata_telemann-chamb-ris-t434-25--4c,musedata_telemann,musedata_stage1,ok,,3,2,0.333,443,101,0.1
musedata_telemann-chamb-ris-t434-25,musedata_telemann-chamb-ris-t434-25--4d,musedata_telemann,musedata_stage1,ok,,3,2,0.333,22,153,0.0
musedata_telemann-chamb-ris-t434-26,musedata_telemann-chamb-ris-t434-26--1a,musedata_telemann,musedata_stage1,ok,,10,6,0.4,2748,415,1.4
musedata_telemann-chamb-ris-t434-26,musedata_telemann-chamb-ris-t434-26--1b,musedata_telemann,musedata_stage1,ok,,10,6,0.4,218,944,0.4
musedata_telemann-chamb-ris-t434-31,musedata_telemann-chamb-ris-t434-31--1a,musedata_telemann,musedata_stage1,ok,,9,7,0.222,680,83,0.2
musedata_telemann-chamb-ris-t434-31,musedata_telemann-chamb-ris-t434-31--1b,musedata_telemann,musedata_stage1,ok,,9,7,0.222,2972,732,1.7
musedata_telemann-chamb-ris-t434-31,musedata_telemann-chamb-ris-t434-31--1c,musedata_telemann,musedata_stage1,ok,,9,6,0.333,402,1600,0.6
musedata_telemann-chamb-ris-t434-31,musedata_telemann-chamb-ris-t434-31--2,musedata_telemann,musedata_stage1,ok,,7,7,0.0,1813,182,0.5
musedata_telemann-chamb-ris-t434-31,musedata_telemann-chamb-ris-t434-31--3,musedata_telemann,musedata_stage1,ok,,9,6,0.333,1407,173,0.6
musedata_telemann-chamb-ris-t434-31,musedata_telemann-chamb-ris-t434-31--4,musedata_telemann,musedata_stage1,ok,,9,6,0.333,1996,223,0.8
musedata_telemann-chamb-ris-t434-31,musedata_telemann-chamb-ris-t434-31--5,musedata_telemann,musedata_stage1,ok,,9,8,0.111,660,147,0.2
musedata_telemann-chamb-ris-t434-31,musedata_telemann-chamb-ris-t434-31--6,musedata_telemann,musedata_stage1,ok,,9,6,0.333,1157,190,0.4
musedata_telemann-chamb-ris-t434-31,musedata_telemann-chamb-ris-t434-31--7,musedata_telemann,musedata_stage1,ok,,9,7,0.222,946,118,0.3
musedata_telemann-chamb-ris-t434-32,musedata_telemann-chamb-ris-t434-32--1,musedata_telemann,musedata_stage1,ok,,4,4,0.0,643,90,0.1
musedata_telemann-chamb-ris-t434-32,musedata_telemann-chamb-ris-t434-32--2,musedata_telemann,musedata_stage1,ok,,4,4,0.0,1320,134,0.4
musedata_telemann-chamb-ris-t434-32,musedata_telemann-chamb-ris-t434-32--3,musedata_telemann,musedata_stage1,ok,,4,4,0.0,817,185,0.2
musedata_telemann-chamb-ris-t434-32,musedata_telemann-chamb-ris-t434-32--4,musedata_telemann,musedata_stage1,ok,,4,4,0.0,1449,190,0.5
musedata_telemann-chamb-ris-t434-33,musedata_telemann-chamb-ris-t434-33--1,musedata_telemann,musedata_stage1,ok,,9,6,0.333,1701,311,0.8
musedata_telemann-chamb-ris-t434-33,musedata_telemann-chamb-ris-t434-33--2,musedata_telemann,musedata_stage1,ok,,9,6,0.333,2202,559,1.4
musedata_telemann-chamb-ris-t434-33,musedata_telemann-chamb-ris-t434-33--3,musedata_telemann,musedata_stage1,ok,,9,8,0.111,781,206,0.3
musedata_telemann-chamb-ris-t434-33,musedata_telemann-chamb-ris-t434-33--4,musedata_telemann,musedata_stage1,ok,,9,6,0.333,2471,414,0.9
musedata_telemann-chamb-ris-t434-34,musedata_telemann-chamb-ris-t434-34--1,musedata_telemann,musedata_stage1,ok,,4,3,0.25,842,96,0.3
musedata_telemann-chamb-ris-t434-34,musedata_telemann-chamb-ris-t434-34--2,musedata_telemann,musedata_stage1,ok,,4,3,0.25,1323,121,0.7
musedata_telemann-chamb-ris-t434-34,musedata_telemann-chamb-ris-t434-34--3a,musedata_telemann,musedata_stage1,ok,,4,3,0.25,18,8,0.0
musedata_telemann-chamb-ris-t434-34,musedata_telemann-chamb-ris-t434-34--3b,musedata_telemann,musedata_stage1,ok,,4,3,0.25,428,93,0.1
musedata_telemann-chamb-ris-t434-34,musedata_telemann-chamb-ris-t434-34--3c,musedata_telemann,musedata_stage1,ok,,4,3,0.25,18,164,0.0
musedata_telemann-chamb-ris-t434-34,musedata_telemann-chamb-ris-t434-34--4,musedata_telemann,musedata_stage1,ok,,4,3,0.25,1065,119,0.6
musedata_telemann-chamb-ris-t434-35,musedata_telemann-chamb-ris-t434-35--1,musedata_telemann,musedata_stage1,ok,,3,2,0.333,346,57,0.1
musedata_telemann-chamb-ris-t434-35,musedata_telemann-chamb-ris-t434-35--2,musedata_telemann,musedata_stage1,ok,,3,2,0.333,735,71,0.3
musedata_telemann-chamb-ris-t434-35,musedata_telemann-chamb-ris-t434-35--3,musedata_telemann,musedata_stage1,ok,,2,2,0.0,302,25,0.1
musedata_telemann-chamb-ris-t434-35,musedata_telemann-chamb-ris-t434-35--4,musedata_telemann,musedata_stage1,ok,,3,2,0.333,255,20,0.1
musedata_telemann-chamb-ris-t434-35,musedata_telemann-chamb-ris-t434-35--5,musedata_telemann,musedata_stage1,ok,,3,2,0.333,606,48,0.2
musedata_telemann-chamb-ris-t434-36,musedata_telemann-chamb-ris-t434-36--1,musedata_telemann,musedata_stage1,ok,,9,6,0.333,2571,338,1.3
musedata_telemann-chamb-vln-hamb-41-41n01,musedata_telemann-chamb-vln-hamb-41-41n01--m01,musedata_telemann,musedata_stage2,ok,,3,2,0.333,386,50,0.0
musedata_telemann-chamb-vln-hamb-41-41n01,musedata_telemann-chamb-vln-hamb-41-41n01--m02,musedata_telemann,musedata_stage2,ok,,3,2,0.333,1071,156,0.1
musedata_telemann-chamb-vln-hamb-41-41n01,musedata_telemann-chamb-vln-hamb-41-41n01--m03,musedata_telemann,musedata_stage2,ok,,3,2,0.333,227,63,0.1
musedata_telemann-chamb-vln-hamb-41-41n01,musedata_telemann-chamb-vln-hamb-41-41n01--m04,musedata_telemann,musedata_stage2,ok,,3,2,0.333,726,168,0.0
musedata_telemann-chamb-vln-hamb-41-41n02,musedata_telemann-chamb-vln-hamb-41-41n02--m01,musedata_telemann,musedata_stage2,ok,,2,2,0.0,282,45,0.0
musedata_telemann-chamb-vln-hamb-41-41n02,musedata_telemann-chamb-vln-hamb-41-41n02--m02,musedata_telemann,musedata_stage2,ok,,2,2,0.0,809,79,0.1
musedata_telemann-chamb-vln-hamb-41-41n02,musedata_telemann-chamb-vln-hamb-41-41n02--m03,musedata_telemann,musedata_stage2,ok,,2,2,0.0,249,55,0.0
musedata_telemann-chamb-vln-hamb-41-41n02,musedata_telemann-chamb-vln-hamb-41-41n02--m04,musedata_telemann,musedata_stage2,ok,,2,2,0.0,806,148,0.0
musedata_telemann-chamb-vln-hamb-41-41n03,musedata_telemann-chamb-vln-hamb-41-41n03--m01,musedata_telemann,musedata_stage2,ok,,2,2,0.0,269,47,0.0
musedata_telemann-chamb-vln-hamb-41-41n03,musedata_telemann-chamb-vln-hamb-41-41n03--m02,musedata_telemann,musedata_stage2,ok,,2,2,0.0,904,165,0.0
musedata_telemann-chamb-vln-hamb-41-41n03,musedata_telemann-chamb-vln-hamb-41-41n03--m03,musedata_telemann,musedata_stage2,ok,,2,2,0.0,585,102,0.0
musedata_telemann-chamb-vln-hamb-41-41n03,musedata_telemann-chamb-vln-hamb-41-41n03--m04,musedata_telemann,musedata_stage2,ok,,2,2,0.0,1104,155,0.1
musedata_telemann-chamb-vln-hamb-41-41n04,musedata_telemann-chamb-vln-hamb-41-41n04--m01,musedata_telemann,musedata_stage2,ok,,2,2,0.0,243,37,0.0
musedata_telemann-chamb-vln-hamb-41-41n04,musedata_telemann-chamb-vln-hamb-41-41n04--m02,musedata_telemann,musedata_stage2,ok,,2,2,0.0,692,82,0.0
musedata_telemann-chamb-vln-hamb-41-41n04,musedata_telemann-chamb-vln-hamb-41-41n04--m03,musedata_telemann,musedata_stage2,ok,,2,2,0.0,256,40,0.0
musedata_telemann-chamb-vln-hamb-41-41n04,musedata_telemann-chamb-vln-hamb-41-41n04--m04,musedata_telemann,musedata_stage2,ok,,2,2,0.0,653,133,0.0
musedata_telemann-chamb-vln-hamb-41-41n05,musedata_telemann-chamb-vln-hamb-41-41n05--m01,musedata_telemann,musedata_stage2,ok,,2,2,0.0,313,65,0.0
musedata_telemann-chamb-vln-hamb-41-41n05,musedata_telemann-chamb-vln-hamb-41-41n05--m02,musedata_telemann,musedata_stage2,ok,,2,2,0.0,852,120,0.0
musedata_telemann-chamb-vln-hamb-41-41n05,musedata_telemann-chamb-vln-hamb-41-41n05--m03,musedata_telemann,musedata_stage2,ok,,2,2,0.0,579,133,0.0
musedata_telemann-chamb-vln-hamb-41-41n05,musedata_telemann-chamb-vln-hamb-41-41n05--m04,musedata_telemann,musedata_stage2,ok,,2,2,0.0,1020,153,0.1
musedata_telemann-chamb-vln-hamb-41-41n06,musedata_telemann-chamb-vln-hamb-41-41n06--m01,musedata_telemann,musedata_stage2,ok,,2,2,0.0,489,70,0.1
musedata_telemann-chamb-vln-hamb-41-41n06,musedata_telemann-chamb-vln-hamb-41-41n06--m02,musedata_telemann,musedata_stage2,ok,,2,2,0.0,593,92,0.0
musedata_telemann-chamb-vln-hamb-41-41n06,musedata_telemann-chamb-vln-hamb-41-41n06--m03,musedata_telemann,musedata_stage2,ok,,2,2,0.0,269,57,0.0
musedata_telemann-chamb-vln-hamb-41-41n06,musedata_telemann-chamb-vln-hamb-41-41n06--m04,musedata_telemann,musedata_stage2,ok,,2,2,0.0,758,136,0.0
musedata_telemann-chamb-vln-hamb-41-41n07,musedata_telemann-chamb-vln-hamb-41-41n07--m01,musedata_telemann,musedata_stage2,ok,,2,2,0.0,265,79,0.0
musedata_telemann-chamb-vln-hamb-41-41n07,musedata_telemann-chamb-vln-hamb-41-41n07--m02,musedata_telemann,musedata_stage2,ok,,2,2,0.0,714,126,0.0
musedata_telemann-chamb-vln-hamb-41-41n07,musedata_telemann-chamb-vln-hamb-41-41n07--m03,musedata_telemann,musedata_stage2,ok,,2,2,0.0,294,64,0.0
musedata_telemann-chamb-vln-hamb-41-41n07,musedata_telemann-chamb-vln-hamb-41-41n07--m04,musedata_telemann,musedata_stage2,ok,,2,2,0.0,642,99,0.0
musedata_telemann-chamb-vln-hamb-41-41n08,musedata_telemann-chamb-vln-hamb-41-41n08--m01,musedata_telemann,musedata_stage2,ok,,2,2,0.0,580,77,0.0
musedata_telemann-chamb-vln-hamb-41-41n08,musedata_telemann-chamb-vln-hamb-41-41n08--m02,musedata_telemann,musedata_stage2,ok,,2,2,0.0,919,161,0.1
musedata_telemann-chamb-vln-hamb-41-41n08,musedata_telemann-chamb-vln-hamb-41-41n08--m03,musedata_telemann,musedata_stage2,ok,,2,2,0.0,385,57,0.0
musedata_telemann-chamb-vln-hamb-41-41n08,musedata_telemann-chamb-vln-hamb-41-41n08--m04,musedata_telemann,musedata_stage2,ok,,2,2,0.0,827,147,0.0
musedata_telemann-chamb-vln-hamb-41-41n09,musedata_telemann-chamb-vln-hamb-41-41n09--m01,musedata_telemann,musedata_stage2,ok,,2,2,0.0,366,58,0.0
musedata_telemann-chamb-vln-hamb-41-41n09,musedata_telemann-chamb-vln-hamb-41-41n09--m02,musedata_telemann,musedata_stage2,ok,,2,2,0.0,709,100,0.1
musedata_telemann-chamb-vln-hamb-41-41n09,musedata_telemann-chamb-vln-hamb-41-41n09--m03,musedata_telemann,musedata_stage2,ok,,2,2,0.0,292,35,0.0
musedata_telemann-chamb-vln-hamb-41-41n09,musedata_telemann-chamb-vln-hamb-41-41n09--m04,musedata_telemann,musedata_stage2,ok,,2,2,0.0,669,88,0.0
musedata_telemann-chamb-vln-hamb-41-41n10,musedata_telemann-chamb-vln-hamb-41-41n10--m01,musedata_telemann,musedata_stage2,ok,,2,2,0.0,433,91,0.0
musedata_telemann-chamb-vln-hamb-41-41n10,musedata_telemann-chamb-vln-hamb-41-41n10--m02,musedata_telemann,musedata_stage2,ok,,2,2,0.0,532,86,0.0
musedata_telemann-chamb-vln-hamb-41-41n10,musedata_telemann-chamb-vln-hamb-41-41n10--m03,musedata_telemann,musedata_stage2,ok,,2,2,0.0,282,32,0.0
musedata_telemann-chamb-vln-hamb-41-41n10,musedata_telemann-chamb-vln-hamb-41-41n10--m04,musedata_telemann,musedata_stage2,ok,,2,2,0.0,898,101,0.1
musedata_telemann-chamb-vln-hamb-41-41n11,musedata_telemann-chamb-vln-hamb-41-41n11--m01,musedata_telemann,musedata_stage2,ok,,2,2,0.0,181,58,0.0
musedata_telemann-chamb-vln-hamb-41-41n11,musedata_telemann-chamb-vln-hamb-41-41n11--m02,musedata_telemann,musedata_stage2,ok,,2,2,0.0,669,107,0.0
musedata_telemann-chamb-vln-hamb-41-41n11,musedata_telemann-chamb-vln-hamb-41-41n11--m03,musedata_telemann,musedata_stage2,ok,,2,2,0.0,288,63,0.0
musedata_telemann-chamb-vln-hamb-41-41n11,musedata_telemann-chamb-vln-hamb-41-41n11--m04,musedata_telemann,musedata_stage2,ok,,2,2,0.0,657,128,0.0
musedata_telemann-chamb-vln-hamb-41-41n12,musedata_telemann-chamb-vln-hamb-41-41n12--m01,musedata_telemann,musedata_stage2,ok,,2,2,0.0,256,70,0.1
musedata_telemann-chamb-vln-hamb-41-41n12,musedata_telemann-chamb-vln-hamb-41-41n12--m02,musedata_telemann,musedata_stage2,ok,,2,2,0.0,663,74,0.0
musedata_telemann-chamb-vln-hamb-41-41n12,musedata_telemann-chamb-vln-hamb-41-41n12--m03,musedata_telemann,musedata_stage2,ok,,2,2,0.0,200,50,0.0
musedata_telemann-chamb-vln-hamb-41-41n12,musedata_telemann-chamb-vln-hamb-41-41n12--m04,musedata_telemann,musedata_stage2,ok,,2,2,0.0,787,85,0.0
musedata_telemann-oratorio-orpheus,musedata_telemann-oratorio-orpheus--1-1-1,musedata_telemann,musedata_stage1,ok,,2,2,0.0,266,27,0.2
musedata_telemann-oratorio-orpheus,musedata_telemann-oratorio-orpheus--1-1-2,musedata_telemann,musedata_stage1,ok,,3,3,0.0,218,57,0.1
musedata_telemann-oratorio-orpheus,musedata_telemann-oratorio-orpheus--1-1-3,musedata_telemann,musedata_stage1,ok,,5,5,0.0,594,124,0.1
musedata_telemann-oratorio-orpheus,musedata_telemann-oratorio-orpheus--1-1-4,musedata_telemann,musedata_stage1,ok,,3,3,0.0,152,38,0.0
musedata_telemann-oratorio-orpheus,musedata_telemann-oratorio-orpheus--1-1-5,musedata_telemann,musedata_stage1,ok,,5,5,0.0,1480,277,0.3
musedata_telemann-oratorio-orpheus,musedata_telemann-oratorio-orpheus--1-1-6,musedata_telemann,musedata_stage1,ok,,3,3,0.0,220,56,0.0
musedata_telemann-oratorio-orpheus,musedata_telemann-oratorio-orpheus--1-10-1,musedata_telemann,musedata_stage1,ok,,2,2,0.0,64,8,0.0
musedata_telemann-oratorio-orpheus,musedata_telemann-oratorio-orpheus--1-10-2,musedata_telemann,musedata_stage1,ok,,2,2,0.0,108,17,0.0
musedata_telemann-oratorio-orpheus,musedata_telemann-oratorio-orpheus--1-10-3,musedata_telemann,musedata_stage1,ok,,7,4,0.429,395,176,0.2
musedata_telemann-oratorio-orpheus,musedata_telemann-oratorio-orpheus--1-10-4,musedata_telemann,musedata_stage1,ok,,3,3,0.0,140,33,0.0
musedata_telemann-oratorio-orpheus,musedata_telemann-oratorio-orpheus--1-10-5,musedata_telemann,musedata_stage1,ok,,5,5,0.0,251,81,0.1
musedata_telemann-oratorio-orpheus,musedata_telemann-oratorio-orpheus--1-2-1,musedata_telemann,musedata_stage1,ok,,6,6,0.0,1098,183,0.4
musedata_telemann-oratorio-orpheus,musedata_telemann-oratorio-orpheus--1-2-2,musedata_telemann,musedata_stage1,ok,,6,3,0.5,292,12,0.1
musedata_telemann-oratorio-orpheus,musedata_telemann-oratorio-orpheus--1-2-3,musedata_telemann,musedata_stage1,ok,,3,3,0.0,56,17,0.0
musedata_telemann-oratorio-orpheus,musedata_telemann-oratorio-orpheus--1-2-4a,musedata_telemann,musedata_stage1,ok,,4,3,0.25,225,47,0.1
musedata_telemann-oratorio-orpheus,musedata_telemann-oratorio-orpheus--1-2-4b,musedata_telemann,musedata_stage1,ok,,3,1,0.667,5,141,0.0
musedata_telemann-oratorio-orpheus,musedata_telemann-oratorio-orpheus--1-2-4c,musedata_telemann,musedata_stage1,ok,,4,4,0.0,402,215,0.2
musedata_telemann-oratorio-orpheus,musedata_telemann-oratorio-orpheus--1-2-5,musedata_telemann,musedata_stage1,ok,,2,2,0.0,106,10,0.0
musedata_telemann-oratorio-orpheus,musedata_telemann-oratorio-orpheus--1-3-1,musedata_telemann,musedata_stage1,ok,,3,3,0.0,111,31,0.0
musedata_telemann-oratorio-orpheus,musedata_telemann-oratorio-orpheus--1-3-2,musedata_telemann,musedata_stage1,ok,,5,5,0.0,832,167,0.2
musedata_telemann-oratorio-orpheus,musedata_telemann-oratorio-orpheus--1-3-3,musedata_telemann,musedata_stage1,ok,,3,3,0.0,131,36,0.0
musedata_telemann-oratorio-orpheus,musedata_telemann-oratorio-orpheus--1-4-1,musedata_telemann,musedata_stage1,ok,,2,2,0.0,44,11,0.0
musedata_telemann-oratorio-orpheus,musedata_telemann-oratorio-orpheus--1-4-2,musedata_telemann,musedata_stage1,ok,,5,5,0.0,618,278,0.3
musedata_telemann-oratorio-orpheus,musedata_telemann-oratorio-orpheus--1-4-3,musedata_telemann,musedata_stage1,ok,,2,2,0.0,65,10,0.0
musedata_telemann-oratorio-orpheus,musedata_telemann-oratorio-orpheus--1-4-4,musedata_telemann,musedata_stage1,ok,,6,6,0.0,944,272,0.3
musedata_telemann-oratorio-orpheus,musedata_telemann-oratorio-orpheus--1-4-5,musedata_telemann,musedata_stage1,ok,,3,3,0.0,38,9,0.0
musedata_telemann-oratorio-orpheus,musedata_telemann-oratorio-orpheus--1-5-1a,musedata_telemann,musedata_stage1,ok,,6,4,0.333,372,34,0.1
musedata_telemann-oratorio-orpheus,musedata_telemann-oratorio-orpheus--1-5-1b,musedata_telemann,musedata_stage1,ok,,6,3,0.5,394,320,0.2
musedata_telemann-oratorio-orpheus,musedata_telemann-oratorio-orpheus--1-5-2,musedata_telemann,musedata_stage1,ok,,2,2,0.0,49,8,0.0
musedata_telemann-oratorio-orpheus,musedata_telemann-oratorio-orpheus--1-6-1,musedata_telemann,musedata_stage1,ok,,4,4,0.0,140,55,0.0
musedata_telemann-oratorio-orpheus,musedata_telemann-oratorio-orpheus--1-7-1,musedata_telemann,musedata_stage1,ok,,3,3,0.0,192,68,0.1
musedata_telemann-oratorio-orpheus,musedata_telemann-oratorio-orpheus--1-8-1,musedata_telemann,musedata_stage1,ok,,6,6,0.0,988,194,0.2
musedata_telemann-oratorio-orpheus,musedata_telemann-oratorio-orpheus--1-8-2,musedata_telemann,musedata_stage1,ok,,3,3,0.0,136,37,0.0
musedata_telemann-oratorio-orpheus,musedata_telemann-oratorio-orpheus--1-8-3,musedata_telemann,musedata_stage1,ok,,3,3,0.0,851,115,0.3
musedata_telemann-oratorio-orpheus,musedata_telemann-oratorio-orpheus--1-8-4,musedata_telemann,musedata_stage1,ok,,3,3,0.0,42,11,0.0
musedata_telemann-oratorio-orpheus,musedata_telemann-oratorio-orpheus--1-8-5,musedata_telemann,musedata_stage1,ok,,6,4,0.333,314,2,0.1
musedata_telemann-oratorio-orpheus,musedata_telemann-oratorio-orpheus--1-9-1,musedata_telemann,musedata_stage1,ok,,2,2,0.0,62,9,0.0
musedata_telemann-oratorio-orpheus,musedata_telemann-oratorio-orpheus--1-9-2,musedata_telemann,musedata_stage1,ok,,5,5,0.0,1332,193,0.3
musedata_telemann-oratorio-orpheus,musedata_telemann-oratorio-orpheus--1-9-3,musedata_telemann,musedata_stage1,ok,,2,2,0.0,24,5,0.0
musedata_telemann-oratorio-orpheus,musedata_telemann-oratorio-orpheus--1-9-4,musedata_telemann,musedata_stage1,ok,,5,5,0.0,969,32,0.2
musedata_telemann-oratorio-orpheus,musedata_telemann-oratorio-orpheus--2-1-3,musedata_telemann,musedata_stage1,ok,,8,3,0.625,111,19,0.1
musedata_telemann-oratorio-orpheus,musedata_telemann-oratorio-orpheus--2-1-4,musedata_telemann,musedata_stage1,ok,,5,5,0.0,185,2,0.0
musedata_telemann-oratorio-orpheus,musedata_telemann-oratorio-orpheus--2-1-5,musedata_telemann,musedata_stage1,ok,,2,2,0.0,24,4,0.0
musedata_telemann-oratorio-orpheus,musedata_telemann-oratorio-orpheus--2-1-6,musedata_telemann,musedata_stage1,ok,,5,5,0.0,188,4,0.0
musedata_telemann-oratorio-orpheus,musedata_telemann-oratorio-orpheus--2-1-7,musedata_telemann,musedata_stage1,ok,,2,2,0.0,95,11,0.0
musedata_telemann-oratorio-orpheus,musedata_telemann-oratorio-orpheus--2-2-1,musedata_telemann,musedata_stage1,ok,,2,2,0.0,143,20,0.0
musedata_telemann-oratorio-orpheus,musedata_telemann-oratorio-orpheus--2-3-1,musedata_telemann,musedata_stage1,ok,,6,5,0.167,620,86,0.2
musedata_telemann-oratorio-orpheus,musedata_telemann-oratorio-orpheus--2-4-1,musedata_telemann,musedata_stage1,ok,,3,3,0.0,323,76,0.1
musedata_telemann-oratorio-orpheus,musedata_telemann-oratorio-orpheus--2-4-2,musedata_telemann,musedata_stage1,ok,,5,5,0.0,1772,190,0.5
musedata_telemann-oratorio-orpheus,musedata_telemann-oratorio-orpheus--2-5-1a,musedata_telemann,musedata_stage1,ok,,8,4,0.5,36,24,0.0
musedata_telemann-oratorio-orpheus,musedata_telemann-oratorio-orpheus--2-5-1b,musedata_telemann,musedata_stage1,ok,,8,5,0.375,341,93,0.1
musedata_telemann-oratorio-orpheus,musedata_telemann-oratorio-orpheus--2-5-1c,musedata_telemann,musedata_stage1,ok,,7,5,0.286,50,196,0.1
musedata_telemann-oratorio-orpheus,musedata_telemann-oratorio-orpheus--2-5-1d,musedata_telemann,musedata_stage1,ok,,8,4,0.5,370,268,0.2
musedata_telemann-oratorio-orpheus,musedata_telemann-oratorio-orpheus--2-5-1e,musedata_telemann,musedata_stage1,ok,,8,5,0.375,362,465,0.3
musedata_telemann-oratorio-orpheus,musedata_telemann-oratorio-orpheus--2-5-2,musedata_telemann,musedata_stage1,ok,,2,2,0.0,79,10,0.0
musedata_telemann-oratorio-orpheus,musedata_telemann-oratorio-orpheus--2-6-1,musedata_telemann,musedata_stage1,ok,,4,4,0.0,192,78,0.1
musedata_telemann-oratorio-orpheus,musedata_telemann-oratorio-orpheus--2-6-2,musedata_telemann,musedata_stage1,ok,,5,4,0.2,876,123,0.2
musedata_telemann-oratorio-orpheus,musedata_telemann-oratorio-orpheus--2-6-3,musedata_telemann,musedata_stage1,ok,,4,4,0.0,196,69,0.1
musedata_telemann-oratorio-orpheus,musedata_telemann-oratorio-orpheus--2-6-4,musedata_telemann,musedata_stage1,ok,,7,4,0.429,304,45,0.1
musedata_telemann-oratorio-orpheus,musedata_telemann-oratorio-orpheus--2-6-5,musedata_telemann,musedata_stage1,ok,,2,2,0.0,45,10,0.0
musedata_telemann-oratorio-orpheus,musedata_telemann-oratorio-orpheus--2-6-6,musedata_telemann,musedata_stage1,ok,,3,3,0.0,534,63,0.1
musedata_telemann-oratorio-orpheus,musedata_telemann-oratorio-orpheus--2-7-1,musedata_telemann,musedata_stage1,ok,,3,3,0.0,273,76,0.1
musedata_telemann-oratorio-orpheus,musedata_telemann-oratorio-orpheus--2-7-5b,musedata_telemann,musedata_stage1,ok,,1,1,0.0,4,5,0.0
musedata_telemann-oratorio-orpheus,musedata_telemann-oratorio-orpheus--2-8-1,musedata_telemann,musedata_stage1,ok,,2,2,0.0,98,14,0.0
musedata_telemann-oratorio-orpheus,musedata_telemann-oratorio-orpheus--2-8-2,musedata_telemann,musedata_stage1,ok,,5,5,0.0,965,34,0.2
musedata_telemann-oratorio-orpheus,musedata_telemann-oratorio-orpheus--2-9-1,musedata_telemann,musedata_stage1,ok,,4,4,0.0,92,27,0.0
musedata_telemann-oratorio-orpheus,musedata_telemann-oratorio-orpheus--3-1-1,musedata_telemann,musedata_stage1,ok,,2,2,0.0,171,24,0.0
musedata_telemann-oratorio-orpheus,musedata_telemann-oratorio-orpheus--3-1-2,musedata_telemann,musedata_stage1,ok,,5,5,0.0,1583,212,0.5
musedata_telemann-oratorio-orpheus,musedata_telemann-oratorio-orpheus--3-1-3a,musedata_telemann,musedata_stage1,ok,,3,3,0.0,191,52,0.1
musedata_telemann-oratorio-orpheus,musedata_telemann-oratorio-orpheus--3-1-3b,musedata_telemann,musedata_stage1,ok,,2,2,0.0,5,76,0.0
musedata_telemann-oratorio-orpheus,musedata_telemann-oratorio-orpheus--3-1-3c,musedata_telemann,musedata_stage1,ok,,3,3,0.0,88,100,0.0
musedata_telemann-oratorio-orpheus,musedata_telemann-oratorio-orpheus--3-1-4,musedata_telemann,musedata_stage1,ok,,5,5,0.0,883,58,0.2
musedata_telemann-oratorio-orpheus,musedata_telemann-oratorio-orpheus--3-2-1,musedata_telemann,musedata_stage1,ok,,3,3,0.0,316,89,0.1
musedata_telemann-oratorio-orpheus,musedata_telemann-oratorio-orpheus--3-2-2,musedata_telemann,musedata_stage1,ok,,3,3,0.0,878,162,0.3
musedata_telemann-oratorio-orpheus,musedata_telemann-oratorio-orpheus--3-3-1,musedata_telemann,musedata_stage1,ok,,2,2,0.0,99,14,0.0
musedata_telemann-oratorio-orpheus,musedata_telemann-oratorio-orpheus--3-3-2,musedata_telemann,musedata_stage1,ok,,6,6,0.0,972,130,0.3
musedata_telemann-oratorio-orpheus,musedata_telemann-oratorio-orpheus--3-3-3,musedata_telemann,musedata_stage1,ok,,3,3,0.0,223,58,0.0
musedata_telemann-oratorio-orpheus,musedata_telemann-oratorio-orpheus--3-3-4,musedata_telemann,musedata_stage1,ok,,3,3,0.0,662,46,0.2
musedata_telemann-oratorio-orpheus,musedata_telemann-oratorio-orpheus--3-4-1,musedata_telemann,musedata_stage1,ok,,6,6,0.0,774,130,0.1
musedata_telemann-oratorio-orpheus,musedata_telemann-oratorio-orpheus--3-4-2,musedata_telemann,musedata_stage1,ok,,2,2,0.0,76,71,0.0
musedata_telemann-oratorio-orpheus,musedata_telemann-oratorio-orpheus--3-4-3,musedata_telemann,musedata_stage1,ok,,5,5,0.0,371,114,0.1
musedata_telemann-oratorio-orpheus,musedata_telemann-oratorio-orpheus--3-4-4,musedata_telemann,musedata_stage1,ok,,2,2,0.0,114,18,0.0
musedata_telemann-oratorio-orpheus,musedata_telemann-oratorio-orpheus--3-5-1,musedata_telemann,musedata_stage1,ok,,2,2,0.0,78,13,0.0
musedata_telemann-oratorio-orpheus,musedata_telemann-oratorio-orpheus--3-5-2,musedata_telemann,musedata_stage1,ok,,6,4,0.333,848,281,0.3
musedata_telemann-oratorio-orpheus,musedata_telemann-oratorio-orpheus--3-6-1,musedata_telemann,musedata_stage1,ok,,2,2,0.0,227,27,0.1
musedata_telemann-oratorio-orpheus,musedata_telemann-oratorio-orpheus--3-7-1,musedata_telemann,musedata_stage1,ok,,3,3,0.0,510,22,0.1
musedata_telemann-oratorio-orpheus,musedata_telemann-oratorio-orpheus--3-7-2,musedata_telemann,musedata_stage1,ok,,6,5,0.167,331,32,0.1
musedata_telemann-oratorio-orpheus,musedata_telemann-oratorio-orpheus--3-7-3,musedata_telemann,musedata_stage1,ok,,3,3,0.0,81,25,0.0
musedata_telemann-oratorio-orpheus,musedata_telemann-oratorio-orpheus--3-7-4,musedata_telemann,musedata_stage1,ok,,5,5,0.0,364,17,0.1
musedata_telemann-oratorio-orpheus,musedata_telemann-oratorio-orpheus--3-7-5a,musedata_telemann,musedata_stage1,ok,,2,2,0.0,40,10,0.0
musedata_telemann-oratorio-orpheus,musedata_telemann-oratorio-orpheus--3-7-5b,musedata_telemann,musedata_stage1,ok,,1,1,0.0,1,11,0.0
musedata_telemann-oratorio-orpheus,musedata_telemann-oratorio-orpheus--3-7-5c,musedata_telemann,musedata_stage1,ok,,3,3,0.0,122,45,0.1
musedata_telemann-oratorio-orpheus,musedata_telemann-oratorio-orpheus--3-7-6,musedata_telemann,musedata_stage1,ok,,5,3,0.4,266,10,0.1
musedata_telemann-oratorio-orpheus,musedata_telemann-oratorio-orpheus--3-7-7,musedata_telemann,musedata_stage1,ok,,2,2,0.0,63,8,0.0
musedata_telemann-oratorio-orpheus,musedata_telemann-oratorio-orpheus--3-8-1,musedata_telemann,musedata_stage1,ok,,2,2,0.0,146,16,0.0
musedata_telemann-oratorio-orpheus,musedata_telemann-oratorio-orpheus--3-8-2,musedata_telemann,musedata_stage1,ok,,2,2,0.0,110,11,0.0
musedata_telemann-oratorio-orpheus,musedata_telemann-oratorio-orpheus--3-8-3,musedata_telemann,musedata_stage1,ok,,2,2,0.0,73,11,0.1
musedata_telemann-oratorio-orpheus,musedata_telemann-oratorio-orpheus--3-8-4,musedata_telemann,musedata_stage1,ok,,8,5,0.375,387,16,0.1
musedata_telemann-oratorio-seren,musedata_telemann-oratorio-seren--1-01,musedata_telemann,musedata_stage2,ok,,10,10,0.0,2057,367,0.1
musedata_telemann-oratorio-seren,musedata_telemann-oratorio-seren--1-02,musedata_telemann,musedata_stage2,ok,,10,9,0.1,2569,628,0.1
musedata_telemann-oratorio-seren,musedata_telemann-oratorio-seren--1-03,musedata_telemann,musedata_stage2,ok,,5,5,0.0,772,66,0.0
musedata_telemann-oratorio-seren,musedata_telemann-oratorio-seren--1-04,musedata_telemann,musedata_stage2,ok,,10,10,0.0,4526,874,0.2
musedata_telemann-oratorio-seren,musedata_telemann-oratorio-seren--2-01,musedata_telemann,musedata_stage2,ok,,12,10,0.167,3247,701,0.2
musedata_telemann-oratorio-seren,musedata_telemann-oratorio-seren--2-02,musedata_telemann,musedata_stage2,ok,,2,2,0.0,92,48,0.0
musedata_telemann-oratorio-seren,musedata_telemann-oratorio-seren--2-03,musedata_telemann,musedata_stage2,ok,,5,5,0.0,1613,312,0.1
musedata_telemann-oratorio-seren,musedata_telemann-oratorio-seren--2-04,musedata_telemann,musedata_stage2,ok,,2,2,0.0,36,21,0.0
musedata_telemann-oratorio-seren,musedata_telemann-oratorio-seren--2-05,musedata_telemann,musedata_stage2,ok,,11,11,0.0,2936,482,0.2
musedata_telemann-oratorio-seren,musedata_telemann-oratorio-seren--2-06,musedata_telemann,musedata_stage2,ok,,2,2,0.0,49,25,0.0
musedata_telemann-oratorio-seren,musedata_telemann-oratorio-seren--2-07,musedata_telemann,musedata_stage2,ok,,14,14,0.0,5094,855,0.2
musedata_telemann-oratorio-seren,musedata_telemann-oratorio-seren--2-08,musedata_telemann,musedata_stage2,ok,,2,2,0.0,115,61,0.0
musedata_telemann-oratorio-seren,musedata_telemann-oratorio-seren--2-09,musedata_telemann,musedata_stage2,ok,,4,4,0.0,1420,182,0.0
musedata_telemann-oratorio-seren,musedata_telemann-oratorio-seren--2-10,musedata_telemann,musedata_stage2,ok,,4,2,0.5,118,97,0.0
musedata_telemann-oratorio-seren,musedata_telemann-oratorio-seren--2-11,musedata_telemann,musedata_stage2,ok,,15,11,0.267,1545,614,0.2
musedata_telemann-oratorio-seren,musedata_telemann-oratorio-seren--2-12,musedata_telemann,musedata_stage2,ok,,2,2,0.0,25,14,0.0
musedata_telemann-oratorio-seren,musedata_telemann-oratorio-seren--2-13,musedata_telemann,musedata_stage2,ok,,8,8,0.0,2939,577,0.2
musedata_telemann-oratorio-seren,musedata_telemann-oratorio-seren--2-14,musedata_telemann,musedata_stage2,ok,,5,4,0.2,133,130,0.0
musedata_telemann-oratorio-seren,musedata_telemann-oratorio-seren--2-15,musedata_telemann,musedata_stage2,ok,,5,5,0.0,1311,80,0.0
musedata_telemann-oratorio-seren,musedata_telemann-oratorio-seren--2-16,musedata_telemann,musedata_stage2,ok,,2,2,0.0,32,20,0.0
musedata_telemann-oratorio-seren,musedata_telemann-oratorio-seren--2-17,musedata_telemann,musedata_stage2,ok,,8,8,0.0,1597,616,0.1
musedata_telemann-oratorio-seren,musedata_telemann-oratorio-seren--2-18,musedata_telemann,musedata_stage2,ok,,5,4,0.2,77,70,0.0
musedata_telemann-oratorio-seren,musedata_telemann-oratorio-seren--2-19,musedata_telemann,musedata_stage2,ok,,9,9,0.0,1539,471,0.1
musedata_telemann-oratorio-seren,musedata_telemann-oratorio-seren--2-20,musedata_telemann,musedata_stage2,ok,,8,5,0.375,435,33,0.1
musedata_telemann-oratorio-seren,musedata_telemann-oratorio-seren--2-21,musedata_telemann,musedata_stage2,ok,,2,2,0.0,78,38,0.0
musedata_telemann-oratorio-seren,musedata_telemann-oratorio-seren--2-22,musedata_telemann,musedata_stage2,ok,,6,6,0.0,1409,268,0.0
musedata_telemann-oratorio-seren,musedata_telemann-oratorio-seren--2-23,musedata_telemann,musedata_stage2,ok,,2,2,0.0,120,60,0.0
musedata_telemann-oratorio-seren,musedata_telemann-oratorio-seren--2-24,musedata_telemann,musedata_stage2,ok,,3,3,0.0,390,45,0.0
musedata_telemann-oratorio-seren,musedata_telemann-oratorio-seren--2-25,musedata_telemann,musedata_stage2,ok,,15,11,0.267,1211,411,0.1
musedata_telemann-oratorio-seren,musedata_telemann-oratorio-seren--2-26,musedata_telemann,musedata_stage2,ok,,2,2,0.0,35,15,0.0
musedata_telemann-oratorio-seren,musedata_telemann-oratorio-seren--2-27,musedata_telemann,musedata_stage2,ok,,7,7,0.0,1414,164,0.0
musedata_telemann-oratorio-seren,musedata_telemann-oratorio-seren--2-28,musedata_telemann,musedata_stage2,ok,,7,6,0.143,155,129,0.0
musedata_telemann-oratorio-seren,musedata_telemann-oratorio-seren--2-29,musedata_telemann,musedata_stage2,ok,,7,7,0.0,1196,618,0.1
musedata_telemann-oratorio-seren,musedata_telemann-oratorio-seren--2-30,musedata_telemann,musedata_stage2,ok,,2,2,0.0,68,36,0.0
musedata_telemann-oratorio-seren,musedata_telemann-oratorio-seren--2-31,musedata_telemann,musedata_stage2,ok,,7,7,0.0,1796,730,0.1
musedata_telemann-oratorio-seren,musedata_telemann-oratorio-seren--2-32,musedata_telemann,musedata_stage2,ok,,2,2,0.0,20,12,0.0
musedata_telemann-oratorio-seren,musedata_telemann-oratorio-seren--2-33,musedata_telemann,musedata_stage2,ok,,18,12,0.333,2537,1985,0.3
musedata_telemann-oratorio-seren,musedata_telemann-oratorio-seren--2-34,musedata_telemann,musedata_stage2,ok,,2,2,0.0,93,46,0.0
musedata_telemann-oratorio-seren,musedata_telemann-oratorio-seren--2-35,musedata_telemann,musedata_stage2,ok,,5,5,0.0,1533,116,0.0
musedata_telemann-oratorio-seren,musedata_telemann-oratorio-seren--2-36,musedata_telemann,musedata_stage2,ok,,2,2,0.0,36,17,0.0
musedata_telemann-oratorio-seren,musedata_telemann-oratorio-seren--2-37,musedata_telemann,musedata_stage2,ok,,6,6,0.0,1146,476,0.1
musedata_telemann-oratorio-seren,musedata_telemann-oratorio-seren--2-38,musedata_telemann,musedata_stage2,ok,,8,8,0.0,558,379,0.0
musedata_telemann-oratorio-seren,musedata_telemann-oratorio-seren--2-39,musedata_telemann,musedata_stage2,ok,,2,2,0.0,232,31,0.0
musedata_telemann-oratorio-seren,musedata_telemann-oratorio-seren--2-40,musedata_telemann,musedata_stage2,ok,,2,2,0.0,98,58,0.0
musedata_telemann-oratorio-seren,musedata_telemann-oratorio-seren--2-41,musedata_telemann,musedata_stage2,ok,,12,8,0.333,1186,221,0.1
musedata_vivaldi-autogr-big-rv645,musedata_vivaldi-autogr-big-rv645--101,musedata_vivaldi,musedata_stage2,ok,,13,13,0.0,4400,655,0.2
musedata_vivaldi-autogr-big-rv645,musedata_vivaldi-autogr-big-rv645--102,musedata_vivaldi,musedata_stage2,ok,,2,2,0.0,104,14,0.0
musedata_vivaldi-autogr-big-rv645,musedata_vivaldi-autogr-big-rv645--103,musedata_vivaldi,musedata_stage2,ok,,4,4,0.0,882,201,0.0
musedata_vivaldi-autogr-big-rv645,musedata_vivaldi-autogr-big-rv645--104,musedata_vivaldi,musedata_stage2,ok,,3,3,0.0,70,24,0.0
musedata_vivaldi-autogr-big-rv645,musedata_vivaldi-autogr-big-rv645--105a,musedata_vivaldi,musedata_stage2,ok,,4,3,0.25,922,116,0.1
musedata_vivaldi-autogr-big-rv645,musedata_vivaldi-autogr-big-rv645--105b,musedata_vivaldi,musedata_stage2,ok,,5,5,0.0,2236,106,0.1
musedata_vivaldi-autogr-big-rv645,musedata_vivaldi-autogr-big-rv645--106,musedata_vivaldi,musedata_stage2,ok,,3,3,0.0,157,47,0.0
musedata_vivaldi-autogr-big-rv645,musedata_vivaldi-autogr-big-rv645--107,musedata_vivaldi,musedata_stage2,ok,,4,4,0.0,744,217,0.1
musedata_vivaldi-autogr-big-rv645,musedata_vivaldi-autogr-big-rv645--108,musedata_vivaldi,musedata_stage2,ok,,2,2,0.0,35,5,0.0
musedata_vivaldi-autogr-big-rv645,musedata_vivaldi-autogr-big-rv645--109,musedata_vivaldi,musedata_stage2,ok,,2,2,0.0,459,93,0.0
musedata_vivaldi-autogr-big-rv645,musedata_vivaldi-autogr-big-rv645--110,musedata_vivaldi,musedata_stage2,ok,,3,3,0.0,74,25,0.0
musedata_vivaldi-autogr-big-rv645,musedata_vivaldi-autogr-big-rv645--111,musedata_vivaldi,musedata_stage2,ok,,11,7,0.364,895,420,0.1
musedata_vivaldi-autogr-big-rv645,musedata_vivaldi-autogr-big-rv645--112,musedata_vivaldi,musedata_stage2,ok,,2,2,0.0,53,16,0.0
musedata_vivaldi-autogr-big-rv645,musedata_vivaldi-autogr-big-rv645--113,musedata_vivaldi,musedata_stage2,ok,,5,5,0.0,1491,203,0.1
musedata_vivaldi-autogr-big-rv645,musedata_vivaldi-autogr-big-rv645--114,musedata_vivaldi,musedata_stage2,ok,,3,3,0.0,210,59,0.0
musedata_vivaldi-autogr-big-rv645,musedata_vivaldi-autogr-big-rv645--115,musedata_vivaldi,musedata_stage2,ok,,6,6,0.0,1108,412,0.1
musedata_vivaldi-autogr-big-rv645,musedata_vivaldi-autogr-big-rv645--116,musedata_vivaldi,musedata_stage2,ok,,3,3,0.0,147,43,0.0
musedata_vivaldi-autogr-big-rv645,musedata_vivaldi-autogr-big-rv645--117,musedata_vivaldi,musedata_stage2,ok,,3,2,0.333,756,112,0.1
musedata_vivaldi-autogr-big-rv645,musedata_vivaldi-autogr-big-rv645--118,musedata_vivaldi,musedata_stage2,ok,,3,3,0.0,178,47,0.0
musedata_vivaldi-autogr-big-rv645,musedata_vivaldi-autogr-big-rv645--119,musedata_vivaldi,musedata_stage2,ok,,5,5,0.0,2063,158,0.1
musedata_vivaldi-autogr-big-rv645,musedata_vivaldi-autogr-big-rv645--120,musedata_vivaldi,musedata_stage2,ok,,2,2,0.0,77,13,0.0
musedata_vivaldi-autogr-big-rv645,musedata_vivaldi-autogr-big-rv645--121a,musedata_vivaldi,musedata_stage2,ok,,11,11,0.0,1544,475,0.1
musedata_vivaldi-autogr-big-rv645,musedata_vivaldi-autogr-big-rv645--121b,musedata_vivaldi,musedata_stage2,ok,,4,3,0.25,530,47,0.0
musedata_vivaldi-autogr-big-rv645,musedata_vivaldi-autogr-big-rv645--122,musedata_vivaldi,musedata_stage2,ok,,3,3,0.0,93,27,0.0
musedata_vivaldi-autogr-big-rv645,musedata_vivaldi-autogr-big-rv645--123,musedata_vivaldi,musedata_stage2,ok,,5,5,0.0,1955,182,0.1
musedata_vivaldi-autogr-big-rv645,musedata_vivaldi-autogr-big-rv645--124,musedata_vivaldi,musedata_stage2,ok,,2,2,0.0,30,4,0.0
musedata_vivaldi-autogr-big-rv645,musedata_vivaldi-autogr-big-rv645--125,musedata_vivaldi,musedata_stage2,ok,,3,3,0.0,905,164,0.0
musedata_vivaldi-autogr-big-rv645,musedata_vivaldi-autogr-big-rv645--126,musedata_vivaldi,musedata_stage2,ok,,2,2,0.0,63,12,0.0
musedata_vivaldi-autogr-big-rv645,musedata_vivaldi-autogr-big-rv645--127,musedata_vivaldi,musedata_stage2,ok,,8,8,0.0,641,82,0.0
musedata_vivaldi-autogr-big-rv645,musedata_vivaldi-autogr-big-rv645--201,musedata_vivaldi,musedata_stage2,ok,,2,2,0.0,125,17,0.0
musedata_vivaldi-autogr-big-rv645,musedata_vivaldi-autogr-big-rv645--202,musedata_vivaldi,musedata_stage2,ok,,4,4,0.0,1249,269,0.1
musedata_vivaldi-autogr-big-rv645,musedata_vivaldi-autogr-big-rv645--203,musedata_vivaldi,musedata_stage2,ok,,3,3,0.0,110,26,0.0
musedata_vivaldi-autogr-big-rv645,musedata_vivaldi-autogr-big-rv645--204,musedata_vivaldi,musedata_stage2,ok,,5,5,0.0,1940,168,0.1
musedata_vivaldi-autogr-big-rv645,musedata_vivaldi-autogr-big-rv645--205,musedata_vivaldi,musedata_stage2,ok,,3,3,0.0,131,40,0.0
musedata_vivaldi-autogr-big-rv645,musedata_vivaldi-autogr-big-rv645--206,musedata_vivaldi,musedata_stage2,ok,,3,3,0.0,1007,181,0.1
musedata_vivaldi-autogr-big-rv645,musedata_vivaldi-autogr-big-rv645--207,musedata_vivaldi,musedata_stage2,ok,,3,3,0.0,91,24,0.0
musedata_vivaldi-autogr-big-rv645,musedata_vivaldi-autogr-big-rv645--208,musedata_vivaldi,musedata_stage2,ok,,4,4,0.0,1317,121,0.0
musedata_vivaldi-autogr-big-rv645,musedata_vivaldi-autogr-big-rv645--209,musedata_vivaldi,musedata_stage2,ok,,3,3,0.0,44,14,0.0
musedata_vivaldi-autogr-big-rv645,musedata_vivaldi-autogr-big-rv645--210,musedata_vivaldi,musedata_stage2,ok,,10,9,0.1,812,167,0.1
musedata_vivaldi-autogr-big-rv645,musedata_vivaldi-autogr-big-rv645--211,musedata_vivaldi,musedata_stage2,ok,,2,2,0.0,52,8,0.0
musedata_vivaldi-autogr-big-rv645,musedata_vivaldi-autogr-big-rv645--212,musedata_vivaldi,musedata_stage2,ok,,4,4,0.0,886,64,0.0
musedata_vivaldi-autogr-big-rv645,musedata_vivaldi-autogr-big-rv645--213,musedata_vivaldi,musedata_stage2,ok,,2,2,0.0,99,16,0.0
musedata_vivaldi-autogr-big-rv645,musedata_vivaldi-autogr-big-rv645--215,musedata_vivaldi,musedata_stage2,ok,,4,4,0.0,269,96,0.0
musedata_vivaldi-autogr-big-rv645,musedata_vivaldi-autogr-big-rv645--216,musedata_vivaldi,musedata_stage2,ok,,3,3,0.0,972,131,0.0
musedata_vivaldi-autogr-big-rv645,musedata_vivaldi-autogr-big-rv645--217,musedata_vivaldi,musedata_stage2,ok,,2,2,0.0,27,8,0.0
musedata_vivaldi-autogr-big-rv645,musedata_vivaldi-autogr-big-rv645--218,musedata_vivaldi,musedata_stage2,ok,,7,6,0.143,164,13,0.0
musedata_vivaldi-autogr-big-rv645,musedata_vivaldi-autogr-big-rv645--219,musedata_vivaldi,musedata_stage2,ok,,7,6,0.143,1523,219,0.1
musedata_vivaldi-autogr-big-rv645,musedata_vivaldi-autogr-big-rv645--220,musedata_vivaldi,musedata_stage2,ok,,5,5,0.0,287,74,0.0
musedata_vivaldi-autogr-big-rv645,musedata_vivaldi-autogr-big-rv645--221,musedata_vivaldi,musedata_stage2,ok,,3,3,0.0,120,33,0.0
musedata_vivaldi-autogr-big-rv645,musedata_vivaldi-autogr-big-rv645--222,musedata_vivaldi,musedata_stage2,ok,,3,3,0.0,718,183,0.0
musedata_vivaldi-autogr-big-rv645,musedata_vivaldi-autogr-big-rv645--223,musedata_vivaldi,musedata_stage2,ok,,2,2,0.0,175,24,0.0
musedata_vivaldi-autogr-big-rv645,musedata_vivaldi-autogr-big-rv645--224,musedata_vivaldi,musedata_stage2,ok,,5,5,0.0,2139,311,0.1
musedata_vivaldi-autogr-big-rv645,musedata_vivaldi-autogr-big-rv645--225,musedata_vivaldi,musedata_stage2,ok,,2,2,0.0,133,18,0.0
musedata_vivaldi-autogr-big-rv645,musedata_vivaldi-autogr-big-rv645--226,musedata_vivaldi,musedata_stage2,ok,,5,5,0.0,1334,198,0.1
musedata_vivaldi-autogr-big-rv645,musedata_vivaldi-autogr-big-rv645--227,musedata_vivaldi,musedata_stage2,ok,,5,5,0.0,247,145,0.1
musedata_vivaldi-autogr-big-rv645,musedata_vivaldi-autogr-big-rv645--228,musedata_vivaldi,musedata_stage2,ok,,10,10,0.0,915,107,0.1
musedata_vivaldi-dawson-op3-rv230,musedata_vivaldi-dawson-op3-rv230--01,musedata_vivaldi,musedata_stage2,ok,,2,2,0.0,908,37,0.0
musedata_vivaldi-dawson-op3-rv230,musedata_vivaldi-dawson-op3-rv230--02,musedata_vivaldi,musedata_stage2,ok,,3,2,0.333,658,6,0.1
musedata_vivaldi-dawson-op3-rv230,musedata_vivaldi-dawson-op3-rv230--03,musedata_vivaldi,musedata_stage2,ok,,3,2,0.333,980,68,0.1
musedata_vivaldi-dawson-op3-rv265,musedata_vivaldi-dawson-op3-rv265--01,musedata_vivaldi,musedata_stage2,ok,,3,2,0.333,1709,214,0.1
musedata_vivaldi-dawson-op3-rv265,musedata_vivaldi-dawson-op3-rv265--02,musedata_vivaldi,musedata_stage2,ok,,3,2,0.333,424,60,0.0
musedata_vivaldi-dawson-op3-rv265,musedata_vivaldi-dawson-op3-rv265--03,musedata_vivaldi,musedata_stage2,ok,,4,2,0.5,1111,209,0.1
musedata_vivaldi-dawson-op3-rv519,musedata_vivaldi-dawson-op3-rv519--01,musedata_vivaldi,musedata_stage2,ok,,6,3,0.5,2578,176,0.2
musedata_vivaldi-dawson-op3-rv519,musedata_vivaldi-dawson-op3-rv519--02,musedata_vivaldi,musedata_stage2,ok,,3,2,0.333,310,8,0.0
musedata_vivaldi-dawson-op3-rv519,musedata_vivaldi-dawson-op3-rv519--03,musedata_vivaldi,musedata_stage2,ok,,2,2,0.0,1375,119,0.1
musedata_vivaldi-dawson-op3-rv567,musedata_vivaldi-dawson-op3-rv567--01,musedata_vivaldi,musedata_stage2,ok,,2,2,0.0,717,48,0.0
musedata_vivaldi-dawson-op3-rv567,musedata_vivaldi-dawson-op3-rv567--02,musedata_vivaldi,musedata_stage2,ok,,3,2,0.333,1473,176,0.1
musedata_vivaldi-dawson-op3-rv567,musedata_vivaldi-dawson-op3-rv567--03,musedata_vivaldi,musedata_stage2,ok,,3,2,0.333,433,32,0.0
musedata_vivaldi-dover-op3-no01-rv549,musedata_vivaldi-dover-op3-no01-rv549--01,musedata_vivaldi,musedata_stage2,ok,,8,8,0.0,3132,1042,0.2
musedata_vivaldi-dover-op3-no01-rv549,musedata_vivaldi-dover-op3-no01-rv549--02,musedata_vivaldi,musedata_stage2,ok,,8,5,0.375,813,217,0.1
musedata_vivaldi-dover-op3-no01-rv549,musedata_vivaldi-dover-op3-no01-rv549--03,musedata_vivaldi,musedata_stage2,ok,,8,7,0.125,2283,613,0.2
musedata_vivaldi-dover-op3-no02-rv578,musedata_vivaldi-dover-op3-no02-rv578--01,musedata_vivaldi,musedata_stage2,ok,,8,8,0.0,4421,486,0.2
musedata_vivaldi-dover-op3-no02-rv578,musedata_vivaldi-dover-op3-no02-rv578--02,musedata_vivaldi,musedata_stage2,ok,,8,6,0.25,659,344,0.1
musedata_vivaldi-dover-op3-no02-rv578,musedata_vivaldi-dover-op3-no02-rv578--03,musedata_vivaldi,musedata_stage2,ok,,8,7,0.125,2446,353,0.2
musedata_vivaldi-dover-op3-no03-rv310,musedata_vivaldi-dover-op3-no03-rv310--01,musedata_vivaldi,musedata_stage2,ok,,8,7,0.125,3365,268,0.2
musedata_vivaldi-dover-op3-no03-rv310,musedata_vivaldi-dover-op3-no03-rv310--02,musedata_vivaldi,musedata_stage2,ok,,8,7,0.125,556,190,0.0
musedata_vivaldi-dover-op3-no03-rv310,musedata_vivaldi-dover-op3-no03-rv310--03,musedata_vivaldi,musedata_stage2,ok,,8,7,0.125,2403,754,0.2
musedata_vivaldi-dover-op3-no04-rv550,musedata_vivaldi-dover-op3-no04-rv550--01,musedata_vivaldi,musedata_stage2,ok,,7,6,0.143,699,156,0.0
musedata_vivaldi-dover-op3-no04-rv550,musedata_vivaldi-dover-op3-no04-rv550--02,musedata_vivaldi,musedata_stage2,ok,,7,6,0.143,2016,520,0.2
musedata_vivaldi-dover-op3-no04-rv550,musedata_vivaldi-dover-op3-no04-rv550--03,musedata_vivaldi,musedata_stage2,ok,,7,6,0.143,1960,340,0.2
musedata_vivaldi-dover-op3-no06-rv359,musedata_vivaldi-dover-op3-no06-rv359--01,musedata_vivaldi,musedata_stage2,ok,,5,4,0.2,2120,489,0.1
musedata_vivaldi-dover-op3-no06-rv359,musedata_vivaldi-dover-op3-no06-rv359--02,musedata_vivaldi,musedata_stage2,ok,,5,5,0.0,342,29,0.0
musedata_vivaldi-dover-op3-no06-rv359,musedata_vivaldi-dover-op3-no06-rv359--03,musedata_vivaldi,musedata_stage2,ok,,5,3,0.4,1449,396,0.1
musedata_vivaldi-dover-op8-01_rv269,musedata_vivaldi-dover-op8-01_rv269--1,musedata_vivaldi,musedata_stage2,ok,,5,5,0.0,3169,196,0.2
musedata_vivaldi-dover-op8-01_rv269,musedata_vivaldi-dover-op8-01_rv269--2,musedata_vivaldi,musedata_stage2,ok,,4,4,0.0,1042,82,0.0
musedata_vivaldi-dover-op8-01_rv269,musedata_vivaldi-dover-op8-01_rv269--3,musedata_vivaldi,musedata_stage2,ok,,5,5,0.0,2072,144,0.2
musedata_vivaldi-dover-op8-02_rv315,musedata_vivaldi-dover-op8-02_rv315--1,musedata_vivaldi,musedata_stage2,ok,,5,4,0.2,2904,456,0.2
musedata_vivaldi-dover-op8-02_rv315,musedata_vivaldi-dover-op8-02_rv315--2,musedata_vivaldi,musedata_stage2,ok,,5,3,0.4,502,122,0.0
musedata_vivaldi-dover-op8-02_rv315,musedata_vivaldi-dover-op8-02_rv315--3,musedata_vivaldi,musedata_stage2,ok,,6,5,0.167,4202,278,0.3
musedata_vivaldi-dover-op8-03_rv293,musedata_vivaldi-dover-op8-03_rv293--1,musedata_vivaldi,musedata_stage2,ok,,5,5,0.0,3029,421,0.2
musedata_vivaldi-dover-op8-03_rv293,musedata_vivaldi-dover-op8-03_rv293--2,musedata_vivaldi,musedata_stage2,ok,,5,4,0.2,139,9,0.0
musedata_vivaldi-dover-op8-03_rv293,musedata_vivaldi-dover-op8-03_rv293--3,musedata_vivaldi,musedata_stage2,ok,,6,6,0.0,2638,375,0.2
musedata_vivaldi-dover-op8-04_rv297,musedata_vivaldi-dover-op8-04_rv297--1,musedata_vivaldi,musedata_stage2,ok,,6,6,0.0,3458,140,0.2
musedata_vivaldi-dover-op8-04_rv297,musedata_vivaldi-dover-op8-04_rv297--2,musedata_vivaldi,musedata_stage2,ok,,6,6,0.0,1395,10,0.1
musedata_vivaldi-dover-op8-04_rv297,musedata_vivaldi-dover-op8-04_rv297--3,musedata_vivaldi,musedata_stage2,ok,,5,5,0.0,2599,367,0.2
musedata_vivaldi-dover-op8-05_rv253,musedata_vivaldi-dover-op8-05_rv253--1,musedata_vivaldi,musedata_stage2,ok,,7,7,0.0,3893,345,0.2
musedata_vivaldi-dover-op8-05_rv253,musedata_vivaldi-dover-op8-05_rv253--2,musedata_vivaldi,musedata_stage2,ok,,5,5,0.0,644,93,0.1
musedata_vivaldi-dover-op8-05_rv253,musedata_vivaldi-dover-op8-05_rv253--3,musedata_vivaldi,musedata_stage2,ok,,7,7,0.0,3414,669,0.2
musedata_vivaldi-dover-op8-06_rv180,musedata_vivaldi-dover-op8-06_rv180--1,musedata_vivaldi,musedata_stage2,ok,,6,6,0.0,2293,210,0.1
musedata_vivaldi-dover-op8-06_rv180,musedata_vivaldi-dover-op8-06_rv180--2,musedata_vivaldi,musedata_stage2,ok,,5,2,0.6,271,65,0.1
musedata_vivaldi-dover-op8-06_rv180,musedata_vivaldi-dover-op8-06_rv180--3,musedata_vivaldi,musedata_stage2,ok,,5,4,0.2,1729,369,0.1
musedata_vivaldi-dover-op8-07_rv242,musedata_vivaldi-dover-op8-07_rv242--1,musedata_vivaldi,musedata_stage2,ok,,6,5,0.167,1712,172,0.1
musedata_vivaldi-dover-op8-07_rv242,musedata_vivaldi-dover-op8-07_rv242--2,musedata_vivaldi,musedata_stage2,ok,,5,4,0.2,228,36,0.0
musedata_vivaldi-dover-op8-07_rv242,musedata_vivaldi-dover-op8-07_rv242--3,musedata_vivaldi,musedata_stage2,ok,,5,5,0.0,2372,341,0.2
musedata_vivaldi-dover-op8-08_rv332,musedata_vivaldi-dover-op8-08_rv332--1,musedata_vivaldi,musedata_stage2,ok,,5,3,0.4,1612,258,0.1
musedata_vivaldi-dover-op8-08_rv332,musedata_vivaldi-dover-op8-08_rv332--2,musedata_vivaldi,musedata_stage2,ok,,5,4,0.2,253,46,0.0
musedata_vivaldi-dover-op8-08_rv332,musedata_vivaldi-dover-op8-08_rv332--3,musedata_vivaldi,musedata_stage2,ok,,7,7,0.0,2768,385,0.2
musedata_vivaldi-dover-op8-09_rv236,musedata_vivaldi-dover-op8-09_rv236--1,musedata_vivaldi,musedata_stage2,ok,,5,5,0.0,2103,230,0.1
musedata_vivaldi-dover-op8-09_rv236,musedata_vivaldi-dover-op8-09_rv236--2,musedata_vivaldi,musedata_stage2,ok,,2,2,0.0,256,7,0.0
musedata_vivaldi-dover-op8-09_rv236,musedata_vivaldi-dover-op8-09_rv236--3,musedata_vivaldi,musedata_stage2,ok,,5,4,0.2,1714,129,0.1
musedata_vivaldi-dover-op8-10_rv362,musedata_vivaldi-dover-op8-10_rv362--1,musedata_vivaldi,musedata_stage2,ok,,5,5,0.0,2725,451,0.2
musedata_vivaldi-dover-op8-10_rv362,musedata_vivaldi-dover-op8-10_rv362--2,musedata_vivaldi,musedata_stage2,ok,,2,2,0.0,140,10,0.0
musedata_vivaldi-dover-op8-10_rv362,musedata_vivaldi-dover-op8-10_rv362--3,musedata_vivaldi,musedata_stage2,ok,,6,5,0.167,1753,340,0.2
musedata_vivaldi-dover-op8-11_rv210,musedata_vivaldi-dover-op8-11_rv210--1,musedata_vivaldi,musedata_stage2,ok,,8,8,0.0,3419,422,0.2
musedata_vivaldi-dover-op8-11_rv210,musedata_vivaldi-dover-op8-11_rv210--2,musedata_vivaldi,musedata_stage2,ok,,4,4,0.0,607,17,0.0
musedata_vivaldi-dover-op8-11_rv210,musedata_vivaldi-dover-op8-11_rv210--3,musedata_vivaldi,musedata_stage2,ok,,10,10,0.0,3342,702,0.2
musedata_vivaldi-dover-op8-12_rv178,musedata_vivaldi-dover-op8-12_rv178--1,musedata_vivaldi,musedata_stage2,ok,,5,5,0.0,3085,146,0.2
musedata_vivaldi-dover-op8-12_rv178,musedata_vivaldi-dover-op8-12_rv178--2,musedata_vivaldi,musedata_stage2,ok,,2,2,0.0,158,0,0.0
musedata_vivaldi-dover-op8-12_rv178,musedata_vivaldi-dover-op8-12_rv178--3,musedata_vivaldi,musedata_stage2,ok,,5,5,0.0,3048,241,0.2
musedata_vivaldi-lecene-op09-no01,musedata_vivaldi-lecene-op09-no01--01,musedata_vivaldi,musedata_stage2,ok,,7,4,0.429,2073,420,0.2
musedata_vivaldi-lecene-op09-no01,musedata_vivaldi-lecene-op09-no01--02,musedata_vivaldi,musedata_stage2,ok,,3,2,0.333,122,26,0.0
musedata_vivaldi-lecene-op09-no01,musedata_vivaldi-lecene-op09-no01--03,musedata_vivaldi,musedata_stage2,ok,,7,6,0.143,2058,729,0.2
musedata_vivaldi-lecene-op09-no02,musedata_vivaldi-lecene-op09-no02--01,musedata_vivaldi,musedata_stage2,ok,,7,5,0.286,2802,513,0.2
musedata_vivaldi-lecene-op09-no02,musedata_vivaldi-lecene-op09-no02--02,musedata_vivaldi,musedata_stage2,ok,,3,2,0.333,352,49,0.0
musedata_vivaldi-lecene-op09-no02,musedata_vivaldi-lecene-op09-no02--03,musedata_vivaldi,musedata_stage2,ok,,7,4,0.429,1978,502,0.2
musedata_vivaldi-lecene-op09-no03,musedata_vivaldi-lecene-op09-no03--01,musedata_vivaldi,musedata_stage2,ok,,7,6,0.143,2627,364,0.2
musedata_vivaldi-lecene-op09-no03,musedata_vivaldi-lecene-op09-no03--02,musedata_vivaldi,musedata_stage2,ok,,4,2,0.5,514,24,0.0
musedata_vivaldi-lecene-op09-no03,musedata_vivaldi-lecene-op09-no03--03,musedata_vivaldi,musedata_stage2,ok,,7,6,0.143,2020,518,0.2
musedata_vivaldi-lecene-op09-no04,musedata_vivaldi-lecene-op09-no04--01,musedata_vivaldi,musedata_stage2,ok,,7,5,0.286,3909,577,0.2
musedata_vivaldi-lecene-op09-no04,musedata_vivaldi-lecene-op09-no04--02,musedata_vivaldi,musedata_stage2,ok,,4,2,0.5,351,80,0.0
musedata_vivaldi-lecene-op09-no04,musedata_vivaldi-lecene-op09-no04--03,musedata_vivaldi,musedata_stage2,ok,,7,6,0.143,2179,576,0.2
musedata_vivaldi-lecene-op09-no05,musedata_vivaldi-lecene-op09-no05--01,musedata_vivaldi,musedata_stage2,ok,,7,5,0.286,2779,661,0.2
musedata_vivaldi-lecene-op09-no05,musedata_vivaldi-lecene-op09-no05--02,musedata_vivaldi,musedata_stage2,ok,,7,6,0.143,2922,487,0.2
musedata_vivaldi-lecene-op09-no06,musedata_vivaldi-lecene-op09-no06--01,musedata_vivaldi,musedata_stage2,ok,,7,5,0.286,3187,520,0.2
musedata_vivaldi-lecene-op09-no06,musedata_vivaldi-lecene-op09-no06--01a,musedata_vivaldi,musedata_stage2,ok,,7,5,0.286,3189,520,0.2
musedata_vivaldi-lecene-op09-no06,musedata_vivaldi-lecene-op09-no06--02,musedata_vivaldi,musedata_stage2,ok,,8,6,0.25,1098,230,0.1
musedata_vivaldi-lecene-op09-no06,musedata_vivaldi-lecene-op09-no06--02x,musedata_vivaldi,musedata_stage2,ok,,8,6,0.25,1145,230,0.1
musedata_vivaldi-lecene-op09-no06,musedata_vivaldi-lecene-op09-no06--03,musedata_vivaldi,musedata_stage2,ok,,7,5,0.286,4142,1331,0.3
musedata_vivaldi-lecene-op09-no07,musedata_vivaldi-lecene-op09-no07--01,musedata_vivaldi,musedata_stage2,ok,,7,6,0.143,2446,636,0.2
musedata_vivaldi-lecene-op09-no07,musedata_vivaldi-lecene-op09-no07--02,musedata_vivaldi,musedata_stage2,ok,,3,3,0.0,418,36,0.0
musedata_vivaldi-lecene-op09-no07,musedata_vivaldi-lecene-op09-no07--03,musedata_vivaldi,musedata_stage2,ok,,7,5,0.286,2302,438,0.2
musedata_vivaldi-lecene-op09-no08,musedata_vivaldi-lecene-op09-no08--01,musedata_vivaldi,musedata_stage2,ok,,7,5,0.286,2374,483,0.2
musedata_vivaldi-lecene-op09-no08,musedata_vivaldi-lecene-op09-no08--02,musedata_vivaldi,musedata_stage2,ok,,7,6,0.143,459,186,0.0
musedata_vivaldi-lecene-op09-no08,musedata_vivaldi-lecene-op09-no08--03,musedata_vivaldi,musedata_stage2,ok,,7,5,0.286,2171,465,0.2
musedata_vivaldi-lecene-op09-no09,musedata_vivaldi-lecene-op09-no09--01,musedata_vivaldi,musedata_stage2,ok,,8,6,0.25,3378,476,0.2
musedata_vivaldi-lecene-op09-no09,musedata_vivaldi-lecene-op09-no09--02,musedata_vivaldi,musedata_stage2,fail,ValueError: invalid literal for int() with base 10: '\r',,,,,,0.0
musedata_vivaldi-lecene-op09-no09,musedata_vivaldi-lecene-op09-no09--03,musedata_vivaldi,musedata_stage2,ok,,8,5,0.375,2007,558,0.2
musedata_vivaldi-lecene-op09-no10,musedata_vivaldi-lecene-op09-no10--01,musedata_vivaldi,musedata_stage2,ok,,7,6,0.143,3432,910,0.3
musedata_vivaldi-lecene-op09-no10,musedata_vivaldi-lecene-op09-no10--02,musedata_vivaldi,musedata_stage2,ok,,4,2,0.5,368,22,0.0
musedata_vivaldi-lecene-op09-no10,musedata_vivaldi-lecene-op09-no10--03,musedata_vivaldi,musedata_stage2,ok,,7,5,0.286,2426,367,0.2
musedata_vivaldi-lecene-op09-no11,musedata_vivaldi-lecene-op09-no11--01,musedata_vivaldi,musedata_stage2,ok,,7,6,0.143,3371,422,0.2
musedata_vivaldi-lecene-op09-no11,musedata_vivaldi-lecene-op09-no11--02,musedata_vivaldi,musedata_stage2,ok,,7,5,0.286,393,60,0.0
musedata_vivaldi-lecene-op09-no11,musedata_vivaldi-lecene-op09-no11--03,musedata_vivaldi,musedata_stage2,ok,,7,6,0.143,2412,529,0.2
musedata_vivaldi-lecene-op09-no12,musedata_vivaldi-lecene-op09-no12--01,musedata_vivaldi,musedata_stage2,ok,,7,5,0.286,3767,399,0.2
musedata_vivaldi-lecene-op09-no12,musedata_vivaldi-lecene-op09-no12--01scord,musedata_vivaldi,musedata_stage2,ok,,7,5,0.286,3767,399,0.2
musedata_vivaldi-lecene-op09-no12,musedata_vivaldi-lecene-op09-no12--02,musedata_vivaldi,musedata_stage2,ok,,6,2,0.667,374,119,0.0
musedata_vivaldi-lecene-op09-no12,musedata_vivaldi-lecene-op09-no12--02scord,musedata_vivaldi,musedata_stage2,ok,,6,2,0.667,374,119,0.1
musedata_vivaldi-lecene-op09-no12,musedata_vivaldi-lecene-op09-no12--03,musedata_vivaldi,musedata_stage2,ok,,8,6,0.25,2792,559,0.2
musedata_vivaldi-lecene-op09-no12,musedata_vivaldi-lecene-op09-no12--03scord,musedata_vivaldi,musedata_stage2,ok,,8,7,0.125,4046,559,0.3
musedata_vivaldi-lecene-op10-rv428_03,musedata_vivaldi-lecene-op10-rv428_03--01,musedata_vivaldi,musedata_stage2,ok,,5,5,0.0,2767,368,0.2
musedata_vivaldi-lecene-op10-rv428_03,musedata_vivaldi-lecene-op10-rv428_03--02,musedata_vivaldi,musedata_stage2,ok,,5,2,0.6,200,6,0.0
musedata_vivaldi-lecene-op10-rv428_03,musedata_vivaldi-lecene-op10-rv428_03--03,musedata_vivaldi,musedata_stage2,ok,,11,5,0.545,2151,955,0.3
musedata_vivaldi-lecene-op10-rv433_01,musedata_vivaldi-lecene-op10-rv433_01--01,musedata_vivaldi,musedata_stage2,ok,,6,5,0.167,3561,179,0.2
musedata_vivaldi-lecene-op10-rv433_01,musedata_vivaldi-lecene-op10-rv433_01--02,musedata_vivaldi,musedata_stage2,ok,,6,2,0.667,325,56,0.0
musedata_vivaldi-lecene-op10-rv433_01,musedata_vivaldi-lecene-op10-rv433_01--03,musedata_vivaldi,musedata_stage2,ok,,6,5,0.167,2346,271,0.2
musedata_vivaldi-lecene-op10-rv434_05,musedata_vivaldi-lecene-op10-rv434_05--01,musedata_vivaldi,musedata_stage2,ok,,11,5,0.545,1732,1003,0.2
musedata_vivaldi-lecene-op10-rv434_05,musedata_vivaldi-lecene-op10-rv434_05--02,musedata_vivaldi,musedata_stage2,ok,,9,4,0.556,671,673,0.1
musedata_vivaldi-lecene-op10-rv434_05,musedata_vivaldi-lecene-op10-rv434_05--03,musedata_vivaldi,musedata_stage2,ok,,11,5,0.545,1125,563,0.2
musedata_vivaldi-lecene-op10-rv435_04,musedata_vivaldi-lecene-op10-rv435_04--01,musedata_vivaldi,musedata_stage2,ok,,11,5,0.545,1794,898,0.3
musedata_vivaldi-lecene-op10-rv435_04,musedata_vivaldi-lecene-op10-rv435_04--02,musedata_vivaldi,musedata_stage2,ok,,11,5,0.545,401,169,0.0
musedata_vivaldi-lecene-op10-rv435_04,musedata_vivaldi-lecene-op10-rv435_04--03,musedata_vivaldi,musedata_stage2,ok,,11,4,0.636,1178,442,0.2
musedata_vivaldi-lecene-op10-rv437_06,musedata_vivaldi-lecene-op10-rv437_06--01,musedata_vivaldi,musedata_stage2,ok,,11,5,0.545,2810,704,0.3
musedata_vivaldi-lecene-op10-rv437_06,musedata_vivaldi-lecene-op10-rv437_06--02,musedata_vivaldi,musedata_stage2,ok,,11,5,0.545,414,72,0.0
musedata_vivaldi-lecene-op10-rv437_06,musedata_vivaldi-lecene-op10-rv437_06--03,musedata_vivaldi,musedata_stage2,ok,,11,5,0.545,2153,526,0.3
musedata_vivaldi-lecene-op10-rv439_02,musedata_vivaldi-lecene-op10-rv439_02--01,musedata_vivaldi,musedata_stage2,ok,,6,5,0.167,646,101,0.1
musedata_vivaldi-lecene-op10-rv439_02,musedata_vivaldi-lecene-op10-rv439_02--02,musedata_vivaldi,musedata_stage2,ok,,6,5,0.167,1511,108,0.1
musedata_vivaldi-lecene-op10-rv439_02,musedata_vivaldi-lecene-op10-rv439_02--03,musedata_vivaldi,musedata_stage2,ok,,6,4,0.333,1031,159,0.1
musedata_vivaldi-lecene-op10-rv439_02,musedata_vivaldi-lecene-op10-rv439_02--04,musedata_vivaldi,musedata_stage2,ok,,5,4,0.2,82,9,0.1
musedata_vivaldi-lecene-op10-rv439_02,musedata_vivaldi-lecene-op10-rv439_02--05,musedata_vivaldi,musedata_stage2,ok,,6,5,0.167,2352,137,0.1
musedata_vivaldi-lecene-op11-01rv207,musedata_vivaldi-lecene-op11-01rv207--02xx,musedata_vivaldi,musedata_stage2,fail,ValueError: invalid literal for int() with base 10: '',,,,,,0.0
musedata_vivaldi-lecene-op12-01,musedata_vivaldi-lecene-op12-01--02,musedata_vivaldi,musedata_stage2,ok,,7,6,0.143,1123,223,0.1
musedata_vivaldi-lecene-op12-01,musedata_vivaldi-lecene-op12-01--03,musedata_vivaldi,musedata_stage2,ok,,7,6,0.143,2762,620,0.2
musedata_vivaldi-lecene-op3-rv522,musedata_vivaldi-lecene-op3-rv522--1,musedata_vivaldi,musedata_stage2,ok,,8,6,0.25,3659,506,0.2
musedata_vivaldi-lecene-op3-rv522,musedata_vivaldi-lecene-op3-rv522--2,musedata_vivaldi,musedata_stage2,ok,,8,3,0.625,714,311,0.1
musedata_vivaldi-lecene-op3-rv522,musedata_vivaldi-lecene-op3-rv522--3,musedata_vivaldi,musedata_stage2,ok,,8,6,0.25,3354,830,0.2
musedata_vivaldi-lecene-op3-rv565,musedata_vivaldi-lecene-op3-rv565--1,musedata_vivaldi,musedata_stage2,ok,,8,7,0.125,3177,470,0.2
musedata_vivaldi-lecene-op3-rv565,musedata_vivaldi-lecene-op3-rv565--2,musedata_vivaldi,musedata_stage2,ok,,8,5,0.375,873,33,0.0
musedata_vivaldi-lecene-op3-rv565,musedata_vivaldi-lecene-op3-rv565--3,musedata_vivaldi,musedata_stage2,ok,,8,7,0.125,2501,523,0.2
musedata_vivaldi-lecene-op3-rv580,musedata_vivaldi-lecene-op3-rv580--1,musedata_vivaldi,musedata_stage2,ok,,8,8,0.0,3909,825,0.2
musedata_vivaldi-lecene-op3-rv580,musedata_vivaldi-lecene-op3-rv580--2,musedata_vivaldi,musedata_stage2,ok,,8,7,0.125,1462,139,0.1
musedata_vivaldi-lecene-op3-rv580,musedata_vivaldi-lecene-op3-rv580--3,musedata_vivaldi,musedata_stage2,ok,,8,8,0.0,4314,791,0.3
musedata_vivaldi-micro-misc-rv444,musedata_vivaldi-micro-misc-rv444--01,musedata_vivaldi,musedata_stage2,ok,,11,5,0.545,2728,491,0.3
musedata_vivaldi-micro-misc-rv444,musedata_vivaldi-micro-misc-rv444--02,musedata_vivaldi,musedata_stage2,ok,,10,5,0.5,872,60,0.1
musedata_vivaldi-micro-misc-rv444,musedata_vivaldi-micro-misc-rv444--03,musedata_vivaldi,musedata_stage2,ok,,11,5,0.545,1866,744,0.3
musedata_vivaldi-micro-op10-rv090_3A,musedata_vivaldi-micro-op10-rv090_3A--01,musedata_vivaldi,musedata_stage2,ok,,10,5,0.5,3437,792,0.3
musedata_vivaldi-micro-op10-rv090_3A,musedata_vivaldi-micro-op10-rv090_3A--02,musedata_vivaldi,musedata_stage2,ok,,4,2,0.5,200,6,0.1
musedata_vivaldi-micro-op10-rv090_3A,musedata_vivaldi-micro-op10-rv090_3A--03,musedata_vivaldi,musedata_stage2,ok,,10,4,0.6,2445,1064,0.3
musedata_vivaldi-micro-op10-rv101_6A,musedata_vivaldi-micro-op10-rv101_6A--01,musedata_vivaldi,musedata_stage2,fail,MuseDataException: cannot process bar data definition:  asure,,,,,,0.1
musedata_vivaldi-micro-op10-rv101_6A,musedata_vivaldi-micro-op10-rv101_6A--02,musedata_vivaldi,musedata_stage2,ok,,10,5,0.5,414,72,0.0
musedata_vivaldi-micro-op10-rv101_6A,musedata_vivaldi-micro-op10-rv101_6A--03,musedata_vivaldi,musedata_stage2,fail,MuseDataException: cannot process bar data definition: 3asure,,,,,,0.0
musedata_vivaldi-micro-op10-rv442_5A,musedata_vivaldi-micro-op10-rv442_5A--01,musedata_vivaldi,musedata_stage2,ok,,5,5,0.0,1413,424,0.1
musedata_vivaldi-micro-op10-rv442_5A,musedata_vivaldi-micro-op10-rv442_5A--02,musedata_vivaldi,musedata_stage2,ok,,9,4,0.556,328,471,0.0
musedata_vivaldi-micro-op10-rv442_5A,musedata_vivaldi-micro-op10-rv442_5A--03,musedata_vivaldi,musedata_stage2,ok,,5,5,0.0,1126,241,0.1
musedata_vivaldi-micro-op10-rv501_2C,musedata_vivaldi-micro-op10-rv501_2C--01,musedata_vivaldi,musedata_stage2,ok,,10,5,0.5,599,108,0.1
musedata_vivaldi-micro-op10-rv501_2C,musedata_vivaldi-micro-op10-rv501_2C--02,musedata_vivaldi,musedata_stage2,ok,,10,5,0.5,1572,272,0.1
musedata_vivaldi-micro-op10-rv501_2C,musedata_vivaldi-micro-op10-rv501_2C--03,musedata_vivaldi,musedata_stage2,ok,,10,4,0.6,364,0,0.0
musedata_vivaldi-micro-op10-rv501_2C,musedata_vivaldi-micro-op10-rv501_2C--04,musedata_vivaldi,musedata_stage2,ok,,10,5,0.5,231,30,0.0
musedata_vivaldi-micro-op10-rv501_2C,musedata_vivaldi-micro-op10-rv501_2C--05,musedata_vivaldi,musedata_stage2,ok,,10,5,0.5,1750,412,0.2
musedata_vivaldi-micro-op10-rv501_2C,musedata_vivaldi-micro-op10-rv501_2C--old01,musedata_vivaldi,musedata_stage2,ok,,10,5,0.5,599,108,0.1
musedata_vivaldi-micro-op10-rv570_1B,musedata_vivaldi-micro-op10-rv570_1B--01,musedata_vivaldi,musedata_stage2,ok,,17,7,0.588,4570,504,0.5
musedata_vivaldi-micro-op10-rv570_1B,musedata_vivaldi-micro-op10-rv570_1B--02,musedata_vivaldi,musedata_stage2,ok,,14,2,0.857,246,223,0.1
musedata_vivaldi-micro-op10-rv570_1B,musedata_vivaldi-micro-op10-rv570_1B--03,musedata_vivaldi,musedata_stage2,ok,,14,7,0.5,3166,732,0.5
musedata_vivaldi-micro-op7-rv465_01,musedata_vivaldi-micro-op7-rv465_01--01,musedata_vivaldi,musedata_stage2,ok,,6,5,0.167,1419,425,0.1
musedata_vivaldi-op5-rv18_01,musedata_vivaldi-op5-rv18_01--01,musedata_vivaldi,musedata_stage2,ok,,2,2,0.0,440,4,0.0
musedata_vivaldi-op5-rv18_01,musedata_vivaldi-op5-rv18_01--02,musedata_vivaldi,musedata_stage2,ok,,2,2,0.0,269,0,0.0
musedata_vivaldi-op5-rv18_01,musedata_vivaldi-op5-rv18_01--03,musedata_vivaldi,musedata_stage2,ok,,2,2,0.0,181,30,0.0
musedata_vivaldi-op5-rv18_01,musedata_vivaldi-op5-rv18_01--04,musedata_vivaldi,musedata_stage2,ok,,2,2,0.0,563,43,0.0
musedata_vivaldi-op5-rv30_02,musedata_vivaldi-op5-rv30_02--01,musedata_vivaldi,musedata_stage2,ok,,2,2,0.0,231,26,0.0
musedata_vivaldi-op5-rv30_02,musedata_vivaldi-op5-rv30_02--02,musedata_vivaldi,musedata_stage2,ok,,2,2,0.0,502,2,0.0
musedata_vivaldi-op5-rv30_02,musedata_vivaldi-op5-rv30_02--03,musedata_vivaldi,musedata_stage2,ok,,2,2,0.0,421,13,0.0
musedata_vivaldi-op5-rv35_04,musedata_vivaldi-op5-rv35_04--01,musedata_vivaldi,musedata_stage2,ok,,2,2,0.0,336,20,0.0
musedata_vivaldi-op5-rv35_04,musedata_vivaldi-op5-rv35_04--02,musedata_vivaldi,musedata_stage2,ok,,2,2,0.0,680,39,0.1
musedata_vivaldi-op5-rv35_04,musedata_vivaldi-op5-rv35_04--03,musedata_vivaldi,musedata_stage2,ok,,2,2,0.0,538,9,0.0
musedata_vivaldi-op5-rv72_06,musedata_vivaldi-op5-rv72_06--01,musedata_vivaldi,musedata_stage2,ok,,3,3,0.0,464,8,0.0
musedata_vivaldi-op5-rv72_06,musedata_vivaldi-op5-rv72_06--02,musedata_vivaldi,musedata_stage2,ok,,3,3,0.0,547,89,0.0
musedata_vivaldi-op5-rv72_06,musedata_vivaldi-op5-rv72_06--03,musedata_vivaldi,musedata_stage2,ok,,3,3,0.0,196,2,0.0
musedata_vivaldi-op5-rv76_05,musedata_vivaldi-op5-rv76_05--01,musedata_vivaldi,musedata_stage2,ok,,3,3,0.0,353,28,0.0
musedata_vivaldi-op5-rv76_05,musedata_vivaldi-op5-rv76_05--02,musedata_vivaldi,musedata_stage2,ok,,3,3,0.0,987,105,0.0
musedata_vivaldi-op5-rv76_05,musedata_vivaldi-op5-rv76_05--03,musedata_vivaldi,musedata_stage2,ok,,3,3,0.0,755,20,0.0
musedata_vivaldi-roger-op1-no01,musedata_vivaldi-roger-op1-no01--01,musedata_vivaldi,musedata_stage2,ok,,4,3,0.25,220,12,0.0
musedata_vivaldi-roger-op1-no01,musedata_vivaldi-roger-op1-no01--02,musedata_vivaldi,musedata_stage2,ok,,4,3,0.25,555,68,0.0
musedata_vivaldi-roger-op1-no01,musedata_vivaldi-roger-op1-no01--03,musedata_vivaldi,musedata_stage2,ok,,4,3,0.25,182,3,0.0
musedata_vivaldi-roger-op1-no01,musedata_vivaldi-roger-op1-no01--04,musedata_vivaldi,musedata_stage2,ok,,4,3,0.25,281,74,0.0
musedata_vivaldi-roger-op1-no01,musedata_vivaldi-roger-op1-no01--05,musedata_vivaldi,musedata_stage2,ok,,4,3,0.25,105,4,0.1
musedata_vivaldi-roger-op2-no01,musedata_vivaldi-roger-op2-no01--01,musedata_vivaldi,musedata_stage2,ok,,2,2,0.0,306,26,0.0
musedata_vivaldi-roger-op2-no01,musedata_vivaldi-roger-op2-no01--02,musedata_vivaldi,musedata_stage2,ok,,2,2,0.0,504,23,0.0
musedata_vivaldi-roger-op2-no01,musedata_vivaldi-roger-op2-no01--03,musedata_vivaldi,musedata_stage2,ok,,2,2,0.0,221,8,0.0
musedata_vivaldi-roger-op2-no01,musedata_vivaldi-roger-op2-no01--04,musedata_vivaldi,musedata_stage2,ok,,2,2,0.0,394,16,0.0
musedata_vivaldi-roger-op4-no01,musedata_vivaldi-roger-op4-no01--01,musedata_vivaldi,musedata_stage2,ok,,5,5,0.0,3365,242,0.2
musedata_vivaldi-roger-op4-no01,musedata_vivaldi-roger-op4-no01--02,musedata_vivaldi,musedata_stage2,ok,,5,4,0.2,850,0,0.1
musedata_vivaldi-roger-op4-no01,musedata_vivaldi-roger-op4-no01--03,musedata_vivaldi,musedata_stage2,ok,,5,4,0.2,1943,222,0.1
osl-4910391,osl-4904021,openscore_lieder,musicxml_mxl,ok,,3,3,0.0,433,27,0.1
osl-5101059,osl-4919673,openscore_lieder,musicxml_mxl,ok,,3,3,0.0,1577,252,0.3
osl-5016673,osl-4919798,openscore_lieder,musicxml_mxl,ok,,3,3,0.0,465,103,0.1
osl-5032890,osl-4919879,openscore_lieder,musicxml_mxl,ok,,3,3,0.0,835,42,0.1
osl-5032870,osl-4920211,openscore_lieder,musicxml_mxl,ok,,3,3,0.0,902,313,0.3
osl-5032872,osl-4926375,openscore_lieder,musicxml_mxl,ok,,3,3,0.0,498,162,0.1
osl-5032875,osl-4928153,openscore_lieder,musicxml_mxl,ok,,3,3,0.0,240,23,0.0
osl-5013942,osl-4928198,openscore_lieder,musicxml_mxl,ok,,3,3,0.0,644,35,0.1
osl-5032876,osl-4945676,openscore_lieder,musicxml_mxl,ok,,3,3,0.0,1078,100,0.2
osl-5013942,osl-4945807,openscore_lieder,musicxml_mxl,ok,,3,3,0.0,403,190,0.1
osl-5032881,osl-4945954,openscore_lieder,musicxml_mxl,ok,,3,3,0.0,584,143,0.1
osl-5013942,osl-4946077,openscore_lieder,musicxml_mxl,ok,,3,3,0.0,493,136,0.1
osl-5032882,osl-4946175,openscore_lieder,musicxml_mxl,ok,,3,3,0.0,889,203,0.2
osl-5013857,osl-4946239,openscore_lieder,musicxml_mxl,ok,,3,3,0.0,515,31,0.1
osl-5032884,osl-4946378,openscore_lieder,musicxml_mxl,ok,,3,3,0.0,246,33,0.0
osl-5032885,osl-4976604,openscore_lieder,musicxml_mxl,ok,,3,3,0.0,559,96,0.1
osl-5032887,osl-4976646,openscore_lieder,musicxml_mxl,ok,,3,3,0.0,292,72,0.1
osl-5032888,osl-4976682,openscore_lieder,musicxml_mxl,ok,,3,3,0.0,319,54,0.1
osl-5003152,osl-4976769,openscore_lieder,musicxml_mxl,ok,,3,3,0.0,172,25,0.0
osl-5003152,osl-4976777,openscore_lieder,musicxml_mxl,ok,,3,3,0.0,377,67,0.1
osl-5003152,osl-4976849,openscore_lieder,musicxml_mxl,ok,,3,3,0.0,260,135,0.0
osl-5003152,osl-4978368,openscore_lieder,musicxml_mxl,ok,,3,3,0.0,249,30,0.0
osl-5003152,osl-4978373,openscore_lieder,musicxml_mxl,ok,,3,3,0.0,579,20,0.0
osl-5003152,osl-4978379,openscore_lieder,musicxml_mxl,ok,,3,3,0.0,440,63,0.1
osl-5003152,osl-4978382,openscore_lieder,musicxml_mxl,ok,,3,3,0.0,496,37,0.1
osl-5003152,osl-4978387,openscore_lieder,musicxml_mxl,ok,,3,3,0.0,1206,34,0.1
osl-5003152,osl-4978390,openscore_lieder,musicxml_mxl,ok,,3,3,0.0,914,62,0.2
osl-5003152,osl-4978393,openscore_lieder,musicxml_mxl,ok,,3,3,0.0,369,174,0.1
osl-5003152,osl-4978395,openscore_lieder,musicxml_mxl,ok,,3,3,0.0,484,191,0.1
osl-5003152,osl-4978396,openscore_lieder,musicxml_mxl,ok,,3,3,0.0,215,228,0.1
osl-5003152,osl-4978397,openscore_lieder,musicxml_mxl,ok,,3,3,0.0,272,53,0.0
osl-5003152,osl-4978398,openscore_lieder,musicxml_mxl,ok,,3,3,0.0,878,210,0.2
osl-5003152,osl-4978400,openscore_lieder,musicxml_mxl,ok,,3,3,0.0,1022,73,0.1
osl-5016693,osl-4978468,openscore_lieder,musicxml_mxl,ok,,3,3,0.0,388,64,0.1
osl-5016693,osl-4978478,openscore_lieder,musicxml_mxl,ok,,3,3,0.0,1096,60,0.2
osl-5016693,osl-4978485,openscore_lieder,musicxml_mxl,ok,,3,3,0.0,356,135,0.1
osl-5016693,osl-4978488,openscore_lieder,musicxml_mxl,ok,,3,3,0.0,855,38,0.1
osl-5016693,osl-4978491,openscore_lieder,musicxml_mxl,ok,,3,3,0.0,1015,57,0.2
osl-5096872,osl-4978492,openscore_lieder,musicxml_mxl,ok,,3,3,0.0,1561,108,0.2
osl-5016693,osl-4978494,openscore_lieder,musicxml_mxl,ok,,3,3,0.0,619,62,0.1
osl-5016693,osl-4978496,openscore_lieder,musicxml_mxl,ok,,3,3,0.0,837,92,0.1
osl-5016693,osl-4978501,openscore_lieder,musicxml_mxl,ok,,3,3,0.0,328,82,0.1
osl-5004836,osl-4978506,openscore_lieder,musicxml_mxl,ok,,3,3,0.0,2508,699,0.3
osl-5032890,osl-4981984,openscore_lieder,musicxml_mxl,ok,,3,3,0.0,412,115,0.1
osl-5032891,osl-4982465,openscore_lieder,musicxml_mxl,ok,,3,3,0.0,520,116,0.1
osl-5032890,osl-4982491,openscore_lieder,musicxml_mxl,ok,,3,3,0.0,663,64,0.2
osl-5032891,osl-4982505,openscore_lieder,musicxml_mxl,ok,,3,3,0.0,776,77,0.2
osl-5004732,osl-4982535,openscore_lieder,musicxml_mxl,ok,,3,3,0.0,1611,33,0.1
osl-5004732,osl-4985922,openscore_lieder,musicxml_mxl,ok,,3,3,0.0,863,60,0.1
osl-5004732,osl-4985924,openscore_lieder,musicxml_mxl,ok,,3,3,0.0,1203,217,0.1
osl-5004732,osl-4985925,openscore_lieder,musicxml_mxl,ok,,3,3,0.0,664,36,0.1
osl-5004732,osl-4985927,openscore_lieder,musicxml_mxl,ok,,3,3,0.0,463,48,0.0
osl-5004732,osl-4985930,openscore_lieder,musicxml_mxl,ok,,3,3,0.0,702,107,0.1
osl-5004732,osl-4985931,openscore_lieder,musicxml_mxl,ok,,3,3,0.0,532,46,0.1
osl-5004732,osl-4985932,openscore_lieder,musicxml_mxl,ok,,3,3,0.0,237,31,0.0
osl-5004732,osl-4985934,openscore_lieder,musicxml_mxl,ok,,3,3,0.0,1078,118,0.2
osl-5004732,osl-4985935,openscore_lieder,musicxml_mxl,ok,,3,3,0.0,375,26,0.1
osl-5004732,osl-4985937,openscore_lieder,musicxml_mxl,ok,,3,3,0.0,855,175,0.1
osl-5004732,osl-4985938,openscore_lieder,musicxml_mxl,ok,,3,3,0.0,1822,48,0.2
osl-5004732,osl-4985940,openscore_lieder,musicxml_mxl,ok,,3,3,0.0,254,47,0.0
osl-5004732,osl-4985946,openscore_lieder,musicxml_mxl,ok,,3,3,0.0,853,88,0.2
osl-5004732,osl-4985949,openscore_lieder,musicxml_mxl,ok,,3,3,0.0,790,155,0.1
osl-5004732,osl-4985951,openscore_lieder,musicxml_mxl,ok,,3,3,0.0,396,127,0.1
osl-5004836,osl-4985962,openscore_lieder,musicxml_mxl,ok,,3,3,0.0,1613,249,0.2
osl-5004836,osl-4985964,openscore_lieder,musicxml_mxl,ok,,3,3,0.0,266,54,0.1
osl-5004836,osl-4985965,openscore_lieder,musicxml_mxl,ok,,3,3,0.0,582,51,0.1
osl-5004836,osl-4985973,openscore_lieder,musicxml_mxl,ok,,3,3,0.0,670,131,0.1
osl-5004836,osl-4985984,openscore_lieder,musicxml_mxl,ok,,3,3,0.0,326,40,0.0
osl-5004836,osl-4985985,openscore_lieder,musicxml_mxl,ok,,3,3,0.0,612,151,0.2
osl-5004836,osl-4985987,openscore_lieder,musicxml_mxl,ok,,3,3,0.0,1377,52,0.3
osl-5004836,osl-4985990,openscore_lieder,musicxml_mxl,ok,,3,3,0.0,1452,83,0.4
osl-5004836,osl-4985999,openscore_lieder,musicxml_mxl,ok,,3,3,0.0,729,223,0.2
osl-5004836,osl-4986000,openscore_lieder,musicxml_mxl,ok,,3,3,0.0,1343,326,0.3
osl-5016683,osl-4986023,openscore_lieder,musicxml_mxl,ok,,3,3,0.0,225,15,0.0
osl-5016683,osl-4986026,openscore_lieder,musicxml_mxl,ok,,3,3,0.0,155,29,0.0
osl-5016683,osl-4986030,openscore_lieder,musicxml_mxl,ok,,3,3,0.0,358,51,0.0
osl-5003125,osl-4987618,openscore_lieder,musicxml_mxl,ok,,3,3,0.0,324,51,0.1
osl-5003125,osl-4987626,openscore_lieder,musicxml_mxl,ok,,3,3,0.0,747,170,0.2
osl-5003125,osl-4987633,openscore_lieder,musicxml_mxl,ok,,3,3,0.0,386,174,0.1
osl-5003125,osl-4987640,openscore_lieder,musicxml_mxl,ok,,3,3,0.0,704,91,0.1
osl-5003125,osl-4987650,openscore_lieder,musicxml_mxl,ok,,3,3,0.0,646,340,0.1
osl-5003125,osl-4987658,openscore_lieder,musicxml_mxl,ok,,3,3,0.0,377,23,0.1
osl-5003125,osl-4987661,openscore_lieder,musicxml_mxl,ok,,3,3,0.0,619,113,0.1
osl-5003125,osl-4987664,openscore_lieder,musicxml_mxl,ok,,3,3,0.0,463,60,0.1
osl-5003125,osl-4987672,openscore_lieder,musicxml_mxl,ok,,3,3,0.0,524,80,0.1
osl-5003125,osl-4987677,openscore_lieder,musicxml_mxl,ok,,3,3,0.0,744,67,0.2
osl-5016678,osl-4988600,openscore_lieder,musicxml_mxl,ok,,3,3,0.0,565,40,0.1
osl-5097140,osl-4999292,openscore_lieder,musicxml_mxl,ok,,3,3,0.0,698,61,0.2
osl-5097140,osl-4999304,openscore_lieder,musicxml_mxl,ok,,3,3,0.0,759,90,0.1
osl-5097140,osl-4999309,openscore_lieder,musicxml_mxl,ok,,3,3,0.0,963,69,0.2
osl-5097140,osl-4999324,openscore_lieder,musicxml_mxl,ok,,3,3,0.0,761,31,0.1
osl-5097140,osl-4999332,openscore_lieder,musicxml_mxl,ok,,3,3,0.0,325,46,0.1
osl-5097140,osl-4999581,openscore_lieder,musicxml_mxl,ok,,3,3,0.0,575,104,0.1
osl-5097140,osl-4999590,openscore_lieder,musicxml_mxl,ok,,3,3,0.0,1440,86,0.3
osl-5097140,osl-4999602,openscore_lieder,musicxml_mxl,ok,,3,3,0.0,753,80,0.2
osl-5097140,osl-4999607,openscore_lieder,musicxml_mxl,ok,,3,3,0.0,981,108,0.1
osl-5097140,osl-5000336,openscore_lieder,musicxml_mxl,ok,,3,3,0.0,477,59,0.1
osl-5097140,osl-5000341,openscore_lieder,musicxml_mxl,ok,,3,3,0.0,869,46,0.2
osl-5097140,osl-5000347,openscore_lieder,musicxml_mxl,ok,,3,3,0.0,667,25,0.1
osl-5097140,osl-5000363,openscore_lieder,musicxml_mxl,ok,,3,3,0.0,393,35,0.1
osl-5101059,osl-5000388,openscore_lieder,musicxml_mxl,ok,,3,3,0.0,408,84,0.1
osl-5016675,osl-5000397,openscore_lieder,musicxml_mxl,ok,,3,3,0.0,640,129,0.2
osl-5016673,osl-5000446,openscore_lieder,musicxml_mxl,ok,,3,3,0.0,800,201,0.1
osl-5016673,osl-5000459,openscore_lieder,musicxml_mxl,ok,,3,3,0.0,487,54,0.1
osl-5016673,osl-5000464,openscore_lieder,musicxml_mxl,ok,,3,3,0.0,551,58,0.1
osl-5016673,osl-5000467,openscore_lieder,musicxml_mxl,ok,,3,3,0.0,886,276,0.2
osl-5001651,osl-5001648,openscore_lieder,musicxml_mxl,ok,,3,3,0.0,768,254,0.2
osl-5001676,osl-5001674,openscore_lieder,musicxml_mxl,ok,,3,3,0.0,616,189,0.3
osl-5001685,osl-5001684,openscore_lieder,musicxml_mxl,ok,,3,3,0.0,696,461,0.3
osl-5001717,osl-5001716,openscore_lieder,musicxml_mxl,ok,,3,3,0.0,1183,513,0.2
osl-5001717,osl-5001721,openscore_lieder,musicxml_mxl,ok,,3,3,0.0,670,300,0.2
osl-5001731,osl-5001730,openscore_lieder,musicxml_mxl,ok,,3,3,0.0,445,39,0.1
osl-5097140,osl-5001810,openscore_lieder,musicxml_mxl,ok,,3,3,0.0,376,35,0.1
osl-5097140,osl-5001820,openscore_lieder,musicxml_mxl,ok,,3,3,0.0,752,52,0.1
osl-5001873,osl-5001870,openscore_lieder,musicxml_mxl,ok,,3,3,0.0,111,12,0.0
osl-5001873,osl-5001880,openscore_lieder,musicxml_mxl,ok,,3,3,0.0,97,6,0.0
osl-5001873,osl-5001911,openscore_lieder,musicxml_mxl,ok,,3,3,0.0,300,10,0.0
osl-5001873,osl-5001925,openscore_lieder,musicxml_mxl,ok,,3,3,0.0,91,12,0.0
osl-5001873,osl-5001930,openscore_lieder,musicxml_mxl,ok,,3,3,0.0,212,7,0.0
osl-5001873,osl-5001937,openscore_lieder,musicxml_mxl,ok,,3,3,0.0,115,15,0.0
osl-5001873,osl-5001945,openscore_lieder,musicxml_mxl,ok,,3,3,0.0,945,62,0.1
osl-5001966,osl-5001965,openscore_lieder,musicxml_mxl,ok,,3,3,0.0,192,9,0.0
osl-5001966,osl-5001980,openscore_lieder,musicxml_mxl,ok,,3,3,0.0,217,35,0.0
osl-5001966,osl-5001994,openscore_lieder,musicxml_mxl,ok,,3,3,0.0,263,41,0.0
osl-5001966,osl-5001997,openscore_lieder,musicxml_mxl,ok,,3,3,0.0,240,21,0.0
osl-5001966,osl-5002006,openscore_lieder,musicxml_mxl,ok,,3,3,0.0,179,19,0.0
osl-5001966,osl-5002015,openscore_lieder,musicxml_mxl,ok,,3,3,0.0,143,17,0.0
osl-5001966,osl-5002019,openscore_lieder,musicxml_mxl,ok,,3,3,0.0,243,16,0.0
osl-5001966,osl-5002026,openscore_lieder,musicxml_mxl,ok,,3,3,0.0,238,17,0.1
osl-5002042,osl-5002041,openscore_lieder,musicxml_mxl,ok,,3,3,0.0,188,26,0.0
osl-5002042,osl-5002052,openscore_lieder,musicxml_mxl,ok,,3,3,0.0,437,60,0.0
osl-5002042,osl-5002062,openscore_lieder,musicxml_mxl,ok,,3,3,0.0,241,10,0.0
osl-5002042,osl-5002078,openscore_lieder,musicxml_mxl,ok,,3,3,0.0,208,21,0.0
osl-5002090,osl-5002087,openscore_lieder,musicxml_mxl,ok,,3,3,0.0,96,37,0.0
osl-5002090,osl-5002096,openscore_lieder,musicxml_mxl,ok,,3,3,0.0,544,25,0.0
osl-5002090,osl-5002100,openscore_lieder,musicxml_mxl,ok,,3,3,0.0,274,15,0.0
osl-5002090,osl-5002108,openscore_lieder,musicxml_mxl,ok,,3,3,0.0,638,37,0.1
osl-5002090,osl-5002111,openscore_lieder,musicxml_mxl,ok,,3,3,0.0,111,14,0.0
osl-5001873,osl-5002130,openscore_lieder,musicxml_mxl,ok,,3,3,0.0,270,24,0.1
osl-5096906,osl-5002160,openscore_lieder,musicxml_mxl,ok,,3,3,0.0,460,44,0.1
osl-5003125,osl-5003122,openscore_lieder,musicxml_mxl,ok,,3,3,0.0,516,53,0.1
osl-5003152,osl-5003150,openscore_lieder,musicxml_mxl,ok,,3,3,0.0,357,70,0.0
osl-5004627,osl-5004632,openscore_lieder,musicxml_mxl,ok,,3,3,0.0,548,87,0.1
osl-5004627,osl-5004640,openscore_lieder,musicxml_mxl,ok,,3,3,0.0,715,90,0.1
osl-5004627,osl-5004650,openscore_lieder,musicxml_mxl,ok,,3,3,0.0,1035,59,0.1
osl-4910391,osl-5004701,openscore_lieder,musicxml_mxl,ok,,3,3,0.0,667,127,0.2
osl-5004732,osl-5004731,openscore_lieder,musicxml_mxl,ok,,3,3,0.0,298,17,0.1
osl-5097140,osl-5004771,openscore_lieder,musicxml_mxl,ok,,3,3,0.0,661,195,0.1
osl-5004836,osl-5004835,openscore_lieder,musicxml_mxl,ok,,3,3,0.0,573,80,0.1
osl-5015409,osl-5007176,openscore_lieder,musicxml_mxl,ok,,3,3,0.0,1108,148,0.2
osl-5015409,osl-5007178,openscore_lieder,musicxml_mxl,ok,,3,3,0.0,361,129,0.1
osl-5015409,osl-5007179,openscore_lieder,musicxml_mxl,ok,,3,3,0.0,642,155,0.1
osl-5015409,osl-5007180,openscore_lieder,musicxml_mxl,ok,,3,3,0.0,484,219,0.1
osl-5015409,osl-5007181,openscore_lieder,musicxml_mxl,ok,,3,3,0.0,1103,342,0.2
osl-5015409,osl-5007182,openscore_lieder,musicxml_mxl,ok,,3,3,0.0,436,25,0.0
osl-5015409,osl-5009833,openscore_lieder,musicxml_mxl,ok,,3,3,0.0,469,67,0.1
osl-5015409,osl-5009900,openscore_lieder,musicxml_mxl,ok,,3,3,0.0,819,73,0.2
osl-5015409,osl-5013945,openscore_lieder,musicxml_mxl,ok,,3,3,0.0,546,56,0.1
osl-5015409,osl-5013969,openscore_lieder,musicxml_mxl,ok,,3,3,0.0,421,52,0.1
osl-5015409,osl-5014002,openscore_lieder,musicxml_mxl,ok,,3,3,0.0,376,58,0.1
osl-5015409,osl-5014023,openscore_lieder,musicxml_mxl,ok,,3,3,0.0,442,88,0.1
osl-5015409,osl-5015378,openscore_lieder,musicxml_mxl,ok,,3,3,0.0,1157,75,0.2
osl-5015409,osl-5015410,openscore_lieder,musicxml_mxl,ok,,3,3,0.0,824,256,0.2
osl-5015409,osl-5015435,openscore_lieder,musicxml_mxl,ok,,3,3,0.0,724,157,0.1
osl-5015409,osl-5015499,openscore_lieder,musicxml_mxl,ok,,3,3,0.0,563,85,0.1
osl-5015409,osl-5015521,openscore_lieder,musicxml_mxl,ok,,3,3,0.0,1156,343,0.2
osl-5015409,osl-5015573,openscore_lieder,musicxml_mxl,ok,,3,3,0.0,2107,72,0.3
osl-5015409,osl-5016466,openscore_lieder,musicxml_mxl,ok,,3,3,0.0,1283,142,0.3
osl-5015409,osl-5016512,openscore_lieder,musicxml_mxl,ok,,3,3,0.0,337,19,0.1
osl-5013942,osl-5016637,openscore_lieder,musicxml_mxl,ok,,3,3,0.0,613,83,0.1
osl-5015409,osl-5023438,openscore_lieder,musicxml_mxl,ok,,3,3,0.0,445,49,0.1
osl-5015409,osl-5023517,openscore_lieder,musicxml_mxl,ok,,3,3,0.0,482,174,0.1
osl-5015409,osl-5023603,openscore_lieder,musicxml_mxl,ok,,3,3,0.0,973,281,0.2
osl-5015409,osl-5023662,openscore_lieder,musicxml_mxl,ok,,3,3,0.0,470,102,0.1
osl-5013942,osl-5024834,openscore_lieder,musicxml_mxl,ok,,3,3,0.0,808,93,0.1
osl-5013942,osl-5024866,openscore_lieder,musicxml_mxl,ok,,3,3,0.0,718,61,0.1
osl-5013942,osl-5024898,openscore_lieder,musicxml_mxl,ok,,3,3,0.0,595,272,0.2
osl-5013942,osl-5025040,openscore_lieder,musicxml_mxl,ok,,3,3,0.0,374,108,0.1
osl-5004732,osl-5025982,openscore_lieder,musicxml_mxl,ok,,3,3,0.0,224,54,0.0
osl-5004732,osl-5025985,openscore_lieder,musicxml_mxl,ok,,3,3,0.0,666,65,0.1
osl-5026081,osl-5026068,openscore_lieder,musicxml_mxl,ok,,3,3,0.0,595,68,0.1
osl-5026081,osl-5026077,openscore_lieder,musicxml_mxl,ok,,3,3,0.0,1053,173,0.2
osl-5026081,osl-5026084,openscore_lieder,musicxml_mxl,ok,,3,3,0.0,630,180,0.1
osl-5026081,osl-5026087,openscore_lieder,musicxml_mxl,ok,,3,3,0.0,457,65,0.1
osl-5026081,osl-5026092,openscore_lieder,musicxml_mxl,ok,,3,3,0.0,1156,110,0.2
osl-5004732,osl-5026236,openscore_lieder,musicxml_mxl,ok,,3,3,0.0,1005,139,0.1
osl-5026280,osl-5026266,openscore_lieder,musicxml_mxl,ok,,3,3,0.0,818,81,0.2
osl-5026280,osl-5026306,openscore_lieder,musicxml_mxl,ok,,3,3,0.0,1080,266,0.3
osl-5026280,osl-5026309,openscore_lieder,musicxml_mxl,ok,,3,3,0.0,1378,212,0.3
osl-5026280,osl-5026316,openscore_lieder,musicxml_mxl,ok,,3,3,0.0,971,129,0.2
osl-5013942,osl-5027811,openscore_lieder,musicxml_mxl,ok,,3,3,0.0,582,186,0.1
osl-5013942,osl-5032950,openscore_lieder,musicxml_mxl,ok,,3,3,0.0,894,76,0.2
osl-5033060,osl-5033057,openscore_lieder,musicxml_mxl,ok,,3,3,0.0,604,65,0.2
osl-5033077,osl-5033075,openscore_lieder,musicxml_mxl,ok,,3,3,0.0,1284,81,0.2
osl-5033093,osl-5033089,openscore_lieder,musicxml_mxl,ok,,3,3,0.0,464,88,0.1
osl-5013942,osl-5039817,openscore_lieder,musicxml_mxl,ok,,3,3,0.0,1303,120,0.2
osl-5043619,osl-5043569,openscore_lieder,musicxml_mxl,ok,,3,3,0.0,173,35,0.0
osl-5043619,osl-5043586,openscore_lieder,musicxml_mxl,ok,,3,3,0.0,160,16,0.0
osl-5043619,osl-5043594,openscore_lieder,musicxml_mxl,ok,,3,3,0.0,527,45,0.1
osl-5043619,osl-5043613,openscore_lieder,musicxml_mxl,ok,,3,3,0.0,441,55,0.1
osl-5043619,osl-5043618,openscore_lieder,musicxml_mxl,ok,,3,3,0.0,265,37,0.1
osl-5043619,osl-5045654,openscore_lieder,musicxml_mxl,ok,,3,3,0.0,514,61,0.1
osl-5001873,osl-5046249,openscore_lieder,musicxml_mxl,ok,,3,3,0.0,232,34,0.0
osl-5001966,osl-5046362,openscore_lieder,musicxml_mxl,ok,,3,3,0.0,126,25,0.0
osl-5051360,osl-5051346,openscore_lieder,musicxml_mxl,ok,,3,3,0.0,812,112,0.2
osl-5051360,osl-5051349,openscore_lieder,musicxml_mxl,ok,,3,3,0.0,745,48,0.1
osl-5051360,osl-5051353,openscore_lieder,musicxml_mxl,ok,,3,3,0.0,973,94,0.2
osl-5051360,osl-5051357,openscore_lieder,musicxml_mxl,ok,,3,3,0.0,761,254,0.1
osl-5051360,osl-5051358,openscore_lieder,musicxml_mxl,ok,,3,3,0.0,461,81,0.1
osl-5051360,osl-5051359,openscore_lieder,musicxml_mxl,ok,,3,3,0.0,385,52,0.2
osl-5051725,osl-5051724,openscore_lieder,musicxml_mxl,ok,,3,3,0.0,654,196,0.1
osl-5013942,osl-5052714,openscore_lieder,musicxml_mxl,ok,,3,3,0.0,300,144,0.0
osl-5051725,osl-5052787,openscore_lieder,musicxml_mxl,ok,,3,3,0.0,977,74,0.2
osl-5013942,osl-5052792,openscore_lieder,musicxml_mxl,ok,,3,3,0.0,800,138,0.1
osl-5013942,osl-5052801,openscore_lieder,musicxml_mxl,ok,,3,3,0.0,511,67,0.0
osl-5013942,osl-5052822,openscore_lieder,musicxml_mxl,ok,,3,3,0.0,1074,315,0.2
osl-5051725,osl-5052823,openscore_lieder,musicxml_mxl,ok,,3,3,0.0,1674,197,0.4
osl-5051725,osl-5054519,openscore_lieder,musicxml_mxl,ok,,3,3,0.0,973,120,0.2
osl-5054958,osl-5054931,openscore_lieder,musicxml_mxl,ok,,3,3,0.0,164,68,0.0
osl-5054958,osl-5054941,openscore_lieder,musicxml_mxl,ok,,3,3,0.0,111,11,0.0
osl-5054958,osl-5054946,openscore_lieder,musicxml_mxl,ok,,3,3,0.0,425,18,0.0
osl-5054958,osl-5054953,openscore_lieder,musicxml_mxl,ok,,3,3,0.0,216,14,0.1
osl-5054958,osl-5054957,openscore_lieder,musicxml_mxl,ok,,3,3,0.0,254,26,0.0
osl-5013942,osl-5057797,openscore_lieder,musicxml_mxl,ok,,3,3,0.0,818,39,0.2
osl-5013942,osl-5057804,openscore_lieder,musicxml_mxl,ok,,3,3,0.0,401,96,0.1
osl-5032872,osl-5057822,openscore_lieder,musicxml_mxl,ok,,3,3,0.0,733,103,0.1
osl-5057842,osl-5057840,openscore_lieder,musicxml_mxl,ok,,3,3,0.0,1474,85,0.2
osl-5057842,osl-5057844,openscore_lieder,musicxml_mxl,ok,,3,3,0.0,510,81,0.1
osl-5057842,osl-5057847,openscore_lieder,musicxml_mxl,ok,,3,3,0.0,555,32,0.1
osl-5057842,osl-5057849,openscore_lieder,musicxml_mxl,ok,,3,3,0.0,443,43,0.1
osl-5057842,osl-5057851,openscore_lieder,musicxml_mxl,ok,,3,3,0.0,637,128,0.2
osl-5032872,osl-5057985,openscore_lieder,musicxml_mxl,ok,,3,3,0.0,908,119,0.2
osl-5032872,osl-5058091,openscore_lieder,musicxml_mxl,ok,,3,3,0.0,1721,350,0.3
osl-5032872,osl-5058194,openscore_lieder,musicxml_mxl,ok,,3,3,0.0,548,100,0.1
osl-5032872,osl-5058636,openscore_lieder,musicxml_mxl,ok,,3,3,0.0,544,95,0.1
osl-5032872,osl-5058657,openscore_lieder,musicxml_mxl,ok,,3,3,0.0,409,27,0.1
osl-5060912,osl-5060910,openscore_lieder,musicxml_mxl,ok,,3,3,0.0,557,68,0.1
osl-5060912,osl-5060918,openscore_lieder,musicxml_mxl,ok,,3,3,0.0,1246,98,0.2
osl-5060912,osl-5060924,openscore_lieder,musicxml_mxl,ok,,3,3,0.0,323,41,0.1
osl-5060912,osl-5060932,openscore_lieder,musicxml_mxl,ok,,3,3,0.0,1423,282,0.3
osl-5060912,osl-5060938,openscore_lieder,musicxml_mxl,ok,,3,3,0.0,574,127,0.2
osl-5060912,osl-5060943,openscore_lieder,musicxml_mxl,ok,,3,3,0.0,439,60,0.1
osl-5060952,osl-5060949,openscore_lieder,musicxml_mxl,ok,,3,3,0.0,2335,322,0.6
osl-5060952,osl-5060961,openscore_lieder,musicxml_mxl,ok,,3,3,0.0,1075,155,0.2
osl-5060952,osl-5060972,openscore_lieder,musicxml_mxl,ok,,3,3,0.0,1729,170,0.5
osl-5060952,osl-5060975,openscore_lieder,musicxml_mxl,ok,,3,3,0.0,952,93,0.2
osl-5060952,osl-5060980,openscore_lieder,musicxml_mxl,ok,,3,3,0.0,651,113,0.2
osl-5001966,osl-5061310,openscore_lieder,musicxml_mxl,ok,,3,3,0.0,200,7,0.1
osl-5001966,osl-5061932,openscore_lieder,musicxml_mxl,ok,,3,3,0.0,236,10,0.0
osl-5051725,osl-5062118,openscore_lieder,musicxml_mxl,ok,,3,3,0.0,765,62,0.1
osl-5062145,osl-5062136,openscore_lieder,musicxml_mxl,ok,,3,3,0.0,1565,506,0.5
osl-5062145,osl-5062139,openscore_lieder,musicxml_mxl,ok,,3,3,0.0,759,47,0.2
osl-5062145,osl-5062141,openscore_lieder,musicxml_mxl,ok,,3,3,0.0,1014,153,0.2
osl-5001966,osl-5062143,openscore_lieder,musicxml_mxl,ok,,4,4,0.0,495,76,0.1
osl-5062162,osl-5062156,openscore_lieder,musicxml_mxl,ok,,3,3,0.0,456,39,0.1
osl-5062162,osl-5062158,openscore_lieder,musicxml_mxl,ok,,3,3,0.0,741,68,0.2
osl-5062162,osl-5062159,openscore_lieder,musicxml_mxl,ok,,3,3,0.0,803,59,0.1
osl-5002090,osl-5067312,openscore_lieder,musicxml_mxl,ok,,3,3,0.0,291,38,0.0
osl-5013942,osl-5067337,openscore_lieder,musicxml_mxl,ok,,3,3,0.0,490,45,0.1
osl-5067679,osl-5067672,openscore_lieder,musicxml_mxl,ok,,3,3,0.0,1241,187,0.3
osl-5067679,osl-5067677,openscore_lieder,musicxml_mxl,ok,,2,2,0.0,204,0,0.0
osl-5067697,osl-5067692,openscore_lieder,musicxml_mxl,ok,,3,3,0.0,526,76,0.1
osl-5069034,osl-5069022,openscore_lieder,musicxml_mxl,ok,,3,3,0.0,341,19,0.1
osl-5069034,osl-5069028,openscore_lieder,musicxml_mxl,ok,,3,3,0.0,174,59,0.0
osl-5069034,osl-5069033,openscore_lieder,musicxml_mxl,ok,,3,3,0.0,685,124,0.1
osl-5033093,osl-5069048,openscore_lieder,musicxml_mxl,ok,,3,3,0.0,675,111,0.1
osl-5033093,osl-5069058,openscore_lieder,musicxml_mxl,ok,,3,3,0.0,1370,186,0.2
osl-5033093,osl-5069066,openscore_lieder,musicxml_mxl,ok,,3,3,0.0,223,40,0.1
osl-5013857,osl-5071622,openscore_lieder,musicxml_mxl,ok,,3,3,0.0,198,4,0.0
osl-5013857,osl-5071629,openscore_lieder,musicxml_mxl,ok,,3,3,0.0,517,55,0.1
osl-5013857,osl-5071636,openscore_lieder,musicxml_mxl,ok,,3,3,0.0,589,132,0.1
osl-5032882,osl-5071644,openscore_lieder,musicxml_mxl,ok,,3,3,0.0,564,127,0.1
osl-5071658,osl-5071654,openscore_lieder,musicxml_mxl,ok,,3,3,0.0,852,241,0.2
osl-5071658,osl-5071668,openscore_lieder,musicxml_mxl,ok,,3,3,0.0,590,25,0.1
osl-5033060,osl-5071678,openscore_lieder,musicxml_mxl,ok,,3,3,0.0,1044,99,0.2
osl-5033060,osl-5071686,openscore_lieder,musicxml_mxl,ok,,3,3,0.0,364,144,0.1
osl-5033060,osl-5071689,openscore_lieder,musicxml_mxl,ok,,3,3,0.0,952,59,0.1
osl-5033060,osl-5071694,openscore_lieder,musicxml_mxl,ok,,3,3,0.0,479,53,0.1
osl-5071706,osl-5071703,openscore_lieder,musicxml_mxl,ok,,3,3,0.0,560,136,0.2
osl-5013942,osl-5077482,openscore_lieder,musicxml_mxl,ok,,3,3,0.0,1717,152,0.3
osl-5077648,osl-5077645,openscore_lieder,musicxml_mxl,ok,,3,3,0.0,897,42,0.2
osl-5077648,osl-5077651,openscore_lieder,musicxml_mxl,ok,,3,3,0.0,347,31,0.1
osl-5077648,osl-5077660,openscore_lieder,musicxml_mxl,ok,,3,3,0.0,581,112,0.1
osl-5077648,osl-5077675,openscore_lieder,musicxml_mxl,ok,,3,3,0.0,272,48,0.1
osl-5004836,osl-5077744,openscore_lieder,musicxml_mxl,ok,,3,3,0.0,1622,66,0.1
osl-5077648,osl-5077780,openscore_lieder,musicxml_mxl,ok,,3,3,0.0,599,56,0.1
osl-5100086,osl-5077917,openscore_lieder,musicxml_mxl,ok,,3,3,0.0,828,163,0.2
osl-5079369,osl-5079368,openscore_lieder,musicxml_mxl,ok,,3,3,0.0,1626,91,0.2
osl-5079369,osl-5079373,openscore_lieder,musicxml_mxl,ok,,3,3,0.0,1169,257,0.2
osl-5079369,osl-5079378,openscore_lieder,musicxml_mxl,ok,,3,3,0.0,615,103,0.2
osl-5079369,osl-5079391,openscore_lieder,musicxml_mxl,ok,,3,3,0.0,1199,156,0.2
osl-5079369,osl-5079394,openscore_lieder,musicxml_mxl,ok,,3,3,0.0,1416,323,0.3
osl-5079444,osl-5079442,openscore_lieder,musicxml_mxl,ok,,3,3,0.0,683,75,0.1
osl-5079444,osl-5079450,openscore_lieder,musicxml_mxl,ok,,3,3,0.0,702,99,0.2
osl-5079444,osl-5079459,openscore_lieder,musicxml_mxl,ok,,3,3,0.0,1010,61,0.2
osl-5079544,osl-5079487,openscore_lieder,musicxml_mxl,ok,,3,3,0.0,1503,259,0.4
osl-5079497,osl-5079494,openscore_lieder,musicxml_mxl,ok,,3,3,0.0,1276,367,0.3
osl-5079497,osl-5079502,openscore_lieder,musicxml_mxl,ok,,3,3,0.0,1983,330,0.5
osl-5079497,osl-5079512,openscore_lieder,musicxml_mxl,ok,,3,3,0.0,863,76,0.2
osl-5079497,osl-5079521,openscore_lieder,musicxml_mxl,ok,,3,3,0.0,1301,137,0.2
osl-5079497,osl-5079527,openscore_lieder,musicxml_mxl,ok,,3,3,0.0,1527,85,0.2
osl-5079497,osl-5079539,openscore_lieder,musicxml_mxl,ok,,5,5,0.0,2022,869,0.6
osl-5013942,osl-5079629,openscore_lieder,musicxml_mxl,ok,,3,3,0.0,1309,515,0.2
osl-5003125,osl-5080752,openscore_lieder,musicxml_mxl,ok,,3,3,0.0,614,151,0.1
osl-5071658,osl-5084888,openscore_lieder,musicxml_mxl,ok,,3,3,0.0,976,270,0.5
osl-5071658,osl-5084966,openscore_lieder,musicxml_mxl,ok,,3,3,0.0,658,238,0.1
osl-5032872,osl-5087729,openscore_lieder,musicxml_mxl,ok,,3,3,0.0,675,162,0.2
osl-5001873,osl-5087917,openscore_lieder,musicxml_mxl,ok,,3,3,0.0,189,13,0.0
osl-5001873,osl-5087944,openscore_lieder,musicxml_mxl,ok,,3,3,0.0,171,7,0.0
osl-5001873,osl-5087973,openscore_lieder,musicxml_mxl,ok,,3,3,0.0,150,10,0.0
osl-5002042,osl-5092551,openscore_lieder,musicxml_mxl,ok,,4,4,0.0,165,5,0.0
osl-5002042,osl-5092560,openscore_lieder,musicxml_mxl,ok,,3,3,0.0,152,6,0.0
osl-5002042,osl-5092612,openscore_lieder,musicxml_mxl,ok,,3,3,0.0,74,0,0.1
osl-5016678,osl-5093434,openscore_lieder,musicxml_mxl,ok,,4,4,0.0,711,110,0.2
osl-5016678,osl-5093748,openscore_lieder,musicxml_mxl,ok,,3,3,0.0,588,32,0.1
osl-5016678,osl-5093803,openscore_lieder,musicxml_mxl,ok,,3,3,0.0,530,90,0.2
osl-5004836,osl-5098612,openscore_lieder,musicxml_mxl,ok,,3,3,0.0,855,69,0.2
osl-5096870,osl-5098625,openscore_lieder,musicxml_mxl,ok,,3,3,0.0,121,9,0.0
osl-5096870,osl-5098632,openscore_lieder,musicxml_mxl,ok,,3,3,0.0,304,38,0.1
osl-5033093,osl-5098641,openscore_lieder,musicxml_mxl,ok,,3,3,0.0,628,106,0.1
osl-5033093,osl-5098645,openscore_lieder,musicxml_mxl,ok,,3,3,0.0,484,106,0.1
osl-5033077,osl-5098657,openscore_lieder,musicxml_mxl,ok,,3,3,0.0,835,101,0.1
osl-5033077,osl-5098659,openscore_lieder,musicxml_mxl,ok,,3,3,0.0,2069,184,0.4
osl-5096871,osl-5098666,openscore_lieder,musicxml_mxl,ok,,3,3,0.0,185,8,0.0
osl-4910391,osl-5098672,openscore_lieder,musicxml_mxl,ok,,3,3,0.0,472,27,0.1
osl-4910391,osl-5098678,openscore_lieder,musicxml_mxl,ok,,3,3,0.0,939,133,0.1
osl-5071706,osl-5098685,openscore_lieder,musicxml_mxl,ok,,3,3,0.0,413,60,0.1
osl-5067697,osl-5098690,openscore_lieder,musicxml_mxl,ok,,3,3,0.0,844,166,0.1
osl-5067697,osl-5098700,openscore_lieder,musicxml_mxl,ok,,3,3,0.0,515,53,0.1
osl-5071706,osl-5098705,openscore_lieder,musicxml_mxl,ok,,3,3,0.0,661,37,0.1
osl-5071706,osl-5098709,openscore_lieder,musicxml_mxl,ok,,3,3,0.0,304,63,0.0
osl-5096872,osl-5098713,openscore_lieder,musicxml_mxl,ok,,3,3,0.0,628,112,0.2
osl-5071706,osl-5098715,openscore_lieder,musicxml_mxl,ok,,3,3,0.0,1358,351,0.2
osl-5071706,osl-5098719,openscore_lieder,musicxml_mxl,ok,,3,3,0.0,578,51,0.1
osl-5071706,osl-5098725,openscore_lieder,musicxml_mxl,ok,,3,3,0.0,621,194,0.1
osl-5033077,osl-5098728,openscore_lieder,musicxml_mxl,ok,,3,3,0.0,750,72,0.2
osl-5067697,osl-5098732,openscore_lieder,musicxml_mxl,ok,,3,3,0.0,482,202,0.2
osl-5002090,osl-5100067,openscore_lieder,musicxml_mxl,ok,,3,3,0.0,151,7,0.0
osl-5002090,osl-5100073,openscore_lieder,musicxml_mxl,ok,,3,3,0.0,106,8,0.0
osl-5002090,osl-5100080,openscore_lieder,musicxml_mxl,ok,,3,3,0.0,633,82,0.1
osl-5002090,osl-5100188,openscore_lieder,musicxml_mxl,ok,,3,3,0.0,548,13,0.0
osl-5004627,osl-5100543,openscore_lieder,musicxml_mxl,ok,,3,3,0.0,797,138,0.2
osl-5004627,osl-5101299,openscore_lieder,musicxml_mxl,ok,,3,3,0.0,785,75,0.2
osl-5004627,osl-5101361,openscore_lieder,musicxml_mxl,ok,,3,3,0.0,715,36,0.1
osl-5002090,osl-5101789,openscore_lieder,musicxml_mxl,ok,,3,3,0.0,487,21,0.1
osl-5002090,osl-5101826,openscore_lieder,musicxml_mxl,ok,,3,3,0.0,175,24,0.0
osl-5032890,osl-5103323,openscore_lieder,musicxml_mxl,ok,,3,3,0.0,636,26,0.1
osl-5016683,osl-5103883,openscore_lieder,musicxml_mxl,ok,,3,3,0.0,218,23,0.0
osl-5016683,osl-5103913,openscore_lieder,musicxml_mxl,ok,,3,3,0.0,176,24,0.0
osl-5032870,osl-5104275,openscore_lieder,musicxml_mxl,ok,,3,3,0.0,464,24,0.1
osl-5032870,osl-5105152,openscore_lieder,musicxml_mxl,ok,,3,3,0.0,390,27,0.1
osl-5032870,osl-5105228,openscore_lieder,musicxml_mxl,ok,,3,3,0.0,526,167,0.1
osl-5032870,osl-5105407,openscore_lieder,musicxml_mxl,ok,,3,3,0.0,1042,254,0.2
osl-5033060,osl-5106861,openscore_lieder,musicxml_mxl,ok,,3,3,0.0,1541,178,0.2
osl-5033060,osl-5107106,openscore_lieder,musicxml_mxl,ok,,3,3,0.0,439,34,0.1
osl-5016683,osl-5108166,openscore_lieder,musicxml_mxl,ok,,3,3,0.0,497,43,0.1
osl-5032884,osl-5115311,openscore_lieder,musicxml_mxl,ok,,3,3,0.0,369,36,0.1
osl-5032884,osl-5115550,openscore_lieder,musicxml_mxl,ok,,3,3,0.0,226,35,0.1
osl-5032870,osl-5115660,openscore_lieder,musicxml_mxl,ok,,3,3,0.0,551,155,0.1
osl-5032888,osl-5117906,openscore_lieder,musicxml_mxl,ok,,3,3,0.0,261,34,0.1
osl-5032888,osl-5117956,openscore_lieder,musicxml_mxl,ok,,3,3,0.0,138,37,0.0
osl-5032888,osl-5118339,openscore_lieder,musicxml_mxl,ok,,3,3,0.0,587,67,0.1
osl-5032888,osl-5118411,openscore_lieder,musicxml_mxl,ok,,3,3,0.0,302,23,0.1
osl-5032888,osl-5118522,openscore_lieder,musicxml_mxl,ok,,3,3,0.0,471,29,0.1
osl-5032884,osl-5121134,openscore_lieder,musicxml_mxl,ok,,3,3,0.0,323,22,0.1
osl-5032884,osl-5121692,openscore_lieder,musicxml_mxl,ok,,3,2,0.333,66,22,0.0
osl-5071706,osl-5123355,openscore_lieder,musicxml_mxl,ok,,3,3,0.0,835,68,0.1
osl-5054958,osl-5124429,openscore_lieder,musicxml_mxl,ok,,3,3,0.0,214,49,0.0
osl-5032884,osl-5125008,openscore_lieder,musicxml_mxl,ok,,3,3,0.0,1514,148,0.2
osl-5097002,osl-5125680,openscore_lieder,musicxml_mxl,ok,,3,3,0.0,350,69,0.1
osl-5097002,osl-5126774,openscore_lieder,musicxml_mxl,ok,,3,3,0.0,1497,100,0.3
osl-5097002,osl-5126921,openscore_lieder,musicxml_mxl,ok,,3,3,0.0,421,59,0.1
osl-5097002,osl-5130351,openscore_lieder,musicxml_mxl,ok,,3,3,0.0,426,46,0.1
osl-5097002,osl-5130634,openscore_lieder,musicxml_mxl,ok,,3,3,0.0,686,85,0.2
osl-5101602,osl-5133353,openscore_lieder,musicxml_mxl,ok,,3,3,0.0,477,74,0.1
osl-5097002,osl-5133602,openscore_lieder,musicxml_mxl,ok,,3,3,0.0,570,26,0.1
osl-5097034,osl-5133647,openscore_lieder,musicxml_mxl,ok,,3,3,0.0,419,130,0.1
osl-5097034,osl-5133773,openscore_lieder,musicxml_mxl,ok,,3,3,0.0,763,187,0.1
osl-5097034,osl-5134987,openscore_lieder,musicxml_mxl,ok,,3,3,0.0,493,207,0.1
osl-5097034,osl-5142672,openscore_lieder,musicxml_mxl,ok,,3,3,0.0,263,50,0.0
osl-5097034,osl-5142714,openscore_lieder,musicxml_mxl,ok,,3,3,0.0,427,142,0.1
osl-5097034,osl-5142768,openscore_lieder,musicxml_mxl,ok,,3,3,0.0,589,111,0.1
osl-5067679,osl-5153813,openscore_lieder,musicxml_mxl,ok,,3,3,0.0,1378,267,0.5
osl-5067679,osl-5153947,openscore_lieder,musicxml_mxl,ok,,3,3,0.0,688,105,0.2
osl-5033060,osl-5155459,openscore_lieder,musicxml_mxl,ok,,3,3,0.0,1194,122,0.2
osl-5077648,osl-5161599,openscore_lieder,musicxml_mxl,ok,,3,3,0.0,640,46,0.1
osl-5079369,osl-5163799,openscore_lieder,musicxml_mxl,ok,,3,3,0.0,1317,367,0.2
osl-5016675,osl-5187781,openscore_lieder,musicxml_mxl,ok,,3,3,0.0,1031,198,0.1
osl-5016675,osl-5197231,openscore_lieder,musicxml_mxl,ok,,3,3,0.0,520,36,0.1
osl-5099424,osl-5598547,openscore_lieder,musicxml_mxl,ok,,3,3,0.0,795,100,0.2
osl-5099424,osl-5605080,openscore_lieder,musicxml_mxl,ok,,3,3,0.0,909,491,0.2
osl-5099424,osl-5612951,openscore_lieder,musicxml_mxl,ok,,3,3,0.0,872,256,0.1
osl-5099424,osl-5626070,openscore_lieder,musicxml_mxl,ok,,3,3,0.0,955,79,0.1
osl-5099424,osl-5627879,openscore_lieder,musicxml_mxl,ok,,3,3,0.0,638,55,0.2
osl-5067697,osl-5636215,openscore_lieder,musicxml_mxl,ok,,3,3,0.0,979,152,0.2
osl-5067697,osl-5639135,openscore_lieder,musicxml_mxl,ok,,3,3,0.0,950,107,0.2
osl-5032885,osl-5644072,openscore_lieder,musicxml_mxl,ok,,3,3,0.0,343,102,0.1
osl-5032885,osl-5644074,openscore_lieder,musicxml_mxl,ok,,3,3,0.0,500,149,0.2
osl-5032885,osl-5644080,openscore_lieder,musicxml_mxl,ok,,3,3,0.0,312,17,0.0
osl-5032885,osl-5644083,openscore_lieder,musicxml_mxl,ok,,3,3,0.0,474,50,0.1
osl-5001651,osl-5646201,openscore_lieder,musicxml_mxl,ok,,3,3,0.0,673,108,0.1
osl-5001651,osl-5647683,openscore_lieder,musicxml_mxl,ok,,3,3,0.0,1621,513,0.5
osl-5096870,osl-5649214,openscore_lieder,musicxml_mxl,ok,,3,3,0.0,620,96,0.1
osl-5096870,osl-5652206,openscore_lieder,musicxml_mxl,ok,,3,3,0.0,729,205,0.1
osl-5096870,osl-5652250,openscore_lieder,musicxml_mxl,ok,,3,3,0.0,301,26,0.1
osl-5096870,osl-5653497,openscore_lieder,musicxml_mxl,ok,,3,3,0.0,363,40,0.1
osl-5032882,osl-5654342,openscore_lieder,musicxml_mxl,ok,,3,3,0.0,300,51,0.0
osl-5069034,osl-5654485,openscore_lieder,musicxml_mxl,ok,,3,3,0.0,197,69,0.1
osl-5032882,osl-5656522,openscore_lieder,musicxml_mxl,ok,,3,3,0.0,951,197,0.1
osl-5032882,osl-5659823,openscore_lieder,musicxml_mxl,ok,,3,3,0.0,566,118,0.1
osl-5099780,osl-5660558,openscore_lieder,musicxml_mxl,ok,,3,3,0.0,955,49,0.2
osl-5099780,osl-5660573,openscore_lieder,musicxml_mxl,ok,,3,3,0.0,582,50,0.1
osl-5099780,osl-5660578,openscore_lieder,musicxml_mxl,ok,,3,3,0.0,744,170,0.2
osl-5099780,osl-5660581,openscore_lieder,musicxml_mxl,ok,,3,3,0.0,420,66,0.1
osl-5001651,osl-5661740,openscore_lieder,musicxml_mxl,ok,,3,3,0.0,650,194,0.2
osl-5069034,osl-5667745,openscore_lieder,musicxml_mxl,ok,,3,3,0.0,927,55,0.2
osl-4910391,osl-5667843,openscore_lieder,musicxml_mxl,ok,,3,3,0.0,690,29,0.2
osl-4910391,osl-5667849,openscore_lieder,musicxml_mxl,ok,,3,3,0.0,699,254,0.1
osl-5096872,osl-5667944,openscore_lieder,musicxml_mxl,ok,,3,3,0.0,867,307,0.2
osl-5099780,osl-5667967,openscore_lieder,musicxml_mxl,ok,,3,3,0.0,336,42,0.1
osl-5001685,osl-5669853,openscore_lieder,musicxml_mxl,ok,,3,3,0.0,400,147,0.1
osl-5001685,osl-5669857,openscore_lieder,musicxml_mxl,ok,,3,3,0.0,378,160,0.1
osl-5001685,osl-5669861,openscore_lieder,musicxml_mxl,ok,,3,3,0.0,785,262,0.1
osl-5001685,osl-5669865,openscore_lieder,musicxml_mxl,ok,,3,3,0.0,1041,514,0.3
osl-5001651,osl-5674506,openscore_lieder,musicxml_mxl,ok,,3,3,0.0,1147,263,0.2
osl-5096871,osl-5695716,openscore_lieder,musicxml_mxl,ok,,3,3,0.0,684,39,0.1
osl-5096871,osl-5695728,openscore_lieder,musicxml_mxl,ok,,3,3,0.0,294,33,0.1
osl-5096871,osl-5695734,openscore_lieder,musicxml_mxl,ok,,3,3,0.0,457,66,0.1
osl-5001651,osl-5696993,openscore_lieder,musicxml_mxl,ok,,3,3,0.0,373,108,0.1
osl-5096872,osl-5700433,openscore_lieder,musicxml_mxl,ok,,3,3,0.0,431,134,0.1
osl-5096872,osl-5701612,openscore_lieder,musicxml_mxl,ok,,3,3,0.0,167,14,0.1
osl-5013857,osl-5705406,openscore_lieder,musicxml_mxl,ok,,3,3,0.0,560,130,0.1
osl-5013857,osl-5705502,openscore_lieder,musicxml_mxl,ok,,3,3,0.0,473,78,0.1
osl-5013857,osl-5705564,openscore_lieder,musicxml_mxl,ok,,3,3,0.0,322,86,0.1
osl-5001676,osl-5712131,openscore_lieder,musicxml_mxl,ok,,3,3,0.0,1426,491,0.7
osl-5001676,osl-5712146,openscore_lieder,musicxml_mxl,ok,,3,3,0.0,708,146,0.3
osl-5001676,osl-5712149,openscore_lieder,musicxml_mxl,ok,,3,3,0.0,649,217,0.2
osl-5001717,osl-5719467,openscore_lieder,musicxml_mxl,ok,,3,3,0.0,416,147,0.1
osl-5096871,osl-5725144,openscore_lieder,musicxml_mxl,ok,,3,3,0.0,472,33,0.1
osl-5096871,osl-5726490,openscore_lieder,musicxml_mxl,ok,,3,3,0.0,578,223,0.1
osl-5096871,osl-5729178,openscore_lieder,musicxml_mxl,ok,,3,3,0.0,441,24,0.1
osl-5096871,osl-5729860,openscore_lieder,musicxml_mxl,ok,,3,3,0.0,217,12,0.0
osl-5099780,osl-5798936,openscore_lieder,musicxml_mxl,ok,,3,3,0.0,487,97,0.1
osl-5099780,osl-5799023,openscore_lieder,musicxml_mxl,ok,,3,3,0.0,706,56,0.1
osl-5099780,osl-5800427,openscore_lieder,musicxml_mxl,ok,,3,3,0.0,432,126,0.1
osl-5099780,osl-5800627,openscore_lieder,musicxml_mxl,ok,,3,3,0.0,712,116,0.2
osl-5099780,osl-5801742,openscore_lieder,musicxml_mxl,ok,,3,3,0.0,1617,140,0.2
osl-5099780,osl-5801791,openscore_lieder,musicxml_mxl,ok,,3,3,0.0,223,51,0.1
osl-5099780,osl-5801830,openscore_lieder,musicxml_mxl,ok,,3,3,0.0,515,50,0.1
osl-5001717,osl-5818033,openscore_lieder,musicxml_mxl,ok,,3,3,0.0,477,159,0.1
osl-5062162,osl-5820797,openscore_lieder,musicxml_mxl,ok,,3,3,0.0,475,83,0.1
osl-5100810,osl-5823419,openscore_lieder,musicxml_mxl,ok,,3,3,0.0,575,53,0.1
osl-5032885,osl-5828468,openscore_lieder,musicxml_mxl,ok,,3,3,0.0,678,21,0.2
osl-5100810,osl-5834245,openscore_lieder,musicxml_mxl,ok,,3,3,0.0,911,157,0.2
osl-5100858,osl-5834392,openscore_lieder,musicxml_mxl,ok,,3,3,0.0,485,67,0.1
osl-5001717,osl-5837552,openscore_lieder,musicxml_mxl,ok,,3,3,0.0,876,326,0.2
osl-5100858,osl-5837811,openscore_lieder,musicxml_mxl,ok,,3,3,0.0,1161,135,0.2
osl-5100858,osl-5840072,openscore_lieder,musicxml_mxl,ok,,3,3,0.0,999,521,0.4
osl-5100858,osl-5840228,openscore_lieder,musicxml_mxl,ok,,3,3,0.0,789,128,0.1
osl-5100878,osl-5840434,openscore_lieder,musicxml_mxl,ok,,3,3,0.0,557,54,0.2
osl-5100878,osl-5840527,openscore_lieder,musicxml_mxl,ok,,3,3,0.0,580,103,0.1
osl-5100878,osl-5841419,openscore_lieder,musicxml_mxl,ok,,3,3,0.0,501,63,0.1
osl-5100884,osl-5842033,openscore_lieder,musicxml_mxl,ok,,3,3,0.0,209,25,0.1
osl-5100884,osl-5842142,openscore_lieder,musicxml_mxl,ok,,3,3,0.0,223,29,0.0
osl-5033093,osl-5846100,openscore_lieder,musicxml_mxl,ok,,3,3,0.0,951,99,0.1
osl-5033093,osl-5846139,openscore_lieder,musicxml_mxl,ok,,4,4,0.0,557,83,0.1
osl-5033093,osl-5846184,openscore_lieder,musicxml_mxl,ok,,3,3,0.0,492,143,0.1
osl-5100931,osl-5852737,openscore_lieder,musicxml_mxl,ok,,3,3,0.0,419,52,0.1
osl-5100931,osl-5854283,openscore_lieder,musicxml_mxl,ok,,3,3,0.0,332,82,0.1
osl-5001717,osl-5855050,openscore_lieder,musicxml_mxl,ok,,3,3,0.0,792,204,0.3
osl-5100931,osl-5855622,openscore_lieder,musicxml_mxl,ok,,3,3,0.0,825,160,0.2
osl-5100931,osl-5857981,openscore_lieder,musicxml_mxl,ok,,3,3,0.0,767,146,0.2
osl-5100931,osl-5861338,openscore_lieder,musicxml_mxl,ok,,3,3,0.0,492,71,0.1
osl-5100931,osl-5861752,openscore_lieder,musicxml_mxl,ok,,3,3,0.0,348,57,0.1
osl-5001717,osl-5862368,openscore_lieder,musicxml_mxl,ok,,3,3,0.0,934,384,0.3
osl-5100931,osl-5864781,openscore_lieder,musicxml_mxl,ok,,3,3,0.0,377,79,0.1
osl-5100931,osl-5864837,openscore_lieder,musicxml_mxl,ok,,3,3,0.0,471,62,0.1
osl-5001717,osl-5866060,openscore_lieder,musicxml_mxl,ok,,3,3,0.0,1614,645,0.5
osl-5001717,osl-5873379,openscore_lieder,musicxml_mxl,ok,,3,3,0.0,2473,403,0.3
osl-5001651,osl-5879039,openscore_lieder,musicxml_mxl,ok,,3,3,0.0,3168,492,0.7
osl-5101077,osl-5883528,openscore_lieder,musicxml_mxl,ok,,4,4,0.0,911,110,0.2
osl-5101077,osl-5883655,openscore_lieder,musicxml_mxl,ok,,4,4,0.0,1125,109,0.2
osl-5100931,osl-5884544,openscore_lieder,musicxml_mxl,ok,,3,3,0.0,896,84,0.2
osl-5100931,osl-5887314,openscore_lieder,musicxml_mxl,ok,,3,3,0.0,549,103,0.1
osl-5100884,osl-5900749,openscore_lieder,musicxml_mxl,ok,,3,3,0.0,324,16,0.0
osl-5100931,osl-5901729,openscore_lieder,musicxml_mxl,ok,,3,3,0.0,869,77,0.2
osl-5100931,osl-5901950,openscore_lieder,musicxml_mxl,ok,,3,3,0.0,135,44,0.0
osl-5100931,osl-5902873,openscore_lieder,musicxml_mxl,ok,,3,3,0.0,1807,225,0.4
osl-5101200,osl-5903060,openscore_lieder,musicxml_mxl,ok,,4,4,0.0,716,182,0.2
osl-5101200,osl-5904752,openscore_lieder,musicxml_mxl,ok,,3,3,0.0,1094,198,0.3
osl-5101200,osl-5904897,openscore_lieder,musicxml_mxl,ok,,3,3,0.0,847,81,0.2
osl-5101200,osl-5905678,openscore_lieder,musicxml_mxl,ok,,3,3,0.0,1174,252,0.3
osl-5101200,osl-5905808,openscore_lieder,musicxml_mxl,ok,,3,3,0.0,598,90,0.1
osl-5101248,osl-5906774,openscore_lieder,musicxml_mxl,ok,,3,3,0.0,1735,320,0.3
osl-5100884,osl-5907276,openscore_lieder,musicxml_mxl,ok,,3,3,0.0,236,24,0.0
osl-5100884,osl-5907870,openscore_lieder,musicxml_mxl,ok,,3,3,0.0,182,0,0.0
osl-5100884,osl-5908953,openscore_lieder,musicxml_mxl,ok,,4,4,0.0,545,53,0.1
osl-5001717,osl-5911190,openscore_lieder,musicxml_mxl,ok,,3,3,0.0,3296,363,0.6
osl-5077648,osl-5920728,openscore_lieder,musicxml_mxl,ok,,3,3,0.0,914,136,0.1
osl-5101200,osl-5925129,openscore_lieder,musicxml_mxl,ok,,3,3,0.0,399,97,0.1
osl-5033077,osl-5925389,openscore_lieder,musicxml_mxl,ok,,3,3,0.0,791,168,0.2
osl-5101391,osl-5930707,openscore_lieder,musicxml_mxl,ok,,3,3,0.0,952,90,0.2
osl-5033077,osl-5934726,openscore_lieder,musicxml_mxl,ok,,3,3,0.0,865,139,0.1
osl-5101391,osl-5935864,openscore_lieder,musicxml_mxl,ok,,3,3,0.0,952,406,0.4
osl-5033077,osl-5936324,openscore_lieder,musicxml_mxl,ok,,3,3,0.0,569,122,0.1
osl-5033077,osl-5937814,openscore_lieder,musicxml_mxl,ok,,3,3,0.0,875,46,0.1
osl-5033077,osl-5940230,openscore_lieder,musicxml_mxl,ok,,3,3,0.0,835,90,0.2
osl-5101391,osl-5946761,openscore_lieder,musicxml_mxl,ok,,3,3,0.0,972,224,0.2
osl-5101602,osl-5946872,openscore_lieder,musicxml_mxl,ok,,3,3,0.0,426,16,0.1
osl-5101686,osl-5974308,openscore_lieder,musicxml_mxl,ok,,3,3,0.0,1260,255,0.2
osl-5101686,osl-5975897,openscore_lieder,musicxml_mxl,ok,,3,3,0.0,688,130,0.1
osl-5101686,osl-5978033,openscore_lieder,musicxml_mxl,ok,,3,3,0.0,766,151,0.2
osl-5101686,osl-5979580,openscore_lieder,musicxml_mxl,ok,,3,3,0.0,380,133,0.1
osl-5101802,osl-5983679,openscore_lieder,musicxml_mxl,ok,,3,3,0.0,593,109,0.1
osl-5101802,osl-5983777,openscore_lieder,musicxml_mxl,ok,,3,3,0.0,756,124,0.2
osl-5101802,osl-5983850,openscore_lieder,musicxml_mxl,ok,,3,3,0.0,407,39,0.1
osl-5001717,osl-5986085,openscore_lieder,musicxml_mxl,ok,,3,3,0.0,501,115,0.2
osl-5100884,osl-5986273,openscore_lieder,musicxml_mxl,ok,,3,3,0.0,413,38,0.1
osl-5001717,osl-5986322,openscore_lieder,musicxml_mxl,ok,,3,3,0.0,937,253,0.2
osl-5001717,osl-5986508,openscore_lieder,musicxml_mxl,ok,,3,3,0.0,390,81,0.1
osl-5001717,osl-5986563,openscore_lieder,musicxml_mxl,ok,,3,3,0.0,462,162,0.1
osl-5001717,osl-5986599,openscore_lieder,musicxml_mxl,ok,,3,3,0.0,640,51,0.2
osl-5097140,osl-5987667,openscore_lieder,musicxml_mxl,ok,,3,3,0.0,2049,244,0.4
osl-5101840,osl-5987757,openscore_lieder,musicxml_mxl,ok,,3,3,0.0,665,50,0.1
osl-5101840,osl-5987806,openscore_lieder,musicxml_mxl,ok,,3,3,0.0,291,45,0.0
osl-5101840,osl-5987851,openscore_lieder,musicxml_mxl,ok,,3,3,0.0,1081,46,0.2
osl-5001717,osl-5987893,openscore_lieder,musicxml_mxl,ok,,3,3,0.0,1041,449,0.4
osl-5101840,osl-5987937,openscore_lieder,musicxml_mxl,ok,,3,3,0.0,451,49,0.0
osl-5101840,osl-5987963,openscore_lieder,musicxml_mxl,ok,,3,3,0.0,179,20,0.0
osl-5101840,osl-5987993,openscore_lieder,musicxml_mxl,ok,,3,3,0.0,726,110,0.1
osl-5101845,osl-5988112,openscore_lieder,musicxml_mxl,ok,,3,3,0.0,266,39,0.0
osl-5001717,osl-5988117,openscore_lieder,musicxml_mxl,ok,,3,3,0.0,626,279,0.2
osl-5101845,osl-5988341,openscore_lieder,musicxml_mxl,ok,,3,3,0.0,500,87,0.1
osl-5101686,osl-5988382,openscore_lieder,musicxml_mxl,ok,,3,3,0.0,629,123,0.1
osl-5101845,osl-5988388,openscore_lieder,musicxml_mxl,ok,,3,3,0.0,386,45,0.1
osl-5101845,osl-5988442,openscore_lieder,musicxml_mxl,ok,,3,3,0.0,256,82,0.1
osl-5101845,osl-5988489,openscore_lieder,musicxml_mxl,ok,,3,3,0.0,372,102,0.1
osl-5101845,osl-5989459,openscore_lieder,musicxml_mxl,ok,,3,3,0.0,516,43,0.1
osl-5101686,osl-5989772,openscore_lieder,musicxml_mxl,ok,,3,3,0.0,797,197,0.2
osl-5001731,osl-5989917,openscore_lieder,musicxml_mxl,ok,,3,3,0.0,935,326,0.2
osl-5001731,osl-5989993,openscore_lieder,musicxml_mxl,ok,,3,3,0.0,1106,488,0.2
osl-5001731,osl-5991174,openscore_lieder,musicxml_mxl,ok,,3,3,0.0,1411,602,0.3
osl-5001731,osl-5991189,openscore_lieder,musicxml_mxl,ok,,3,3,0.0,1526,739,0.3
osl-5100884,osl-5991353,openscore_lieder,musicxml_mxl,ok,,3,3,0.0,435,69,0.1
osl-5100884,osl-5991473,openscore_lieder,musicxml_mxl,ok,,3,3,0.0,1620,124,0.2
osl-5001717,osl-5991526,openscore_lieder,musicxml_mxl,ok,,3,3,0.0,802,181,0.2
osl-5001717,osl-5991686,openscore_lieder,musicxml_mxl,ok,,3,3,0.0,830,75,0.2
osl-5100884,osl-5994814,openscore_lieder,musicxml_mxl,ok,,3,3,0.0,1886,100,0.2
osl-5101904,osl-5995173,openscore_lieder,musicxml_mxl,ok,,3,3,0.0,1055,155,0.2
osl-5101904,osl-5995356,openscore_lieder,musicxml_mxl,ok,,3,3,0.0,821,244,0.3
osl-5101904,osl-5995407,openscore_lieder,musicxml_mxl,ok,,3,3,0.0,677,128,0.2
osl-5101904,osl-5995492,openscore_lieder,musicxml_mxl,ok,,3,3,0.0,1301,680,0.5
osl-5100884,osl-5995576,openscore_lieder,musicxml_mxl,ok,,3,2,0.333,113,24,0.0
osl-5100884,osl-5995663,openscore_lieder,musicxml_mxl,ok,,3,2,0.333,120,34,0.1
osl-5001731,osl-5998497,openscore_lieder,musicxml_mxl,ok,,3,3,0.0,2314,119,0.4
osl-5001731,osl-6000428,openscore_lieder,musicxml_mxl,ok,,3,3,0.0,1371,155,0.4
osl-5001731,osl-6001349,openscore_lieder,musicxml_mxl,ok,,3,3,0.0,697,275,0.1
osl-5001731,osl-6001354,openscore_lieder,musicxml_mxl,ok,,3,3,0.0,676,274,0.2
osl-5001731,osl-6002184,openscore_lieder,musicxml_mxl,ok,,3,3,0.0,1460,155,0.3
osl-5001731,osl-6002429,openscore_lieder,musicxml_mxl,ok,,3,3,0.0,1173,86,0.2
osl-5001731,osl-6005658,openscore_lieder,musicxml_mxl,ok,,4,4,0.0,570,140,0.2
osl-5001731,osl-6007571,openscore_lieder,musicxml_mxl,ok,,4,3,0.25,599,239,0.2
osl-5001731,osl-6007917,openscore_lieder,musicxml_mxl,ok,,3,3,0.0,1296,332,0.3
osl-5102015,osl-6009685,openscore_lieder,musicxml_mxl,ok,,3,3,0.0,1419,129,0.2
osl-5102015,osl-6009759,openscore_lieder,musicxml_mxl,ok,,3,3,0.0,314,26,0.1
osl-5001731,osl-6010628,openscore_lieder,musicxml_mxl,ok,,3,3,0.0,1060,589,0.3
osl-5001731,osl-6010916,openscore_lieder,musicxml_mxl,ok,,3,3,0.0,521,125,0.1
osl-5001731,osl-6011018,openscore_lieder,musicxml_mxl,ok,,3,3,0.0,935,300,0.3
osl-5001731,osl-6011095,openscore_lieder,musicxml_mxl,ok,,3,3,0.0,1256,1172,0.4
osl-5102030,osl-6012375,openscore_lieder,musicxml_mxl,ok,,4,4,0.0,1233,76,0.3
osl-5102030,osl-6012390,openscore_lieder,musicxml_mxl,ok,,4,4,0.0,1106,119,0.3
osl-5102031,osl-6012947,openscore_lieder,musicxml_mxl,ok,,3,3,0.0,219,23,0.0
osl-5102031,osl-6013106,openscore_lieder,musicxml_mxl,ok,,3,3,0.0,428,43,0.1
osl-5102031,osl-6013171,openscore_lieder,musicxml_mxl,ok,,3,3,0.0,246,18,0.0
osl-5102093,osl-6017264,openscore_lieder,musicxml_mxl,ok,,3,2,0.333,75,4,0.0
osl-5102093,osl-6017336,openscore_lieder,musicxml_mxl,ok,,3,3,0.0,287,18,0.0
osl-5001731,osl-6017382,openscore_lieder,musicxml_mxl,ok,,4,4,0.0,3018,858,0.5
osl-5001731,osl-6018965,openscore_lieder,musicxml_mxl,ok,,4,4,0.0,1476,233,0.4
osl-5102093,osl-6019054,openscore_lieder,musicxml_mxl,ok,,3,2,0.333,45,0,0.0
osl-5102093,osl-6019093,openscore_lieder,musicxml_mxl,ok,,3,3,0.0,129,7,0.0
osl-5102093,osl-6019300,openscore_lieder,musicxml_mxl,ok,,3,2,0.333,63,14,0.0
osl-5102093,osl-6021037,openscore_lieder,musicxml_mxl,ok,,3,3,0.0,174,6,0.0
osl-5102129,osl-6022146,openscore_lieder,musicxml_mxl,ok,,4,4,0.0,689,105,0.1
osl-5102129,osl-6022185,openscore_lieder,musicxml_mxl,ok,,3,3,0.0,513,177,0.1
osl-5102129,osl-6022316,openscore_lieder,musicxml_mxl,ok,,3,3,0.0,362,80,0.1
osl-5102093,osl-6022417,openscore_lieder,musicxml_mxl,ok,,3,3,0.0,143,20,0.0
osl-5102133,osl-6022950,openscore_lieder,musicxml_mxl,ok,,4,4,0.0,723,52,0.1
osl-5102133,osl-6023075,openscore_lieder,musicxml_mxl,ok,,4,4,0.0,1057,85,0.1
osl-5102133,osl-6024601,openscore_lieder,musicxml_mxl,ok,,4,4,0.0,548,46,0.0
osl-5102093,osl-6029206,openscore_lieder,musicxml_mxl,ok,,3,3,0.0,191,2,0.0
osl-5102093,osl-6030396,openscore_lieder,musicxml_mxl,ok,,3,3,0.0,184,20,0.0
osl-5102093,osl-6030481,openscore_lieder,musicxml_mxl,ok,,3,3,0.0,180,20,0.0
osl-5102133,osl-6034442,openscore_lieder,musicxml_mxl,ok,,4,4,0.0,436,12,0.1
osl-5102133,osl-6034473,openscore_lieder,musicxml_mxl,ok,,4,4,0.0,396,57,0.0
osl-5102133,osl-6034767,openscore_lieder,musicxml_mxl,ok,,4,4,0.0,1078,136,0.1
osl-5102093,osl-6039262,openscore_lieder,musicxml_mxl,ok,,3,3,0.0,180,15,0.0
osl-5102093,osl-6045936,openscore_lieder,musicxml_mxl,ok,,3,3,0.0,127,7,0.0
osl-5102093,osl-6047364,openscore_lieder,musicxml_mxl,ok,,3,3,0.0,194,13,0.0
osl-5102093,osl-6047553,openscore_lieder,musicxml_mxl,ok,,3,3,0.0,183,13,0.0
osl-5102093,osl-6050218,openscore_lieder,musicxml_mxl,ok,,3,3,0.0,202,9,0.0
osl-5102093,osl-6050301,openscore_lieder,musicxml_mxl,ok,,3,3,0.0,126,11,0.0
osl-5102093,osl-6050547,openscore_lieder,musicxml_mxl,ok,,3,3,0.0,178,10,0.0
osl-5102093,osl-6051638,openscore_lieder,musicxml_mxl,ok,,3,3,0.0,129,16,0.0
osl-5102093,osl-6051719,openscore_lieder,musicxml_mxl,ok,,3,3,0.0,119,18,0.0
osl-5102093,osl-6053913,openscore_lieder,musicxml_mxl,ok,,3,2,0.333,65,9,0.0
osl-5102093,osl-6053984,openscore_lieder,musicxml_mxl,ok,,3,3,0.0,110,4,0.0
osl-5102093,osl-6054087,openscore_lieder,musicxml_mxl,ok,,3,3,0.0,202,22,0.0
osl-5102093,osl-6054227,openscore_lieder,musicxml_mxl,ok,,3,3,0.0,237,44,0.1
osl-5102093,osl-6054943,openscore_lieder,musicxml_mxl,ok,,3,3,0.0,117,18,0.0
osl-5102396,osl-6059127,openscore_lieder,musicxml_mxl,ok,,3,3,0.0,186,32,0.0
osl-5102396,osl-6059385,openscore_lieder,musicxml_mxl,ok,,3,3,0.0,1105,180,0.1
osl-5102396,osl-6060661,openscore_lieder,musicxml_mxl,ok,,3,3,0.0,1304,65,0.2
osl-5102396,osl-6060726,openscore_lieder,musicxml_mxl,ok,,3,3,0.0,473,121,0.1
osl-5102396,osl-6061301,openscore_lieder,musicxml_mxl,ok,,3,3,0.0,1633,156,0.3
osl-5102396,osl-6062682,openscore_lieder,musicxml_mxl,ok,,3,3,0.0,797,96,0.2
osl-5102015,osl-6067231,openscore_lieder,musicxml_mxl,ok,,3,3,0.0,1932,147,0.3
osl-5102397,osl-6067798,openscore_lieder,musicxml_mxl,ok,,3,3,0.0,432,39,0.1
osl-5102397,osl-6068212,openscore_lieder,musicxml_mxl,ok,,3,3,0.0,773,83,0.2
osl-5096906,osl-6069162,openscore_lieder,musicxml_mxl,ok,,3,3,0.0,694,41,0.2
osl-5096906,osl-6069462,openscore_lieder,musicxml_mxl,ok,,3,3,0.0,548,122,0.1
osl-5102501,osl-6070235,openscore_lieder,musicxml_mxl,ok,,3,3,0.0,521,62,0.1
osl-5096906,osl-6071196,openscore_lieder,musicxml_mxl,ok,,3,3,0.0,1026,203,0.2
osl-5096906,osl-6073491,openscore_lieder,musicxml_mxl,ok,,3,3,0.0,663,88,0.1
osl-5102397,osl-6075217,openscore_lieder,musicxml_mxl,ok,,3,3,0.0,366,37,0.1
osl-5102397,osl-6077132,openscore_lieder,musicxml_mxl,ok,,3,3,0.0,525,92,0.1
osl-5102397,osl-6077196,openscore_lieder,musicxml_mxl,ok,,3,3,0.0,497,87,0.1
osl-5102397,osl-6077515,openscore_lieder,musicxml_mxl,ok,,3,3,0.0,425,67,0.1
osl-5102501,osl-6079502,openscore_lieder,musicxml_mxl,ok,,3,3,0.0,363,55,0.1
osl-5102501,osl-6085883,openscore_lieder,musicxml_mxl,ok,,3,3,0.0,350,31,0.1
osl-5102677,osl-6088572,openscore_lieder,musicxml_mxl,ok,,3,3,0.0,714,145,0.2
osl-5102677,osl-6088768,openscore_lieder,musicxml_mxl,ok,,3,3,0.0,1043,70,0.2
osl-5102677,osl-6089528,openscore_lieder,musicxml_mxl,ok,,3,3,0.0,675,45,0.1
osl-5102731,osl-6093956,openscore_lieder,musicxml_mxl,ok,,3,3,0.0,490,41,0.1
osl-5102731,osl-6095279,openscore_lieder,musicxml_mxl,ok,,3,3,0.0,887,133,0.2
osl-5096906,osl-6110297,openscore_lieder,musicxml_mxl,ok,,3,3,0.0,507,132,0.1
osl-5102093,osl-6111180,openscore_lieder,musicxml_mxl,ok,,3,3,0.0,216,54,0.1
osl-5102907,osl-6112984,openscore_lieder,musicxml_mxl,ok,,3,3,0.0,800,68,0.2
osl-5102907,osl-6114679,openscore_lieder,musicxml_mxl,ok,,3,3,0.0,493,18,0.1
osl-5102907,osl-6115317,openscore_lieder,musicxml_mxl,ok,,3,3,0.0,1428,34,0.2
osl-5102943,osl-6117412,openscore_lieder,musicxml_mxl,ok,,3,3,0.0,1153,410,0.2
osl-5102943,osl-6117552,openscore_lieder,musicxml_mxl,ok,,3,3,0.0,287,28,0.1
osl-5102943,osl-6117742,openscore_lieder,musicxml_mxl,ok,,3,3,0.0,656,97,0.1
osl-5102943,osl-6118156,openscore_lieder,musicxml_mxl,ok,,3,3,0.0,241,68,0.1
osl-5102943,osl-6118888,openscore_lieder,musicxml_mxl,ok,,3,3,0.0,212,24,0.0
osl-5102943,osl-6119892,openscore_lieder,musicxml_mxl,ok,,3,3,0.0,460,21,0.1
osl-5103000,osl-6125479,openscore_lieder,musicxml_mxl,ok,,4,4,0.0,1378,155,0.2
osl-5103000,osl-6126574,openscore_lieder,musicxml_mxl,ok,,4,4,0.0,1159,189,0.2
osl-5103000,osl-6128281,openscore_lieder,musicxml_mxl,ok,,4,4,0.0,1178,170,0.2
osl-5103034,osl-6130647,openscore_lieder,musicxml_mxl,ok,,3,3,0.0,786,109,0.2
osl-5103034,osl-6130751,openscore_lieder,musicxml_mxl,ok,,3,3,0.0,142,28,0.0
osl-5103034,osl-6130821,openscore_lieder,musicxml_mxl,ok,,3,3,0.0,608,21,0.1
osl-5102376,osl-6135958,openscore_lieder,musicxml_mxl,ok,,3,3,0.0,1086,217,0.2
osl-5103034,osl-6137812,openscore_lieder,musicxml_mxl,ok,,3,3,0.0,837,26,0.1
osl-5102376,osl-6137985,openscore_lieder,musicxml_mxl,ok,,3,3,0.0,648,70,0.2
osl-5102376,osl-6138105,openscore_lieder,musicxml_mxl,ok,,3,3,0.0,1029,96,0.2
osl-5102376,osl-6141092,openscore_lieder,musicxml_mxl,ok,,3,3,0.0,873,104,0.1
osl-5103034,osl-6141648,openscore_lieder,musicxml_mxl,ok,,3,3,0.0,234,26,0.1
osl-5103034,osl-6141796,openscore_lieder,musicxml_mxl,ok,,3,3,0.0,511,17,0.0
osl-5001717,osl-6147489,openscore_lieder,musicxml_mxl,ok,,3,3,0.0,678,117,0.2
osl-5103022,osl-6150402,openscore_lieder,musicxml_mxl,ok,,3,3,0.0,573,34,0.1
osl-5103022,osl-6151215,openscore_lieder,musicxml_mxl,ok,,3,3,0.0,463,82,0.1
osl-5103022,osl-6151337,openscore_lieder,musicxml_mxl,ok,,3,3,0.0,539,48,0.1
osl-5103022,osl-6151982,openscore_lieder,musicxml_mxl,ok,,3,3,0.0,482,40,0.1
osl-5103022,osl-6153376,openscore_lieder,musicxml_mxl,ok,,3,3,0.0,226,13,0.0
osl-5103022,osl-6153442,openscore_lieder,musicxml_mxl,ok,,3,3,0.0,558,60,0.1
osl-5103215,osl-6153748,openscore_lieder,musicxml_mxl,ok,,3,3,0.0,750,94,0.1
osl-5102696,osl-6154108,openscore_lieder,musicxml_mxl,ok,,3,3,0.0,527,92,0.1
osl-5103215,osl-6155444,openscore_lieder,musicxml_mxl,ok,,3,3,0.0,1520,90,0.3
osl-5103215,osl-6156388,openscore_lieder,musicxml_mxl,ok,,3,3,0.0,1298,282,0.3
osl-5103215,osl-6156587,openscore_lieder,musicxml_mxl,ok,,3,3,0.0,1785,176,0.3
osl-5103215,osl-6157272,openscore_lieder,musicxml_mxl,ok,,3,3,0.0,1323,219,0.3
osl-5102696,osl-6157283,openscore_lieder,musicxml_mxl,ok,,3,3,0.0,520,135,0.1
osl-5103215,osl-6157363,openscore_lieder,musicxml_mxl,ok,,3,3,0.0,1232,184,0.2
osl-5103253,osl-6158642,openscore_lieder,musicxml_mxl,ok,,2,2,0.0,107,8,0.0
osl-5103253,osl-6158825,openscore_lieder,musicxml_mxl,ok,,2,2,0.0,124,8,0.0
osl-5103253,osl-6159273,openscore_lieder,musicxml_mxl,ok,,2,2,0.0,135,12,0.0
osl-5103253,osl-6159296,openscore_lieder,musicxml_mxl,ok,,2,2,0.0,128,10,0.0
osl-5103263,osl-6159729,openscore_lieder,musicxml_mxl,ok,,3,3,0.0,265,40,0.1
osl-5103263,osl-6160298,openscore_lieder,musicxml_mxl,ok,,3,3,0.0,347,30,0.1
osl-5102696,osl-6160387,openscore_lieder,musicxml_mxl,ok,,3,3,0.0,519,47,0.1
osl-5103263,osl-6162644,openscore_lieder,musicxml_mxl,ok,,3,3,0.0,246,62,0.0
osl-5103263,osl-6162666,openscore_lieder,musicxml_mxl,ok,,3,3,0.0,465,72,0.0
osl-5103263,osl-6162720,openscore_lieder,musicxml_mxl,ok,,3,3,0.0,243,16,0.0
osl-5103253,osl-6163298,openscore_lieder,musicxml_mxl,ok,,2,2,0.0,330,22,0.0
osl-5103263,osl-6164142,openscore_lieder,musicxml_mxl,ok,,3,3,0.0,218,34,0.0
osl-5102696,osl-6164234,openscore_lieder,musicxml_mxl,ok,,3,3,0.0,572,201,0.2
osl-5103310,osl-6164267,openscore_lieder,musicxml_mxl,ok,,3,3,0.0,649,85,0.2
osl-5103310,osl-6164292,openscore_lieder,musicxml_mxl,ok,,3,3,0.0,482,163,0.1
osl-5103316,osl-6165152,openscore_lieder,musicxml_mxl,ok,,3,3,0.0,260,133,0.0
osl-5103316,osl-6165185,openscore_lieder,musicxml_mxl,ok,,3,3,0.0,505,61,0.1
osl-5103316,osl-6165226,openscore_lieder,musicxml_mxl,ok,,3,3,0.0,332,66,0.1
osl-5103316,osl-6166096,openscore_lieder,musicxml_mxl,ok,,3,3,0.0,827,114,0.2
osl-5103316,osl-6166144,openscore_lieder,musicxml_mxl,ok,,3,3,0.0,805,83,0.2
osl-5103328,osl-6166579,openscore_lieder,musicxml_mxl,ok,,2,2,0.0,3722,320,0.9
osl-5101391,osl-6169445,openscore_lieder,musicxml_mxl,ok,,3,3,0.0,408,66,0.1
osl-5102696,osl-6170065,openscore_lieder,musicxml_mxl,ok,,3,3,0.0,542,120,0.1
osl-5103369,osl-6171433,openscore_lieder,musicxml_mxl,ok,,3,3,0.0,452,28,0.1
osl-5103369,osl-6171447,openscore_lieder,musicxml_mxl,ok,,3,3,0.0,510,38,0.1
osl-5103381,osl-6173951,openscore_lieder,musicxml_mxl,ok,,3,3,0.0,488,27,0.1
osl-5103381,osl-6174024,openscore_lieder,musicxml_mxl,ok,,3,3,0.0,196,12,0.0
osl-5103381,osl-6174661,openscore_lieder,musicxml_mxl,ok,,3,3,0.0,327,11,0.0
osl-5101391,osl-6174723,openscore_lieder,musicxml_mxl,ok,,3,3,0.0,1201,285,0.2
osl-5103397,osl-6176486,openscore_lieder,musicxml_mxl,ok,,3,3,0.0,345,41,0.1
osl-5103398,osl-6177220,openscore_lieder,musicxml_mxl,ok,,3,3,0.0,136,12,0.0
osl-5103398,osl-6177233,openscore_lieder,musicxml_mxl,ok,,3,3,0.0,483,432,0.1
osl-5103398,osl-6177271,openscore_lieder,musicxml_mxl,ok,,3,3,0.0,381,27,0.1
osl-5103398,osl-6177442,openscore_lieder,musicxml_mxl,ok,,3,3,0.0,1131,32,0.1
osl-5103398,osl-6178990,openscore_lieder,musicxml_mxl,ok,,3,3,0.0,485,23,0.1
osl-5103398,osl-6179021,openscore_lieder,musicxml_mxl,ok,,3,3,0.0,473,30,0.1
osl-5103264,osl-6179246,openscore_lieder,musicxml_mxl,ok,,3,3,0.0,968,111,0.2
osl-5103264,osl-6179275,openscore_lieder,musicxml_mxl,ok,,3,3,0.0,601,93,0.1
osl-5103264,osl-6179292,openscore_lieder,musicxml_mxl,ok,,3,3,0.0,534,124,0.1
osl-5103264,osl-6179305,openscore_lieder,musicxml_mxl,ok,,3,3,0.0,252,23,0.1
osl-5103264,osl-6179338,openscore_lieder,musicxml_mxl,ok,,3,3,0.0,473,20,0.1
osl-5101602,osl-6180725,openscore_lieder,musicxml_mxl,ok,,3,3,0.0,293,42,0.0
osl-5103429,osl-6181050,openscore_lieder,musicxml_mxl,ok,,6,6,0.0,768,94,0.1
osl-5103429,osl-6181076,openscore_lieder,musicxml_mxl,ok,,3,3,0.0,1059,97,0.2
osl-5103429,osl-6181353,openscore_lieder,musicxml_mxl,ok,,3,3,0.0,2087,308,0.3
osl-5103429,osl-6182149,openscore_lieder,musicxml_mxl,ok,,5,5,0.0,460,163,0.1
osl-5103429,osl-6182173,openscore_lieder,musicxml_mxl,ok,,3,3,0.0,1840,366,0.3
osl-5102996,osl-6183554,openscore_lieder,musicxml_mxl,ok,,3,3,0.0,294,64,0.1
osl-5103497,osl-6189616,openscore_lieder,musicxml_mxl,ok,,3,3,0.0,887,126,0.2
osl-5103497,osl-6189622,openscore_lieder,musicxml_mxl,ok,,3,3,0.0,345,87,0.1
osl-5103497,osl-6189628,openscore_lieder,musicxml_mxl,ok,,3,3,0.0,483,66,0.1
osl-5103497,osl-6189637,openscore_lieder,musicxml_mxl,ok,,3,3,0.0,441,95,0.1
osl-5103497,osl-6189644,openscore_lieder,musicxml_mxl,ok,,3,3,0.0,448,52,0.2
osl-5103497,osl-6189652,openscore_lieder,musicxml_mxl,ok,,3,3,0.0,268,69,0.1
osl-5101391,osl-6189719,openscore_lieder,musicxml_mxl,ok,,3,3,0.0,1166,510,0.2
osl-5101391,osl-6190351,openscore_lieder,musicxml_mxl,ok,,3,3,0.0,1107,496,0.5
osl-5103527,osl-6195130,openscore_lieder,musicxml_mxl,ok,,3,3,0.0,316,21,0.1
osl-5103527,osl-6196720,openscore_lieder,musicxml_mxl,ok,,3,3,0.0,369,18,0.0
osl-5103527,osl-6196782,openscore_lieder,musicxml_mxl,ok,,3,3,0.0,647,117,0.1
osl-5103527,osl-6196804,openscore_lieder,musicxml_mxl,ok,,3,3,0.0,265,26,0.1
osl-5103527,osl-6196859,openscore_lieder,musicxml_mxl,ok,,3,3,0.0,1278,97,0.2
osl-5103527,osl-6196980,openscore_lieder,musicxml_mxl,ok,,3,3,0.0,470,31,0.1
osl-5103527,osl-6197282,openscore_lieder,musicxml_mxl,ok,,3,3,0.0,596,115,0.1
osl-5103527,osl-6197437,openscore_lieder,musicxml_mxl,ok,,3,3,0.0,654,23,0.1
osl-5103527,osl-6198815,openscore_lieder,musicxml_mxl,ok,,3,3,0.0,645,43,0.1
osl-5103527,osl-6198837,openscore_lieder,musicxml_mxl,ok,,3,3,0.0,711,20,0.1
osl-5102996,osl-6199572,openscore_lieder,musicxml_mxl,ok,,3,3,0.0,922,87,0.2
osl-5102996,osl-6199576,openscore_lieder,musicxml_mxl,ok,,3,3,0.0,1326,276,0.3
osl-5102996,osl-6199578,openscore_lieder,musicxml_mxl,ok,,3,3,0.0,401,65,0.1
osl-5103527,osl-6202167,openscore_lieder,musicxml_mxl,ok,,3,3,0.0,329,18,0.1
osl-5103527,osl-6202270,openscore_lieder,musicxml_mxl,ok,,3,3,0.0,860,45,0.1
osl-5103527,osl-6202319,openscore_lieder,musicxml_mxl,ok,,3,3,0.0,466,42,0.1
osl-5103539,osl-6202466,openscore_lieder,musicxml_mxl,ok,,3,3,0.0,598,28,0.1
osl-5103539,osl-6202530,openscore_lieder,musicxml_mxl,ok,,3,3,0.0,339,36,0.1
osl-5103539,osl-6202660,openscore_lieder,musicxml_mxl,ok,,3,3,0.0,282,15,0.1
osl-5103540,osl-6202745,openscore_lieder,musicxml_mxl,ok,,3,3,0.0,592,81,0.1
osl-5103593,osl-6205297,openscore_lieder,musicxml_mxl,ok,,6,6,0.0,1402,104,0.2
osl-5103593,osl-6205441,openscore_lieder,musicxml_mxl,ok,,3,3,0.0,978,69,0.2
osl-5103541,osl-6205639,openscore_lieder,musicxml_mxl,ok,,3,3,0.0,597,84,0.1
osl-5103541,osl-6205693,openscore_lieder,musicxml_mxl,ok,,3,3,0.0,570,80,0.2
osl-5103541,osl-6205716,openscore_lieder,musicxml_mxl,ok,,3,3,0.0,916,128,0.1
osl-5103547,osl-6205868,openscore_lieder,musicxml_mxl,ok,,3,3,0.0,881,66,0.2
osl-5103328,osl-6206972,openscore_lieder,musicxml_mxl,ok,,3,3,0.0,863,165,0.1
osl-5103328,osl-6207007,openscore_lieder,musicxml_mxl,ok,,3,3,0.0,560,43,0.1
osl-5103328,osl-6207018,openscore_lieder,musicxml_mxl,ok,,3,3,0.0,504,126,0.2
osl-5103328,osl-6207025,openscore_lieder,musicxml_mxl,ok,,3,3,0.0,585,108,0.1
osl-5103328,osl-6207045,openscore_lieder,musicxml_mxl,ok,,3,3,0.0,1075,142,0.2
osl-5103328,osl-6207048,openscore_lieder,musicxml_mxl,ok,,3,3,0.0,461,68,0.1
osl-5103328,osl-6207054,openscore_lieder,musicxml_mxl,ok,,3,3,0.0,1237,69,0.3
osl-5103328,osl-6207073,openscore_lieder,musicxml_mxl,ok,,3,3,0.0,935,195,0.2
osl-5103328,osl-6207085,openscore_lieder,musicxml_mxl,ok,,3,3,0.0,687,175,0.1
osl-5103328,osl-6207095,openscore_lieder,musicxml_mxl,ok,,3,3,0.0,962,46,0.1
osl-5103328,osl-6207100,openscore_lieder,musicxml_mxl,ok,,3,3,0.0,815,40,0.2
osl-5103328,osl-6207104,openscore_lieder,musicxml_mxl,ok,,3,3,0.0,1168,213,0.2
osl-5103710,osl-6209594,openscore_lieder,musicxml_mxl,ok,,3,3,0.0,305,22,0.0
osl-5103710,osl-6209602,openscore_lieder,musicxml_mxl,ok,,3,3,0.0,955,68,0.2
osl-5103710,osl-6209605,openscore_lieder,musicxml_mxl,ok,,3,3,0.0,283,58,0.0
osl-5103710,osl-6209607,openscore_lieder,musicxml_mxl,ok,,3,3,0.0,448,133,0.1
osl-5103710,osl-6209608,openscore_lieder,musicxml_mxl,ok,,3,3,0.0,715,74,0.2
osl-5103547,osl-6210474,openscore_lieder,musicxml_mxl,ok,,6,6,0.0,903,97,0.1
osl-5103592,osl-6210838,openscore_lieder,musicxml_mxl,ok,,3,3,0.0,499,51,0.1
osl-5103592,osl-6210961,openscore_lieder,musicxml_mxl,ok,,3,3,0.0,322,78,0.1
osl-5103592,osl-6211069,openscore_lieder,musicxml_mxl,ok,,3,3,0.0,216,29,0.0
osl-5103566,osl-6211535,openscore_lieder,musicxml_mxl,ok,,3,3,0.0,882,96,0.1
osl-5103566,osl-6211549,openscore_lieder,musicxml_mxl,ok,,3,3,0.0,957,193,0.2
osl-5103566,osl-6211555,openscore_lieder,musicxml_mxl,ok,,3,3,0.0,236,47,0.1
osl-5103566,osl-6211559,openscore_lieder,musicxml_mxl,ok,,3,3,0.0,798,187,0.2
osl-5103566,osl-6211561,openscore_lieder,musicxml_mxl,ok,,3,3,0.0,940,105,0.1
osl-5103592,osl-6211877,openscore_lieder,musicxml_mxl,ok,,3,3,0.0,1531,46,0.2
osl-5103592,osl-6211903,openscore_lieder,musicxml_mxl,ok,,3,3,0.0,680,46,0.1
osl-5103537,osl-6212179,openscore_lieder,musicxml_mxl,ok,,3,3,0.0,416,30,0.2
osl-5103537,osl-6212193,openscore_lieder,musicxml_mxl,ok,,3,3,0.0,875,80,0.2
osl-5103537,osl-6212196,openscore_lieder,musicxml_mxl,ok,,4,4,0.0,809,211,0.2
osl-5101248,osl-6214351,openscore_lieder,musicxml_mxl,ok,,3,3,0.0,1651,350,0.4
osl-5101248,osl-6214587,openscore_lieder,musicxml_mxl,ok,,3,3,0.0,1053,156,0.2
osl-5103550,osl-6214840,openscore_lieder,musicxml_mxl,ok,,3,3,0.0,375,162,0.1
osl-5103550,osl-6214844,openscore_lieder,musicxml_mxl,ok,,3,3,0.0,246,43,0.1
osl-5103550,osl-6214845,openscore_lieder,musicxml_mxl,ok,,3,3,0.0,477,59,0.1
osl-5103550,osl-6214846,openscore_lieder,musicxml_mxl,ok,,3,3,0.0,437,168,0.2
osl-5103550,osl-6214847,openscore_lieder,musicxml_mxl,ok,,3,3,0.0,571,53,0.1
osl-5103550,osl-6214848,openscore_lieder,musicxml_mxl,ok,,3,3,0.0,332,32,0.1
osl-5103573,osl-6215563,openscore_lieder,musicxml_mxl,ok,,6,6,0.0,585,51,0.1
osl-5101248,osl-6217099,openscore_lieder,musicxml_mxl,ok,,3,3,0.0,1607,136,0.3
osl-5101248,osl-6217375,openscore_lieder,musicxml_mxl,ok,,3,3,0.0,1994,262,0.4
osl-5101248,osl-6217488,openscore_lieder,musicxml_mxl,ok,,3,3,0.0,1286,168,0.2
osl-5101248,osl-6218315,openscore_lieder,musicxml_mxl,ok,,3,3,0.0,1454,304,0.3
osl-5103573,osl-6218722,openscore_lieder,musicxml_mxl,ok,,6,6,0.0,240,110,0.1
osl-5103573,osl-6218728,openscore_lieder,musicxml_mxl,ok,,6,6,0.0,542,49,0.1
osl-5103573,osl-6218732,openscore_lieder,musicxml_mxl,ok,,6,6,0.0,302,65,0.0
osl-5103573,osl-6218734,openscore_lieder,musicxml_mxl,ok,,6,6,0.0,1045,72,0.2
osl-5103573,osl-6218737,openscore_lieder,musicxml_mxl,ok,,6,6,0.0,436,20,0.0
osl-5103573,osl-6218740,openscore_lieder,musicxml_mxl,ok,,6,6,0.0,292,35,0.0
osl-5103573,osl-6218743,openscore_lieder,musicxml_mxl,ok,,6,6,0.0,437,105,0.1
osl-5103592,osl-6220532,openscore_lieder,musicxml_mxl,ok,,3,3,0.0,523,47,0.1
osl-5103592,osl-6221611,openscore_lieder,musicxml_mxl,ok,,3,3,0.0,706,45,0.1
osl-5103592,osl-6221650,openscore_lieder,musicxml_mxl,ok,,3,3,0.0,708,48,0.1
osl-5103592,osl-6221731,openscore_lieder,musicxml_mxl,ok,,3,3,0.0,345,40,0.1
osl-5103592,osl-6222828,openscore_lieder,musicxml_mxl,ok,,3,3,0.0,751,59,0.1
osl-5103561,osl-6230256,openscore_lieder,musicxml_mxl,ok,,3,3,0.0,698,14,0.1
osl-5103561,osl-6230258,openscore_lieder,musicxml_mxl,ok,,3,3,0.0,334,17,0.1
osl-5103561,osl-6230260,openscore_lieder,musicxml_mxl,ok,,3,3,0.0,643,24,0.1
osl-5103561,osl-6230261,openscore_lieder,musicxml_mxl,ok,,3,3,0.0,432,15,0.1
osl-5103540,osl-6230361,openscore_lieder,musicxml_mxl,ok,,3,3,0.0,493,129,0.1
osl-5103540,osl-6230776,openscore_lieder,musicxml_mxl,ok,,3,3,0.0,426,58,0.1
osl-5103493,osl-6232117,openscore_lieder,musicxml_mxl,ok,,4,4,0.0,1033,188,0.3
osl-5103528,osl-6232420,openscore_lieder,musicxml_mxl,ok,,3,3,0.0,397,73,0.1
osl-5103578,osl-6233544,openscore_lieder,musicxml_mxl,ok,,3,3,0.0,453,63,0.1
osl-5103578,osl-6233545,openscore_lieder,musicxml_mxl,ok,,3,3,0.0,709,64,0.2
osl-5103577,osl-6236149,openscore_lieder,musicxml_mxl,ok,,3,3,0.0,1010,83,0.1
osl-5103577,osl-6236150,openscore_lieder,musicxml_mxl,ok,,3,3,0.0,671,409,0.2
osl-5103577,osl-6236151,openscore_lieder,musicxml_mxl,ok,,3,3,0.0,815,26,0.2
osl-5103577,osl-6236152,openscore_lieder,musicxml_mxl,ok,,3,3,0.0,955,158,0.1
osl-5103577,osl-6236153,openscore_lieder,musicxml_mxl,ok,,3,3,0.0,500,29,0.1
osl-5103577,osl-6236154,openscore_lieder,musicxml_mxl,ok,,3,3,0.0,743,16,0.1
osl-5103577,osl-6236155,openscore_lieder,musicxml_mxl,ok,,3,3,0.0,1533,60,0.2
osl-5104018,osl-6239101,openscore_lieder,musicxml_mxl,ok,,3,3,0.0,1497,200,0.3
osl-5103585,osl-6243836,openscore_lieder,musicxml_mxl,ok,,3,3,0.0,832,380,0.3
osl-5103585,osl-6243838,openscore_lieder,musicxml_mxl,ok,,3,3,0.0,597,34,0.1
osl-5103585,osl-6243839,openscore_lieder,musicxml_mxl,ok,,3,3,0.0,853,170,0.2
osl-5103538,osl-6245971,openscore_lieder,musicxml_mxl,ok,,3,3,0.0,418,42,0.1
osl-5103538,osl-6245972,openscore_lieder,musicxml_mxl,ok,,3,3,0.0,937,190,0.2
osl-5103538,osl-6245973,openscore_lieder,musicxml_mxl,ok,,3,3,0.0,700,111,0.2
osl-5103538,osl-6245974,openscore_lieder,musicxml_mxl,ok,,3,3,0.0,370,32,0.1
osl-5104084,osl-6247269,openscore_lieder,musicxml_mxl,ok,,3,3,0.0,771,74,0.2
osl-5104084,osl-6247458,openscore_lieder,musicxml_mxl,ok,,3,3,0.0,329,61,0.0
osl-5104084,osl-6247576,openscore_lieder,musicxml_mxl,ok,,3,3,0.0,341,21,0.0
osl-5104084,osl-6247913,openscore_lieder,musicxml_mxl,ok,,5,4,0.2,422,133,0.1
osl-5103021,osl-6248301,openscore_lieder,musicxml_mxl,ok,,5,5,0.0,399,115,0.1
osl-5103021,osl-6248302,openscore_lieder,musicxml_mxl,ok,,3,3,0.0,585,12,0.1
osl-5103021,osl-6248303,openscore_lieder,musicxml_mxl,ok,,3,3,0.0,729,10,0.1
osl-5103021,osl-6248304,openscore_lieder,musicxml_mxl,ok,,3,3,0.0,187,16,0.1
osl-5103021,osl-6248305,openscore_lieder,musicxml_mxl,ok,,4,4,0.0,243,5,0.0
osl-5103021,osl-6248307,openscore_lieder,musicxml_mxl,ok,,3,3,0.0,327,44,0.1
osl-5104084,osl-6249298,openscore_lieder,musicxml_mxl,ok,,3,3,0.0,519,29,0.1
osl-5104084,osl-6249340,openscore_lieder,musicxml_mxl,ok,,3,3,0.0,311,24,0.0
osl-5103544,osl-6257518,openscore_lieder,musicxml_mxl,ok,,3,3,0.0,783,159,0.1
osl-5104223,osl-6258870,openscore_lieder,musicxml_mxl,ok,,3,3,0.0,227,59,0.0
osl-5104223,osl-6258930,openscore_lieder,musicxml_mxl,ok,,3,3,0.0,417,49,0.1
osl-5104223,osl-6259106,openscore_lieder,musicxml_mxl,ok,,3,3,0.0,235,26,0.0
osl-5104223,osl-6259403,openscore_lieder,musicxml_mxl,ok,,3,3,0.0,872,84,0.2
osl-5104226,osl-6259566,openscore_lieder,musicxml_mxl,ok,,3,3,0.0,759,98,0.1
osl-5104226,osl-6259568,openscore_lieder,musicxml_mxl,ok,,3,3,0.0,721,40,0.1
osl-5104226,osl-6259569,openscore_lieder,musicxml_mxl,ok,,3,3,0.0,445,46,0.2
osl-5104225,osl-6260167,openscore_lieder,musicxml_mxl,ok,,3,3,0.0,583,19,0.1
osl-5104225,osl-6260168,openscore_lieder,musicxml_mxl,ok,,3,3,0.0,713,211,0.2
osl-5104227,osl-6260377,openscore_lieder,musicxml_mxl,ok,,3,3,0.0,382,112,0.1
osl-5104227,osl-6260378,openscore_lieder,musicxml_mxl,ok,,3,3,0.0,476,46,0.1
osl-5104227,osl-6260379,openscore_lieder,musicxml_mxl,ok,,3,3,0.0,420,52,0.1
osl-5097140,osl-6260946,openscore_lieder,musicxml_mxl,ok,,3,3,0.0,465,42,0.1
osl-5097140,osl-6260992,openscore_lieder,musicxml_mxl,ok,,3,3,0.0,521,24,0.1
osl-5097140,osl-6261036,openscore_lieder,musicxml_mxl,ok,,3,3,0.0,518,36,0.1
osl-5097140,osl-6261607,openscore_lieder,musicxml_mxl,ok,,3,3,0.0,583,178,0.1
osl-5097140,osl-6262515,openscore_lieder,musicxml_mxl,ok,,3,3,0.0,755,37,0.1
osl-5097140,osl-6262544,openscore_lieder,musicxml_mxl,ok,,3,3,0.0,708,53,0.1
osl-5097140,osl-6263726,openscore_lieder,musicxml_mxl,ok,,3,3,0.0,582,78,0.2
osl-5097140,osl-6264558,openscore_lieder,musicxml_mxl,ok,,3,3,0.0,1084,61,0.2
osl-5097140,osl-6264559,openscore_lieder,musicxml_mxl,ok,,3,3,0.0,459,61,0.1
osl-5097140,osl-6264560,openscore_lieder,musicxml_mxl,ok,,3,3,0.0,354,58,0.1
osl-5097140,osl-6264562,openscore_lieder,musicxml_mxl,ok,,3,3,0.0,483,121,0.1
osl-5104240,osl-6267934,openscore_lieder,musicxml_mxl,ok,,3,3,0.0,301,189,0.1
osl-5104240,osl-6267935,openscore_lieder,musicxml_mxl,ok,,3,3,0.0,140,31,0.0
osl-5104240,osl-6267936,openscore_lieder,musicxml_mxl,ok,,3,3,0.0,223,42,0.0
osl-5097140,osl-6293357,openscore_lieder,musicxml_mxl,ok,,3,3,0.0,967,132,0.1
osl-5104578,osl-6302395,openscore_lieder,musicxml_mxl,ok,,4,4,0.0,1399,415,0.3
osl-5103449,osl-6304288,openscore_lieder,musicxml_mxl,ok,,3,3,0.0,587,89,0.1
osl-5097140,osl-6312216,openscore_lieder,musicxml_mxl,ok,,3,3,0.0,693,171,0.1
osl-5104578,osl-6320420,openscore_lieder,musicxml_mxl,ok,,4,4,0.0,1862,340,0.4
osl-5103544,osl-6322601,openscore_lieder,musicxml_mxl,ok,,3,3,0.0,416,67,0.1
osl-5104072,osl-6351349,openscore_lieder,musicxml_mxl,ok,,3,3,0.0,651,52,0.1
osl-5103551,osl-6377942,openscore_lieder,musicxml_mxl,ok,,3,3,0.0,1326,131,0.2
osl-5103551,osl-6378337,openscore_lieder,musicxml_mxl,ok,,3,3,0.0,268,132,0.1
osl-5103551,osl-6378373,openscore_lieder,musicxml_mxl,ok,,3,3,0.0,253,33,0.0
osl-5103551,osl-6379527,openscore_lieder,musicxml_mxl,ok,,3,3,0.0,598,141,0.2
osl-5103551,osl-6379750,openscore_lieder,musicxml_mxl,ok,,3,3,0.0,202,31,0.0
osl-5103429,osl-6389071,openscore_lieder,musicxml_mxl,ok,,3,3,0.0,1144,122,0.2
osl-5103429,osl-6389103,openscore_lieder,musicxml_mxl,ok,,3,3,0.0,487,142,0.1
osl-5104057,osl-6403636,openscore_lieder,musicxml_mxl,ok,,3,3,0.0,982,152,0.2
osl-5104057,osl-6403758,openscore_lieder,musicxml_mxl,ok,,3,3,0.0,851,61,0.1
osl-5104057,osl-6404150,openscore_lieder,musicxml_mxl,ok,,3,3,0.0,1576,247,0.3
osl-5104057,osl-6404394,openscore_lieder,musicxml_mxl,ok,,3,3,0.0,1198,170,0.2
osl-5104057,osl-6405467,openscore_lieder,musicxml_mxl,ok,,3,3,0.0,1104,232,0.2
osl-5104057,osl-6405594,openscore_lieder,musicxml_mxl,ok,,3,3,0.0,671,149,0.2
osl-5104057,osl-6407509,openscore_lieder,musicxml_mxl,ok,,3,3,0.0,656,153,0.1
osl-5104057,osl-6409323,openscore_lieder,musicxml_mxl,ok,,3,3,0.0,854,123,0.2
osl-5104057,osl-6412767,openscore_lieder,musicxml_mxl,ok,,3,3,0.0,1037,48,0.2
osl-5104057,osl-6414608,openscore_lieder,musicxml_mxl,ok,,3,3,0.0,836,269,0.1
osl-5097140,osl-6415075,openscore_lieder,musicxml_mxl,ok,,3,3,0.0,621,93,0.1
osl-5104057,osl-6416048,openscore_lieder,musicxml_mxl,ok,,3,3,0.0,817,213,0.2
osl-5104057,osl-6416290,openscore_lieder,musicxml_mxl,ok,,3,3,0.0,559,121,0.2
osl-5103535,osl-6420897,openscore_lieder,musicxml_mxl,ok,,4,4,0.0,745,295,0.2
osl-5103535,osl-6421627,openscore_lieder,musicxml_mxl,ok,,3,3,0.0,474,71,0.1
osl-5103535,osl-6421659,openscore_lieder,musicxml_mxl,ok,,3,3,0.0,422,68,0.1
osl-5103535,osl-6421815,openscore_lieder,musicxml_mxl,ok,,3,3,0.0,473,162,0.2
osl-5103535,osl-6424314,openscore_lieder,musicxml_mxl,ok,,3,3,0.0,378,107,0.1
osl-5105656,osl-6425218,openscore_lieder,musicxml_mxl,ok,,3,3,0.0,486,48,0.1
osl-5105656,osl-6425381,openscore_lieder,musicxml_mxl,ok,,3,3,0.0,645,70,0.1
osl-5105656,osl-6425416,openscore_lieder,musicxml_mxl,ok,,3,3,0.0,1041,193,0.2
osl-5105656,osl-6425475,openscore_lieder,musicxml_mxl,ok,,3,3,0.0,517,122,0.1
osl-5103545,osl-6434272,openscore_lieder,musicxml_mxl,ok,,3,3,0.0,693,53,0.1
osl-5103545,osl-6434317,openscore_lieder,musicxml_mxl,ok,,3,3,0.0,1114,143,0.2
osl-5103528,osl-6439639,openscore_lieder,musicxml_mxl,ok,,3,3,0.0,356,51,0.1
osl-5103528,osl-6439747,openscore_lieder,musicxml_mxl,ok,,3,3,0.0,405,46,0.1
osl-5105781,osl-6445119,openscore_lieder,musicxml_mxl,ok,,3,3,0.0,312,71,0.0
osl-5105780,osl-6446003,openscore_lieder,musicxml_mxl,ok,,3,3,0.0,942,78,0.2
osl-5103529,osl-6447286,openscore_lieder,musicxml_mxl,ok,,3,3,0.0,490,60,0.1
osl-5103529,osl-6447342,openscore_lieder,musicxml_mxl,ok,,3,3,0.0,399,24,0.1
osl-5103529,osl-6447372,openscore_lieder,musicxml_mxl,ok,,3,3,0.0,455,81,0.1
osl-5103530,osl-6447758,openscore_lieder,musicxml_mxl,ok,,3,3,0.0,558,89,0.1
osl-5103530,osl-6447825,openscore_lieder,musicxml_mxl,ok,,3,3,0.0,500,39,0.2
osl-5103530,osl-6447910,openscore_lieder,musicxml_mxl,ok,,3,3,0.0,679,31,0.1
osl-5105824,osl-6449397,openscore_lieder,musicxml_mxl,ok,,3,3,0.0,939,93,0.2
osl-5103544,osl-6451405,openscore_lieder,musicxml_mxl,ok,,3,3,0.0,330,41,0.1
osl-5103544,osl-6451773,openscore_lieder,musicxml_mxl,ok,,3,3,0.0,692,115,0.2
osl-5103544,osl-6451818,openscore_lieder,musicxml_mxl,ok,,3,3,0.0,293,36,0.1
osl-5105779,osl-6454673,openscore_lieder,musicxml_mxl,ok,,3,3,0.0,1677,166,0.3
osl-5105779,osl-6454809,openscore_lieder,musicxml_mxl,ok,,3,3,0.0,1954,114,0.3
osl-5105779,osl-6454913,openscore_lieder,musicxml_mxl,ok,,3,3,0.0,793,153,0.1
osl-5105779,osl-6456450,openscore_lieder,musicxml_mxl,ok,,3,3,0.0,1149,154,0.2
osl-5105779,osl-6456501,openscore_lieder,musicxml_mxl,ok,,3,3,0.0,850,142,0.1
osl-5105779,osl-6465778,openscore_lieder,musicxml_mxl,ok,,3,3,0.0,1263,233,0.2
osl-5103526,osl-6466145,openscore_lieder,musicxml_mxl,ok,,3,3,0.0,932,40,0.2
osl-5103552,osl-6469541,openscore_lieder,musicxml_mxl,ok,,3,3,0.0,2300,504,0.8
osl-5104071,osl-6471199,openscore_lieder,musicxml_mxl,ok,,3,3,0.0,724,101,0.1
osl-5104071,osl-6471377,openscore_lieder,musicxml_mxl,ok,,3,3,0.0,661,58,0.2
osl-5105779,osl-6472842,openscore_lieder,musicxml_mxl,ok,,3,3,0.0,1574,124,0.3
osl-5105779,osl-6474359,openscore_lieder,musicxml_mxl,ok,,3,3,0.0,1622,162,0.4
osl-5105779,osl-6474469,openscore_lieder,musicxml_mxl,ok,,3,3,0.0,496,107,0.1
osl-5105779,osl-6474604,openscore_lieder,musicxml_mxl,ok,,3,3,0.0,1514,225,0.3
osl-5103544,osl-6474919,openscore_lieder,musicxml_mxl,ok,,3,3,0.0,689,73,0.2
osl-5103544,osl-6476797,openscore_lieder,musicxml_mxl,ok,,3,3,0.0,906,92,0.2
osl-5103544,osl-6477819,openscore_lieder,musicxml_mxl,ok,,3,3,0.0,634,64,0.1
osl-5103544,osl-6478017,openscore_lieder,musicxml_mxl,ok,,3,3,0.0,393,43,0.1
osl-5105982,osl-6478624,openscore_lieder,musicxml_mxl,ok,,3,3,0.0,644,129,0.1
osl-5105982,osl-6479829,openscore_lieder,musicxml_mxl,ok,,3,3,0.0,744,169,0.2
osl-5105983,osl-6480111,openscore_lieder,musicxml_mxl,ok,,3,3,0.0,753,99,0.5
osl-5105986,osl-6480349,openscore_lieder,musicxml_mxl,ok,,3,3,0.0,87,198,0.1
osl-5106049,osl-6481218,openscore_lieder,musicxml_mxl,ok,,3,3,0.0,2025,288,0.5
osl-5106049,osl-6481941,openscore_lieder,musicxml_mxl,ok,,3,3,0.0,2703,509,0.6
osl-5106049,osl-6482032,openscore_lieder,musicxml_mxl,ok,,3,3,0.0,4829,928,1.0
osl-5105987,osl-6482928,openscore_lieder,musicxml_mxl,ok,,3,3,0.0,506,9,0.1
osl-5105987,osl-6484095,openscore_lieder,musicxml_mxl,ok,,3,3,0.0,1113,199,0.2
osl-5105987,osl-6484163,openscore_lieder,musicxml_mxl,ok,,4,4,0.0,757,189,0.2
osl-5106080,osl-6485233,openscore_lieder,musicxml_mxl,ok,,3,3,0.0,1493,119,0.3
osl-5105780,osl-6486038,openscore_lieder,musicxml_mxl,ok,,3,3,0.0,1028,198,0.2
osl-5106080,osl-6486395,openscore_lieder,musicxml_mxl,ok,,3,3,0.0,706,57,0.1
osl-5106080,osl-6486443,openscore_lieder,musicxml_mxl,ok,,3,3,0.0,207,10,0.1
osl-5106080,osl-6487832,openscore_lieder,musicxml_mxl,ok,,3,3,0.0,1388,132,0.2
osl-5106092,osl-6488630,openscore_lieder,musicxml_mxl,ok,,3,3,0.0,180,22,0.0
osl-5106092,osl-6491340,openscore_lieder,musicxml_mxl,ok,,3,3,0.0,428,43,0.1
osl-5106092,osl-6491353,openscore_lieder,musicxml_mxl,ok,,3,3,0.0,626,79,0.1
osl-5106092,osl-6491377,openscore_lieder,musicxml_mxl,ok,,3,3,0.0,885,155,0.2
osl-5106092,osl-6491411,openscore_lieder,musicxml_mxl,ok,,3,2,0.333,121,9,0.0
osl-5106092,osl-6491431,openscore_lieder,musicxml_mxl,ok,,3,3,0.0,199,18,0.0
osl-5106092,osl-6491461,openscore_lieder,musicxml_mxl,ok,,3,3,0.0,270,13,0.1
osl-5106092,osl-6491478,openscore_lieder,musicxml_mxl,ok,,3,2,0.333,118,22,0.0
osl-5100086,osl-6497657,openscore_lieder,musicxml_mxl,ok,,3,3,0.0,863,109,0.3
osl-5105990,osl-6499366,openscore_lieder,musicxml_mxl,ok,,3,3,0.0,283,59,0.1
osl-5105998,osl-6505010,openscore_lieder,musicxml_mxl,ok,,3,3,0.0,287,45,0.1
osl-5105998,osl-6505088,openscore_lieder,musicxml_mxl,ok,,3,3,0.0,635,67,0.2
osl-5105998,osl-6505652,openscore_lieder,musicxml_mxl,ok,,3,3,0.0,908,166,0.1
osl-5105998,osl-6507219,openscore_lieder,musicxml_mxl,ok,,3,3,0.0,851,76,0.3
osl-5105998,osl-6508497,openscore_lieder,musicxml_mxl,ok,,3,3,0.0,677,61,0.2
osl-5105998,osl-6508651,openscore_lieder,musicxml_mxl,ok,,3,3,0.0,535,106,0.1
osl-5105998,osl-6510065,openscore_lieder,musicxml_mxl,ok,,3,3,0.0,1282,218,0.2
osl-5106276,osl-6510449,openscore_lieder,musicxml_mxl,ok,,3,3,0.0,451,37,0.1
osl-5106276,osl-6510502,openscore_lieder,musicxml_mxl,ok,,3,3,0.0,385,31,0.1
osl-5104071,osl-6518082,openscore_lieder,musicxml_mxl,ok,,3,3,0.0,444,81,0.1
osl-5104071,osl-6518134,openscore_lieder,musicxml_mxl,ok,,3,3,0.0,743,187,0.2
osl-5104071,osl-6518141,openscore_lieder,musicxml_mxl,ok,,3,3,0.0,683,98,0.1
osl-5103579,osl-6546527,openscore_lieder,musicxml_mxl,ok,,3,3,0.0,932,99,0.2
osl-5106583,osl-6547240,openscore_lieder,musicxml_mxl,ok,,3,3,0.0,629,152,0.1
osl-5106583,osl-6548234,openscore_lieder,musicxml_mxl,ok,,3,3,0.0,599,56,0.1
osl-5106583,osl-6548253,openscore_lieder,musicxml_mxl,ok,,3,3,0.0,957,259,0.2
osl-5106583,osl-6548281,openscore_lieder,musicxml_mxl,ok,,3,3,0.0,1151,135,0.2
osl-5106583,osl-6548330,openscore_lieder,musicxml_mxl,ok,,3,3,0.0,907,127,0.2
osl-5103493,osl-6548435,openscore_lieder,musicxml_mxl,ok,,4,4,0.0,952,81,0.2
osl-5106617,osl-6550942,openscore_lieder,musicxml_mxl,ok,,8,8,0.0,2156,230,0.3
osl-5106666,osl-6564424,openscore_lieder,musicxml_mxl,ok,,3,3,0.0,869,71,0.3
osl-5106666,osl-6564767,openscore_lieder,musicxml_mxl,ok,,3,3,0.0,371,56,0.1
osl-5106666,osl-6564816,openscore_lieder,musicxml_mxl,ok,,3,3,0.0,556,270,0.2
osl-5104072,osl-6565727,openscore_lieder,musicxml_mxl,ok,,3,3,0.0,1205,150,0.3
osl-5079368,osl-6567603,openscore_lieder,musicxml_mxl,ok,,3,3,0.0,661,53,0.1
osl-5079368,osl-6568021,openscore_lieder,musicxml_mxl,ok,,3,3,0.0,588,183,0.1
osl-5105774,osl-6568070,openscore_lieder,musicxml_mxl,ok,,3,3,0.0,1075,132,0.4
osl-5106729,osl-6569855,openscore_lieder,musicxml_mxl,ok,,3,3,0.0,1191,98,0.2
osl-5106729,osl-6569865,openscore_lieder,musicxml_mxl,ok,,3,3,0.0,427,69,0.1
osl-5106730,osl-6570092,openscore_lieder,musicxml_mxl,ok,,3,3,0.0,586,90,0.1
osl-5106730,osl-6570192,openscore_lieder,musicxml_mxl,ok,,3,3,0.0,429,73,0.4
osl-5106730,osl-6570255,openscore_lieder,musicxml_mxl,ok,,3,3,0.0,715,230,0.2
osl-5106730,osl-6570310,openscore_lieder,musicxml_mxl,ok,,3,3,0.0,883,83,0.2
osl-5106651,osl-6571858,openscore_lieder,musicxml_mxl,ok,,3,3,0.0,271,21,0.0
osl-5106651,osl-6571960,openscore_lieder,musicxml_mxl,ok,,3,3,0.0,502,36,0.1
osl-5106651,osl-6572043,openscore_lieder,musicxml_mxl,ok,,3,3,0.0,451,59,0.0
osl-5106651,osl-6572423,openscore_lieder,musicxml_mxl,ok,,3,3,0.0,196,13,0.0
osl-5106651,osl-6573240,openscore_lieder,musicxml_mxl,ok,,3,3,0.0,467,115,0.1
osl-5106651,osl-6573275,openscore_lieder,musicxml_mxl,ok,,3,3,0.0,179,32,0.0
osl-5106657,osl-6573515,openscore_lieder,musicxml_mxl,ok,,4,4,0.0,542,123,0.2
osl-5106657,osl-6573701,openscore_lieder,musicxml_mxl,ok,,3,3,0.0,464,68,0.1
osl-5106658,osl-6573780,openscore_lieder,musicxml_mxl,ok,,3,3,0.0,1944,184,0.5
osl-5106660,osl-6574373,openscore_lieder,musicxml_mxl,ok,,3,3,0.0,431,141,0.1
osl-5106660,osl-6574450,openscore_lieder,musicxml_mxl,ok,,3,3,0.0,862,224,0.2
osl-5106660,osl-6575233,openscore_lieder,musicxml_mxl,ok,,3,3,0.0,968,165,0.2
osl-5106660,osl-6575283,openscore_lieder,musicxml_mxl,ok,,3,3,0.0,1590,208,0.2
osl-5106755,osl-6575317,openscore_lieder,musicxml_mxl,ok,,3,3,0.0,438,37,0.1
osl-5106755,osl-6575466,openscore_lieder,musicxml_mxl,ok,,3,3,0.0,934,66,0.2
osl-5106653,osl-6575645,openscore_lieder,musicxml_mxl,ok,,3,3,0.0,432,54,0.0
osl-5106653,osl-6575669,openscore_lieder,musicxml_mxl,ok,,3,3,0.0,351,35,0.1
osl-5106653,osl-6576011,openscore_lieder,musicxml_mxl,ok,,3,3,0.0,572,49,0.1
osl-5106653,osl-6577118,openscore_lieder,musicxml_mxl,ok,,3,3,0.0,660,120,0.1
osl-5106653,osl-6577137,openscore_lieder,musicxml_mxl,ok,,3,3,0.0,454,41,0.1
osl-5106652,osl-6577199,openscore_lieder,musicxml_mxl,ok,,3,3,0.0,565,42,0.1
osl-5106652,osl-6577218,openscore_lieder,musicxml_mxl,ok,,3,3,0.0,313,13,0.0
osl-5106652,osl-6577241,openscore_lieder,musicxml_mxl,ok,,3,3,0.0,420,72,0.1
osl-5106652,osl-6577426,openscore_lieder,musicxml_mxl,ok,,3,3,0.0,424,40,0.1
osl-5106652,osl-6577688,openscore_lieder,musicxml_mxl,ok,,3,3,0.0,324,41,0.0
osl-5106652,osl-6577737,openscore_lieder,musicxml_mxl,ok,,3,3,0.0,191,27,0.0
osl-5106660,osl-6581327,openscore_lieder,musicxml_mxl,ok,,3,3,0.0,1175,213,0.3
osl-5106660,osl-6581364,openscore_lieder,musicxml_mxl,ok,,3,3,0.0,401,118,0.1
osl-5106660,osl-6581778,openscore_lieder,musicxml_mxl,ok,,3,3,0.0,1136,658,0.2
osl-5106660,osl-6582062,openscore_lieder,musicxml_mxl,ok,,3,3,0.0,1448,263,0.3
osl-5106766,osl-6583477,openscore_lieder,musicxml_mxl,ok,,3,3,0.0,429,30,0.1
osl-5106766,osl-6583512,openscore_lieder,musicxml_mxl,ok,,3,3,0.0,474,46,0.1
osl-5106769,osl-6583907,openscore_lieder,musicxml_mxl,ok,,3,3,0.0,832,74,0.2
osl-5106769,osl-6583966,openscore_lieder,musicxml_mxl,ok,,3,3,0.0,1085,154,0.2
osl-5106882,osl-6585571,openscore_lieder,musicxml_mxl,ok,,3,3,0.0,696,116,0.1
osl-5106882,osl-6586675,openscore_lieder,musicxml_mxl,ok,,3,3,0.0,1308,314,0.3
osl-5106884,osl-6586696,openscore_lieder,musicxml_mxl,ok,,3,3,0.0,526,28,0.1
osl-5106886,osl-6586743,openscore_lieder,musicxml_mxl,ok,,3,3,0.0,534,33,0.2
osl-5106886,osl-6586916,openscore_lieder,musicxml_mxl,ok,,3,3,0.0,411,74,0.1
osl-5106885,osl-6586980,openscore_lieder,musicxml_mxl,ok,,3,3,0.0,168,37,0.0
osl-5106885,osl-6587062,openscore_lieder,musicxml_mxl,ok,,3,3,0.0,745,178,0.2
osl-5100086,osl-6587611,openscore_lieder,musicxml_mxl,ok,,3,3,0.0,1090,162,0.3
osl-5106885,osl-6588520,openscore_lieder,musicxml_mxl,ok,,3,3,0.0,251,79,0.1
osl-5106888,osl-6588799,openscore_lieder,musicxml_mxl,ok,,3,3,0.0,619,142,0.1
osl-5106888,osl-6588872,openscore_lieder,musicxml_mxl,ok,,3,3,0.0,461,87,0.1
osl-5106888,osl-6589315,openscore_lieder,musicxml_mxl,ok,,3,3,0.0,556,84,0.1
osl-5106889,osl-6592481,openscore_lieder,musicxml_mxl,ok,,3,3,0.0,766,103,0.3
osl-5106919,osl-6592539,openscore_lieder,musicxml_mxl,ok,,3,3,0.0,562,78,0.1
osl-5106919,osl-6592662,openscore_lieder,musicxml_mxl,ok,,3,3,0.0,424,193,0.1
osl-5106919,osl-6593095,openscore_lieder,musicxml_mxl,ok,,3,3,0.0,548,250,0.2
osl-5106919,osl-6594151,openscore_lieder,musicxml_mxl,ok,,3,3,0.0,357,26,0.0
osl-5106920,osl-6595529,openscore_lieder,musicxml_mxl,ok,,3,3,0.0,449,97,0.1
osl-5106920,osl-6598190,openscore_lieder,musicxml_mxl,ok,,3,3,0.0,252,31,0.0
osl-5106920,osl-6598231,openscore_lieder,musicxml_mxl,ok,,3,3,0.0,603,140,0.1
osl-5106920,osl-6598318,openscore_lieder,musicxml_mxl,ok,,3,3,0.0,771,89,0.2
osl-5106921,osl-6598368,openscore_lieder,musicxml_mxl,ok,,2,2,0.0,189,24,0.0
osl-5106922,osl-6598624,openscore_lieder,musicxml_mxl,ok,,3,3,0.0,275,17,0.0
osl-5106922,osl-6598677,openscore_lieder,musicxml_mxl,ok,,3,3,0.0,299,38,0.1
osl-5107056,osl-6600532,openscore_lieder,musicxml_mxl,ok,,3,3,0.0,2280,838,0.4
osl-5107056,osl-6600932,openscore_lieder,musicxml_mxl,ok,,3,3,0.0,717,174,0.2
osl-5107056,osl-6601006,openscore_lieder,musicxml_mxl,ok,,3,3,0.0,687,203,0.1
osl-5107056,osl-6601058,openscore_lieder,musicxml_mxl,ok,,3,3,0.0,836,92,0.2
osl-5107057,osl-6601231,openscore_lieder,musicxml_mxl,ok,,3,3,0.0,845,73,0.4
osl-5107057,osl-6602016,openscore_lieder,musicxml_mxl,ok,,3,3,0.0,645,204,0.1
osl-5107057,osl-6603244,openscore_lieder,musicxml_mxl,ok,,4,4,0.0,386,160,0.1
osl-5107057,osl-6604146,openscore_lieder,musicxml_mxl,ok,,3,3,0.0,859,95,0.2
osl-5107059,osl-6604179,openscore_lieder,musicxml_mxl,ok,,4,4,0.0,687,154,0.1
osl-5107059,osl-6604249,openscore_lieder,musicxml_mxl,ok,,4,4,0.0,640,88,0.1
osl-5107058,osl-6604420,openscore_lieder,musicxml_mxl,ok,,3,2,0.333,352,96,0.1
osl-5107080,osl-6605890,openscore_lieder,musicxml_mxl,ok,,3,3,0.0,271,36,0.1
osl-5107080,osl-6606089,openscore_lieder,musicxml_mxl,ok,,3,3,0.0,614,70,0.1
osl-5107096,osl-6606200,openscore_lieder,musicxml_mxl,ok,,3,3,0.0,883,169,0.1
osl-5107147,osl-6608395,openscore_lieder,musicxml_mxl,ok,,3,3,0.0,453,62,0.1
osl-5107146,osl-6609408,openscore_lieder,musicxml_mxl,ok,,6,6,0.0,496,87,0.2
osl-5107146,osl-6609481,openscore_lieder,musicxml_mxl,ok,,6,6,0.0,1507,559,0.2
osl-5107147,osl-6609555,openscore_lieder,musicxml_mxl,ok,,3,3,0.0,483,41,0.1
osl-5107147,osl-6609847,openscore_lieder,musicxml_mxl,ok,,3,3,0.0,481,86,0.1
osl-5107147,osl-6609884,openscore_lieder,musicxml_mxl,ok,,3,3,0.0,426,58,0.1
osl-5107147,osl-6610193,openscore_lieder,musicxml_mxl,ok,,3,3,0.0,397,81,0.1
osl-5107147,osl-6610246,openscore_lieder,musicxml_mxl,ok,,3,3,0.0,551,98,0.1
osl-5107147,osl-6611337,openscore_lieder,musicxml_mxl,ok,,3,3,0.0,548,29,0.1
osl-5107147,osl-6611543,openscore_lieder,musicxml_mxl,ok,,3,3,0.0,573,52,0.1
osl-5107147,osl-6611657,openscore_lieder,musicxml_mxl,ok,,3,3,0.0,903,290,0.2
osl-5107147,osl-6611741,openscore_lieder,musicxml_mxl,ok,,3,3,0.0,387,79,0.1
osl-5107147,osl-6611820,openscore_lieder,musicxml_mxl,ok,,3,3,0.0,515,117,0.1
osl-5107147,osl-6611874,openscore_lieder,musicxml_mxl,ok,,3,3,0.0,538,44,0.1
osl-5107148,osl-6613355,openscore_lieder,musicxml_mxl,ok,,5,5,0.0,1631,660,0.4
osl-5107148,osl-6613436,openscore_lieder,musicxml_mxl,ok,,3,3,0.0,418,195,0.1
osl-5107148,osl-6613481,openscore_lieder,musicxml_mxl,ok,,3,3,0.0,388,225,0.1
osl-5107148,osl-6614717,openscore_lieder,musicxml_mxl,ok,,5,5,0.0,720,435,0.2
osl-5107148,osl-6614760,openscore_lieder,musicxml_mxl,ok,,3,3,0.0,882,258,0.2
osl-5107148,osl-6615501,openscore_lieder,musicxml_mxl,ok,,3,3,0.0,1085,162,0.2
osl-5107149,osl-6617407,openscore_lieder,musicxml_mxl,ok,,3,3,0.0,776,67,0.1
osl-5107149,osl-6617779,openscore_lieder,musicxml_mxl,ok,,3,3,0.0,666,144,0.1
osl-5107149,osl-6620454,openscore_lieder,musicxml_mxl,ok,,3,3,0.0,927,77,0.1
osl-5107149,osl-6620571,openscore_lieder,musicxml_mxl,ok,,4,4,0.0,520,115,0.1
osl-5107149,osl-6620590,openscore_lieder,musicxml_mxl,ok,,3,3,0.0,563,79,0.1
osl-5107149,osl-6620711,openscore_lieder,musicxml_mxl,ok,,3,3,0.0,600,111,0.1
osl-5107149,osl-6620845,openscore_lieder,musicxml_mxl,ok,,3,3,0.0,599,85,0.1
osl-5107150,osl-6621051,openscore_lieder,musicxml_mxl,ok,,4,4,0.0,1527,202,0.3
osl-5107150,osl-6622431,openscore_lieder,musicxml_mxl,ok,,3,3,0.0,1192,252,0.2
osl-5106882,osl-6622814,openscore_lieder,musicxml_mxl,ok,,3,3,0.0,972,259,0.2
osl-5106882,osl-6623145,openscore_lieder,musicxml_mxl,ok,,3,3,0.0,816,268,0.2
osl-5106882,osl-6623221,openscore_lieder,musicxml_mxl,ok,,4,4,0.0,939,203,0.2
osl-5104018,osl-6624112,openscore_lieder,musicxml_mxl,ok,,3,3,0.0,889,326,0.2
osl-5104018,osl-6625925,openscore_lieder,musicxml_mxl,ok,,3,3,0.0,458,164,0.1
osl-5104018,osl-6625953,openscore_lieder,musicxml_mxl,ok,,3,3,0.0,717,135,0.2
osl-5104018,osl-6626192,openscore_lieder,musicxml_mxl,ok,,3,3,0.0,1496,135,0.2
osl-5104018,osl-6626468,openscore_lieder,musicxml_mxl,ok,,4,4,0.0,1461,463,0.3
osl-5104018,osl-6626922,openscore_lieder,musicxml_mxl,ok,,3,3,0.0,358,74,0.1
osl-5107151,osl-6627929,openscore_lieder,musicxml_mxl,ok,,3,3,0.0,227,21,0.0
osl-5107151,osl-6627964,openscore_lieder,musicxml_mxl,ok,,3,3,0.0,624,107,0.2
osl-5107151,osl-6628030,openscore_lieder,musicxml_mxl,ok,,3,3,0.0,885,115,0.2
osl-5107151,osl-6629619,openscore_lieder,musicxml_mxl,ok,,3,3,0.0,227,26,0.0
osl-5107151,osl-6629643,openscore_lieder,musicxml_mxl,ok,,3,3,0.0,420,44,0.1
osl-5107151,osl-6629724,openscore_lieder,musicxml_mxl,ok,,3,3,0.0,304,61,0.1
osl-5107151,osl-6629763,openscore_lieder,musicxml_mxl,ok,,3,3,0.0,382,89,0.1
osl-5107151,osl-6629787,openscore_lieder,musicxml_mxl,ok,,3,3,0.0,633,50,0.1
osl-5107151,osl-6629808,openscore_lieder,musicxml_mxl,ok,,3,3,0.0,548,31,0.1
osl-5107152,osl-6631610,openscore_lieder,musicxml_mxl,ok,,3,3,0.0,1388,188,0.3
osl-5107153,osl-6632270,openscore_lieder,musicxml_mxl,ok,,3,3,0.0,547,24,0.4
osl-5107407,osl-6634152,openscore_lieder,musicxml_mxl,ok,,3,3,0.0,428,92,0.1
osl-5107411,osl-6635391,openscore_lieder,musicxml_mxl,ok,,3,3,0.0,769,181,0.2
osl-5107411,osl-6635424,openscore_lieder,musicxml_mxl,ok,,3,3,0.0,553,58,0.1
osl-5107154,osl-6635580,openscore_lieder,musicxml_mxl,ok,,4,4,0.0,587,81,0.1
osl-5107154,osl-6636042,openscore_lieder,musicxml_mxl,ok,,4,4,0.0,928,204,0.2
osl-5107154,osl-6636096,openscore_lieder,musicxml_mxl,ok,,3,3,0.0,669,79,0.2
osl-5107154,osl-6637145,openscore_lieder,musicxml_mxl,ok,,4,4,0.0,952,138,0.1
osl-5107407,osl-6638810,openscore_lieder,musicxml_mxl,ok,,3,3,0.0,597,218,0.1
osl-5107407,osl-6639009,openscore_lieder,musicxml_mxl,ok,,3,3,0.0,878,91,0.1
osl-5107407,osl-6639381,openscore_lieder,musicxml_mxl,ok,,3,3,0.0,976,253,0.2
osl-5107407,osl-6641060,openscore_lieder,musicxml_mxl,ok,,3,3,0.0,1423,178,0.2
osl-5107407,osl-6641170,openscore_lieder,musicxml_mxl,ok,,3,3,0.0,516,49,0.1
osl-5107407,osl-6641589,openscore_lieder,musicxml_mxl,ok,,3,3,0.0,1500,160,0.3
osl-5107534,osl-6644591,openscore_lieder,musicxml_mxl,ok,,3,3,0.0,825,202,0.1
osl-5107534,osl-6644635,openscore_lieder,musicxml_mxl,ok,,3,3,0.0,728,47,0.2
osl-5107534,osl-6644955,openscore_lieder,musicxml_mxl,ok,,3,3,0.0,632,66,0.1
osl-5107534,osl-6645039,openscore_lieder,musicxml_mxl,ok,,3,3,0.0,530,54,0.1
osl-5107534,osl-6645396,openscore_lieder,musicxml_mxl,ok,,3,3,0.0,696,23,0.1
osl-5107543,osl-6646781,openscore_lieder,musicxml_mxl,ok,,5,5,0.0,1297,142,0.2
osl-5107543,osl-6646808,openscore_lieder,musicxml_mxl,ok,,3,3,0.0,747,101,0.1
osl-5107543,osl-6648208,openscore_lieder,musicxml_mxl,ok,,3,3,0.0,1036,94,0.2
osl-5107543,osl-6648595,openscore_lieder,musicxml_mxl,ok,,3,3,0.0,873,121,0.1
osl-5107543,osl-6648674,openscore_lieder,musicxml_mxl,ok,,3,3,0.0,1001,82,0.2
osl-5107543,osl-6649005,openscore_lieder,musicxml_mxl,ok,,3,3,0.0,814,65,0.1
osl-5107543,osl-6649053,openscore_lieder,musicxml_mxl,ok,,3,3,0.0,1004,56,0.1
osl-5107537,osl-6650166,openscore_lieder,musicxml_mxl,ok,,5,4,0.2,262,53,0.1
osl-5107542,osl-6650249,openscore_lieder,musicxml_mxl,ok,,3,3,0.0,868,79,0.2
osl-5107542,osl-6650388,openscore_lieder,musicxml_mxl,ok,,6,6,0.0,1393,0,0.2
osl-5107548,osl-6652350,openscore_lieder,musicxml_mxl,ok,,3,3,0.0,354,40,0.1
osl-5107548,osl-6652787,openscore_lieder,musicxml_mxl,ok,,4,4,0.0,1137,201,0.3
osl-5107547,osl-6654094,openscore_lieder,musicxml_mxl,ok,,3,3,0.0,583,59,0.1
osl-5107547,osl-6654137,openscore_lieder,musicxml_mxl,ok,,3,3,0.0,363,35,0.1
osl-5107547,osl-6654215,openscore_lieder,musicxml_mxl,ok,,3,3,0.0,914,67,0.2
osl-5107547,osl-6654252,openscore_lieder,musicxml_mxl,ok,,3,3,0.0,656,59,0.1
osl-5107547,osl-6654371,openscore_lieder,musicxml_mxl,ok,,3,3,0.0,612,67,0.1
osl-5107547,osl-6655823,openscore_lieder,musicxml_mxl,ok,,3,3,0.0,488,152,0.1
osl-5107547,osl-6655859,openscore_lieder,musicxml_mxl,ok,,3,3,0.0,320,31,0.1
osl-5107547,osl-6656152,openscore_lieder,musicxml_mxl,ok,,3,3,0.0,618,68,0.2
osl-5107547,osl-6656431,openscore_lieder,musicxml_mxl,ok,,3,3,0.0,546,79,0.1
osl-5107547,osl-6656769,openscore_lieder,musicxml_mxl,ok,,3,3,0.0,400,34,0.1
osl-5107692,osl-6660019,openscore_lieder,musicxml_mxl,ok,,3,3,0.0,372,209,0.1
osl-5107692,osl-6660043,openscore_lieder,musicxml_mxl,ok,,3,3,0.0,600,246,0.3
osl-5107692,osl-6660097,openscore_lieder,musicxml_mxl,ok,,3,3,0.0,311,96,0.1
osl-5107693,osl-6661509,openscore_lieder,musicxml_mxl,ok,,3,3,0.0,371,118,0.1
osl-5107693,osl-6661586,openscore_lieder,musicxml_mxl,ok,,3,3,0.0,360,154,0.1
osl-5107693,osl-6661632,openscore_lieder,musicxml_mxl,ok,,3,3,0.0,390,117,0.1
osl-5107693,osl-6661685,openscore_lieder,musicxml_mxl,ok,,3,3,0.0,742,131,0.1
osl-5107694,osl-6663305,openscore_lieder,musicxml_mxl,ok,,3,3,0.0,973,44,0.1
osl-5107694,osl-6663350,openscore_lieder,musicxml_mxl,ok,,3,3,0.0,612,70,0.2
osl-5107694,osl-6663427,openscore_lieder,musicxml_mxl,ok,,3,3,0.0,507,71,0.1
osl-5107787,osl-6665104,openscore_lieder,musicxml_mxl,ok,,3,3,0.0,1133,262,0.3
osl-5107695,osl-6666995,openscore_lieder,musicxml_mxl,ok,,2,2,0.0,417,85,0.0
osl-5107695,osl-6667483,openscore_lieder,musicxml_mxl,ok,,3,3,0.0,665,199,0.1
osl-5107695,osl-6669339,openscore_lieder,musicxml_mxl,ok,,3,3,0.0,768,251,0.2
osl-5107708,osl-6670960,openscore_lieder,musicxml_mxl,ok,,3,3,0.0,708,407,0.5
osl-5106617,osl-6679725,openscore_lieder,musicxml_mxl,ok,,6,6,0.0,1341,171,0.2
osl-5106617,osl-6681689,openscore_lieder,musicxml_mxl,ok,,9,9,0.0,3132,544,0.6
osl-5106617,osl-6682890,openscore_lieder,musicxml_mxl,ok,,6,6,0.0,2084,358,0.3
osl-5106617,osl-6683117,openscore_lieder,musicxml_mxl,ok,,6,6,0.0,1065,66,0.1
osl-5106617,osl-6683352,openscore_lieder,musicxml_mxl,ok,,6,6,0.0,1956,104,0.2
osl-5106617,osl-6683493,openscore_lieder,musicxml_mxl,ok,,7,7,0.0,1226,142,0.1
osl-5106617,osl-6684909,openscore_lieder,musicxml_mxl,ok,,8,8,0.0,1936,256,0.3
osl-5106617,osl-6685238,openscore_lieder,musicxml_mxl,ok,,6,6,0.0,1010,42,0.1
osl-5106617,osl-6686265,openscore_lieder,musicxml_mxl,ok,,6,6,0.0,2294,117,0.3
osl-5107949,osl-6686592,openscore_lieder,musicxml_mxl,ok,,3,3,0.0,1537,125,0.3
osl-5107949,osl-6686901,openscore_lieder,musicxml_mxl,ok,,3,3,0.0,564,132,0.2
osl-5107949,osl-6686980,openscore_lieder,musicxml_mxl,ok,,3,3,0.0,539,86,0.1
osl-5107949,osl-6687153,openscore_lieder,musicxml_mxl,ok,,3,3,0.0,1349,196,0.3
osl-5106617,osl-6688176,openscore_lieder,musicxml_mxl,ok,,6,6,0.0,2019,184,0.3
osl-5106617,osl-6688667,openscore_lieder,musicxml_mxl,ok,,8,8,0.0,3361,387,0.4
osl-5106617,osl-6690090,openscore_lieder,musicxml_mxl,ok,,7,7,0.0,1334,131,0.2
osl-5108199,osl-6715306,openscore_lieder,musicxml_mxl,ok,,3,3,0.0,153,83,0.0
osl-5108199,osl-6715339,openscore_lieder,musicxml_mxl,ok,,3,3,0.0,215,90,0.0
osl-5108199,osl-6715795,openscore_lieder,musicxml_mxl,ok,,3,3,0.0,164,69,0.0
osl-5108199,osl-6716614,openscore_lieder,musicxml_mxl,ok,,3,3,0.0,179,65,0.1
osl-5108199,osl-6716631,openscore_lieder,musicxml_mxl,ok,,3,3,0.0,217,58,0.0
osl-5108200,osl-6725471,openscore_lieder,musicxml_mxl,ok,,3,3,0.0,398,182,0.1
osl-5108200,osl-6725510,openscore_lieder,musicxml_mxl,ok,,3,3,0.0,251,120,0.1
osl-5108200,osl-6725782,openscore_lieder,musicxml_mxl,ok,,3,3,0.0,251,149,0.1
osl-5108200,osl-6725890,openscore_lieder,musicxml_mxl,ok,,3,3,0.0,97,44,0.0
osl-5108200,osl-6726319,openscore_lieder,musicxml_mxl,ok,,3,3,0.0,152,40,0.0
osl-5106654,osl-6751462,openscore_lieder,musicxml_mxl,ok,,3,3,0.0,342,42,0.1
osl-5104072,osl-6753259,openscore_lieder,musicxml_mxl,ok,,3,3,0.0,480,10,0.1
osl-5106654,osl-6753337,openscore_lieder,musicxml_mxl,ok,,3,3,0.0,217,40,0.1
osl-5106654,osl-6753345,openscore_lieder,musicxml_mxl,ok,,3,3,0.0,393,17,0.0
osl-5106654,osl-6753349,openscore_lieder,musicxml_mxl,ok,,4,4,0.0,672,280,0.2
osl-5106654,osl-6753355,openscore_lieder,musicxml_mxl,ok,,3,3,0.0,383,59,0.1
osl-5106656,osl-6757520,openscore_lieder,musicxml_mxl,ok,,4,4,0.0,771,102,0.1
osl-5106656,osl-6758594,openscore_lieder,musicxml_mxl,ok,,3,3,0.0,197,53,0.1
osl-5106656,osl-6760929,openscore_lieder,musicxml_mxl,ok,,3,3,0.0,238,45,0.1
osl-5106656,osl-6761038,openscore_lieder,musicxml_mxl,ok,,3,3,0.0,506,38,0.1
osl-5106656,osl-6761202,openscore_lieder,musicxml_mxl,ok,,3,3,0.0,383,88,0.1
osl-5106656,osl-6762153,openscore_lieder,musicxml_mxl,ok,,4,4,0.0,1842,132,0.2
osl-5106656,osl-6762513,openscore_lieder,musicxml_mxl,ok,,5,5,0.0,533,158,0.1
osl-5106656,osl-6764425,openscore_lieder,musicxml_mxl,ok,,6,6,0.0,606,165,0.1
osl-5106656,osl-6764874,openscore_lieder,musicxml_mxl,ok,,3,3,0.0,744,122,0.2
osl-5106656,osl-6765984,openscore_lieder,musicxml_mxl,ok,,3,3,0.0,915,67,0.2
osl-5106656,osl-6766045,openscore_lieder,musicxml_mxl,ok,,5,5,0.0,385,93,0.1
osl-5106656,osl-6766368,openscore_lieder,musicxml_mxl,ok,,4,4,0.0,1316,188,0.2
osl-5108674,osl-6772652,openscore_lieder,musicxml_mxl,ok,,3,3,0.0,1311,70,0.2
osl-5108674,osl-6772888,openscore_lieder,musicxml_mxl,ok,,3,3,0.0,444,19,0.1
osl-5103542,osl-6785268,openscore_lieder,musicxml_mxl,ok,,6,6,0.0,1107,326,0.2
osl-5103542,osl-6788150,openscore_lieder,musicxml_mxl,ok,,6,6,0.0,1165,260,0.1
osl-5103542,osl-6788555,openscore_lieder,musicxml_mxl,ok,,6,6,0.0,1992,563,0.3
osl-5103542,osl-6789660,openscore_lieder,musicxml_mxl,ok,,6,6,0.0,1730,466,0.2
osl-5103542,osl-6789668,openscore_lieder,musicxml_mxl,ok,,6,6,0.0,2008,407,0.3
osl-5103542,osl-6789677,openscore_lieder,musicxml_mxl,ok,,6,6,0.0,572,268,0.2
osl-5103542,osl-6793692,openscore_lieder,musicxml_mxl,ok,,6,6,0.0,1059,210,0.1
osl-5103542,osl-6793961,openscore_lieder,musicxml_mxl,ok,,6,6,0.0,2250,278,0.3
osl-5103542,osl-6794671,openscore_lieder,musicxml_mxl,ok,,6,6,0.0,1131,192,0.2
osl-5032875,osl-6800412,openscore_lieder,musicxml_mxl,ok,,3,3,0.0,544,206,0.1
osl-5032875,osl-6800506,openscore_lieder,musicxml_mxl,ok,,3,3,0.0,518,108,0.3
osl-5032875,osl-6801340,openscore_lieder,musicxml_mxl,ok,,3,3,0.0,446,71,0.1
osl-5032875,osl-6801402,openscore_lieder,musicxml_mxl,ok,,3,3,0.0,444,42,0.1
osl-5032875,osl-6801790,openscore_lieder,musicxml_mxl,ok,,3,3,0.0,1142,175,0.3
osl-5032887,osl-6804721,openscore_lieder,musicxml_mxl,ok,,3,3,0.0,318,31,0.1
osl-5032887,osl-6804766,openscore_lieder,musicxml_mxl,ok,,3,3,0.0,569,79,0.1
osl-5032887,osl-6805149,openscore_lieder,musicxml_mxl,ok,,3,3,0.0,732,76,0.2
osl-5032887,osl-6806109,openscore_lieder,musicxml_mxl,ok,,3,3,0.0,340,60,0.1
osl-5032887,osl-6806187,openscore_lieder,musicxml_mxl,ok,,3,3,0.0,451,109,0.1
osl-5109140,osl-6806626,openscore_lieder,musicxml_mxl,ok,,3,3,0.0,308,75,0.1
osl-5109140,osl-6808938,openscore_lieder,musicxml_mxl,ok,,3,3,0.0,318,51,0.1
osl-5108674,osl-6810863,openscore_lieder,musicxml_mxl,ok,,3,3,0.0,756,28,0.1
osl-5109143,osl-6810938,openscore_lieder,musicxml_mxl,ok,,3,3,0.0,586,27,0.3
osl-5109143,osl-6811470,openscore_lieder,musicxml_mxl,ok,,3,3,0.0,275,41,0.0
osl-5109143,osl-6812631,openscore_lieder,musicxml_mxl,ok,,3,3,0.0,350,83,0.1
osl-5109143,osl-6812991,openscore_lieder,musicxml_mxl,ok,,3,3,0.0,319,24,0.0
osl-5109143,osl-6813842,openscore_lieder,musicxml_mxl,ok,,3,3,0.0,398,63,0.1
osl-5109143,osl-6816059,openscore_lieder,musicxml_mxl,ok,,3,3,0.0,322,63,0.1
osl-5109140,osl-6826058,openscore_lieder,musicxml_mxl,ok,,3,3,0.0,557,49,0.1
osl-5109140,osl-6826157,openscore_lieder,musicxml_mxl,ok,,3,3,0.0,636,67,0.1
osl-5109333,osl-6826352,openscore_lieder,musicxml_mxl,ok,,3,3,0.0,572,95,0.1
osl-5109333,osl-6826597,openscore_lieder,musicxml_mxl,ok,,3,3,0.0,993,135,0.2
osl-5109140,osl-6827644,openscore_lieder,musicxml_mxl,ok,,3,3,0.0,373,22,0.1
osl-5109333,osl-6827712,openscore_lieder,musicxml_mxl,ok,,3,3,0.0,942,112,0.2
osl-5109333,osl-6828018,openscore_lieder,musicxml_mxl,ok,,3,3,0.0,365,59,0.1
osl-5109140,osl-6829065,openscore_lieder,musicxml_mxl,ok,,3,3,0.0,302,42,0.0
osl-5101602,osl-6834411,openscore_lieder,musicxml_mxl,ok,,3,3,0.0,227,28,0.1
osl-5109410,osl-6834474,openscore_lieder,musicxml_mxl,ok,,3,3,0.0,655,13,0.1
osl-5109333,osl-6834542,openscore_lieder,musicxml_mxl,ok,,3,3,0.0,440,18,0.1
osl-5109331,osl-6834588,openscore_lieder,musicxml_mxl,ok,,3,3,0.0,613,194,0.1
osl-5109332,osl-6834630,openscore_lieder,musicxml_mxl,ok,,3,3,0.0,825,46,0.1
osl-5109410,osl-6838113,openscore_lieder,musicxml_mxl,ok,,3,3,0.0,2071,121,0.4
osl-5079544,osl-6877413,openscore_lieder,musicxml_mxl,ok,,3,3,0.0,1912,81,0.2
osl-5079544,osl-6877530,openscore_lieder,musicxml_mxl,ok,,3,3,0.0,1451,209,0.2
osl-5079544,osl-6877589,openscore_lieder,musicxml_mxl,ok,,3,3,0.0,1060,218,0.2
osl-5079544,osl-6878940,openscore_lieder,musicxml_mxl,ok,,4,4,0.0,1691,264,0.4
osl-5109331,osl-6885211,openscore_lieder,musicxml_mxl,ok,,3,3,0.0,944,37,0.1
osl-5109331,osl-6885263,openscore_lieder,musicxml_mxl,ok,,3,3,0.0,504,113,0.1
osl-5079544,osl-6888209,openscore_lieder,musicxml_mxl,ok,,3,3,0.0,1109,177,0.3
osl-5109331,osl-6891758,openscore_lieder,musicxml_mxl,ok,,3,3,0.0,1039,163,0.1
osl-5079544,osl-6894036,openscore_lieder,musicxml_mxl,ok,,3,3,0.0,1040,400,0.2
osl-5079544,osl-6895220,openscore_lieder,musicxml_mxl,ok,,3,3,0.0,2770,86,0.3
osl-5079544,osl-6895581,openscore_lieder,musicxml_mxl,ok,,3,3,0.0,789,117,0.2
osl-5079544,osl-6898041,openscore_lieder,musicxml_mxl,ok,,3,3,0.0,758,153,0.1
osl-5079544,osl-6898141,openscore_lieder,musicxml_mxl,ok,,3,3,0.0,347,42,0.1
osl-5101602,osl-6900961,openscore_lieder,musicxml_mxl,ok,,3,3,0.0,735,105,0.2
osl-5079544,osl-6901078,openscore_lieder,musicxml_mxl,ok,,3,3,0.0,1289,130,0.2
osl-5079544,osl-6901197,openscore_lieder,musicxml_mxl,ok,,3,3,0.0,511,159,0.1
osl-5079544,osl-6902355,openscore_lieder,musicxml_mxl,ok,,3,3,0.0,1135,51,0.1
osl-5079544,osl-6902615,openscore_lieder,musicxml_mxl,ok,,3,3,0.0,1850,104,0.3
osl-5079544,osl-6903010,openscore_lieder,musicxml_mxl,ok,,3,3,0.0,1598,269,0.3
osl-5079544,osl-6903757,openscore_lieder,musicxml_mxl,ok,,3,3,0.0,1818,453,0.4
osl-5079544,osl-6905092,openscore_lieder,musicxml_mxl,ok,,3,3,0.0,1153,301,0.3
osl-5079544,osl-6906944,openscore_lieder,musicxml_mxl,ok,,3,3,0.0,1602,367,0.3
osl-5079544,osl-6908450,openscore_lieder,musicxml_mxl,ok,,3,3,0.0,1775,761,0.5
osl-5109331,osl-6909438,openscore_lieder,musicxml_mxl,ok,,3,3,0.0,362,80,0.1
osl-5109331,osl-6909543,openscore_lieder,musicxml_mxl,ok,,3,3,0.0,249,80,0.0
osl-5109331,osl-6909785,openscore_lieder,musicxml_mxl,ok,,3,3,0.0,299,99,0.1
osl-5109331,osl-6909797,openscore_lieder,musicxml_mxl,ok,,3,3,0.0,369,34,0.1
osl-5108131,osl-6910483,openscore_lieder,musicxml_mxl,ok,,6,6,0.0,437,54,0.1
osl-5108131,osl-6910499,openscore_lieder,musicxml_mxl,ok,,3,3,0.0,270,17,0.0
osl-5109331,osl-6910703,openscore_lieder,musicxml_mxl,ok,,3,3,0.0,531,125,0.1
osl-5109331,osl-6914397,openscore_lieder,musicxml_mxl,ok,,3,3,0.0,965,106,0.1
osl-5109331,osl-6915474,openscore_lieder,musicxml_mxl,ok,,3,3,0.0,702,159,0.1
osl-5109331,osl-6915685,openscore_lieder,musicxml_mxl,ok,,3,3,0.0,223,15,0.0
osl-5109331,osl-6915729,openscore_lieder,musicxml_mxl,ok,,3,3,0.0,553,88,0.1
osl-5109331,osl-6915753,openscore_lieder,musicxml_mxl,ok,,3,3,0.0,227,14,0.1
osl-5109331,osl-6916642,openscore_lieder,musicxml_mxl,ok,,3,3,0.0,502,64,0.1
osl-5109331,osl-6917116,openscore_lieder,musicxml_mxl,ok,,3,3,0.0,247,15,0.0
osl-5109331,osl-6925763,openscore_lieder,musicxml_mxl,ok,,3,3,0.0,924,218,0.1
osl-5109331,osl-6965894,openscore_lieder,musicxml_mxl,ok,,3,3,0.0,446,92,0.1
osl-5109331,osl-6969398,openscore_lieder,musicxml_mxl,ok,,4,4,0.0,269,90,0.1
osl-5109331,osl-6974646,openscore_lieder,musicxml_mxl,ok,,3,3,0.0,374,21,0.1
osl-5109331,osl-6979621,openscore_lieder,musicxml_mxl,ok,,3,3,0.0,227,61,0.0
osl-5109331,osl-6980134,openscore_lieder,musicxml_mxl,ok,,3,3,0.0,355,85,0.1
osl-5109331,osl-6980464,openscore_lieder,musicxml_mxl,ok,,3,3,0.0,275,24,0.0
osl-5109331,osl-6981173,openscore_lieder,musicxml_mxl,ok,,3,3,0.0,297,18,0.1
osl-5109331,osl-6982729,openscore_lieder,musicxml_mxl,ok,,3,3,0.0,300,22,0.0
osl-5109331,osl-6982743,openscore_lieder,musicxml_mxl,ok,,3,3,0.0,471,260,0.1
osl-5109332,osl-6984262,openscore_lieder,musicxml_mxl,ok,,3,3,0.0,197,26,0.0
osl-5109332,osl-6984553,openscore_lieder,musicxml_mxl,ok,,3,3,0.0,1129,173,0.3
osl-5109332,osl-6984631,openscore_lieder,musicxml_mxl,ok,,3,3,0.0,574,33,0.1
osl-5109332,osl-6985082,openscore_lieder,musicxml_mxl,ok,,3,3,0.0,616,71,0.2
osl-5110233,osl-6986065,openscore_lieder,musicxml_mxl,ok,,3,3,0.0,176,185,0.0
osl-5110233,osl-6986302,openscore_lieder,musicxml_mxl,ok,,3,3,0.0,670,324,0.2
osl-5110233,osl-6987705,openscore_lieder,musicxml_mxl,ok,,3,3,0.0,1233,373,0.2
osl-5110233,osl-6987889,openscore_lieder,musicxml_mxl,ok,,3,3,0.0,181,28,0.1
osl-5110243,osl-6988229,openscore_lieder,musicxml_mxl,ok,,3,3,0.0,109,17,0.0
osl-5110240,osl-6989204,openscore_lieder,musicxml_mxl,ok,,3,3,0.0,323,48,0.0
osl-5110240,osl-6989284,openscore_lieder,musicxml_mxl,ok,,3,3,0.0,596,87,0.2
osl-5110240,osl-6989465,openscore_lieder,musicxml_mxl,ok,,3,3,0.0,854,135,0.1
osl-5110243,osl-6990810,openscore_lieder,musicxml_mxl,ok,,3,3,0.0,110,40,0.0
osl-5110243,osl-6990957,openscore_lieder,musicxml_mxl,ok,,3,3,0.0,109,57,0.0
osl-5110233,osl-6993176,openscore_lieder,musicxml_mxl,ok,,3,3,0.0,851,415,0.3
osl-5110240,osl-6994338,openscore_lieder,musicxml_mxl,ok,,3,3,0.0,561,120,0.1
osl-5110240,osl-6995255,openscore_lieder,musicxml_mxl,ok,,3,3,0.0,450,47,0.1
osl-5110240,osl-6997609,openscore_lieder,musicxml_mxl,ok,,3,3,0.0,561,120,0.1
osl-5110379,osl-7006856,openscore_lieder,musicxml_mxl,ok,,3,3,0.0,759,96,0.1
osl-5110379,osl-7006959,openscore_lieder,musicxml_mxl,ok,,3,3,0.0,618,109,0.1
osl-5110379,osl-7008709,openscore_lieder,musicxml_mxl,ok,,3,3,0.0,684,85,0.1
osl-5110379,osl-7011202,openscore_lieder,musicxml_mxl,ok,,3,3,0.0,300,93,0.1
osl-5110379,osl-7011252,openscore_lieder,musicxml_mxl,ok,,3,3,0.0,430,55,0.1
osl-5110379,osl-7018964,openscore_lieder,musicxml_mxl,ok,,3,3,0.0,673,101,0.1
osl-5110379,osl-7019213,openscore_lieder,musicxml_mxl,ok,,3,3,0.0,611,68,0.1
osl-5110379,osl-7019290,openscore_lieder,musicxml_mxl,ok,,3,3,0.0,670,96,0.1
osl-5101602,osl-7071193,openscore_lieder,musicxml_mxl,ok,,3,3,0.0,505,24,0.1
osl-5110262,osl-7074684,openscore_lieder,musicxml_mxl,ok,,4,4,0.0,922,231,0.2
osl-5110262,osl-7076589,openscore_lieder,musicxml_mxl,ok,,4,4,0.0,743,146,0.1
osl-5110892,osl-7086632,openscore_lieder,musicxml_mxl,ok,,3,3,0.0,504,77,0.2
osl-5101602,osl-7111114,openscore_lieder,musicxml_mxl,ok,,3,3,0.0,2135,332,0.2
osl-5110892,osl-7163829,openscore_lieder,musicxml_mxl,ok,,3,3,0.0,424,61,0.1
osl-5110262,osl-7163985,openscore_lieder,musicxml_mxl,ok,,4,4,0.0,802,78,0.2
osl-5110262,osl-7374512,openscore_lieder,musicxml_mxl,ok,,4,4,0.0,996,391,0.2
osl-5110262,osl-7374854,openscore_lieder,musicxml_mxl,ok,,4,4,0.0,305,34,0.0
osl-5110262,osl-7380386,openscore_lieder,musicxml_mxl,ok,,4,4,0.0,1186,140,0.2
osl-5577240,osl-8702982,openscore_lieder,musicxml_mxl,ok,,4,4,0.0,211,22,0.0
osl-5577240,osl-8708253,openscore_lieder,musicxml_mxl,ok,,4,4,0.0,452,46,0.0
osl-5577240,osl-8708688,openscore_lieder,musicxml_mxl,ok,,4,4,0.0,393,76,0.1
osl-5577240,osl-8712405,openscore_lieder,musicxml_mxl,ok,,4,4,0.0,600,84,0.1
osl-5577240,osl-8712648,openscore_lieder,musicxml_mxl,ok,,4,4,0.0,424,17,0.0
osl-5577240,osl-8718660,openscore_lieder,musicxml_mxl,ok,,4,4,0.0,188,21,0.0
osq-5954374,osq-10307350,openscore_quartets,musicxml_mxl,ok,,4,4,0.0,8981,1319,2.3
osq-5954407,osq-10313029,openscore_quartets,musicxml_mxl,ok,,4,4,0.0,7275,1617,1.3
osq-5769909,osq-10328092,openscore_quartets,musicxml_mxl,ok,,4,4,0.0,5113,1128,0.9
osq-5954362,osq-10372717,openscore_quartets,musicxml_mxl,ok,,4,4,0.0,8993,1360,1.8
osq-5769903,osq-10381459,openscore_quartets,musicxml_mxl,ok,,4,4,0.0,5221,901,0.9
osq-5108687,osq-10406164,openscore_quartets,musicxml_mxl,ok,,4,4,0.0,12428,2338,2.0
osq-5769912,osq-10414906,openscore_quartets,musicxml_mxl,ok,,4,4,0.0,5329,1064,1.0
osq-5108607,osq-10490761,openscore_quartets,musicxml_mxl,ok,,4,4,0.0,4296,630,0.8
osq-5108861,osq-10517302,openscore_quartets,musicxml_mxl,ok,,4,4,0.0,15058,3590,3.5
osq-5108662,osq-10675759,openscore_quartets,musicxml_mxl,ok,,4,4,0.0,13401,1748,3.4
osq-5108682,osq-11154985,openscore_quartets,musicxml_mxl,ok,,4,4,0.0,11838,2037,1.8
osq-5108725,osq-11164006,openscore_quartets,musicxml_mxl,ok,,4,4,0.0,17081,3249,2.3
osq-5108570,osq-11738245,openscore_quartets,musicxml_mxl,ok,,4,4,0.0,13424,2121,2.9
osq-5108849,osq-12536479,openscore_quartets,musicxml_mxl,ok,,4,4,0.0,12876,1246,2.6
osq-5108735,osq-12701461,openscore_quartets,musicxml_mxl,ok,,4,4,0.0,6710,955,1.0
osq-6403711,osq-12772795,openscore_quartets,musicxml_mxl,ok,,4,4,0.0,7914,1537,1.5
osq-5116346,osq-13744399,openscore_quartets,musicxml_mxl,ok,,4,4,0.0,12419,1664,1.7
osq-6406540,osq-14387632,openscore_quartets,musicxml_mxl,ok,,4,4,0.0,4294,985,0.9
osq-5108728,osq-14720995,openscore_quartets,musicxml_mxl,ok,,4,4,0.0,8262,2062,1.6
osq-6403696,osq-15049456,openscore_quartets,musicxml_mxl,ok,,4,4,0.0,8999,1457,1.7
osq-6403771,osq-17317312,openscore_quartets,musicxml_mxl,ok,,4,4,0.0,7988,1424,1.5
osq-5108910,osq-17329942,openscore_quartets,musicxml_mxl,ok,,4,4,0.0,23606,5690,6.2
osq-6403780,osq-22641487,openscore_quartets,musicxml_mxl,ok,,4,4,0.0,8017,1246,1.3
osq-6403804,osq-22779031,openscore_quartets,musicxml_mxl,fail,AttributeError: 'NoneType' object has no attribute 'style',,,,,,0.2
osq-7369798,osq-23996920,openscore_quartets,musicxml_mxl,ok,,4,4,0.0,15927,2001,3.5
osq-7376728,osq-24807751,openscore_quartets,musicxml_mxl,ok,,4,4,0.0,13617,2692,3.0
osq-7377046,osq-25403263,openscore_quartets,musicxml_mxl,fail,"MusicXMLImportException: In part (Violin 1), measure (5): found unknown MusicXML type: None",,,,,,0.2
osq-13142266,osq-25717423,openscore_quartets,musicxml_mxl,ok,,4,4,0.0,15437,2452,3.0
osq-5684175,osq-26269501,openscore_quartets,musicxml_mxl,fail,"MusicXMLImportException: In part (Violin 1), measure (138): found unknown MusicXML type: None",,,,,,0.3
osq-5684058,osq-26401096,openscore_quartets,musicxml_mxl,ok,,4,4,0.0,24209,3018,6.9
osq-5684082,osq-26406961,openscore_quartets,musicxml_mxl,ok,,4,4,0.0,15996,2747,3.8
osq-5108859,osq-26531671,openscore_quartets,musicxml_mxl,ok,,4,4,0.0,20153,3252,3.4
osq-13166890,osq-26595778,openscore_quartets,musicxml_mxl,ok,,4,4,0.0,4561,982,0.8
osq-5108685,osq-26652775,openscore_quartets,musicxml_mxl,ok,,4,4,0.0,19993,1220,6.7
osq-13145797,osq-26745994,openscore_quartets,musicxml_mxl,ok,,4,4,0.0,9581,1939,2.5
osq-13145830,osq-27306670,openscore_quartets,musicxml_mxl,ok,,4,4,0.0,12068,1250,2.2
osq-7369789,osq-27306844,openscore_quartets,musicxml_mxl,ok,,4,4,0.0,16827,2500,4.0
osq-5108701,osq-27309583,openscore_quartets,musicxml_mxl,ok,,4,4,0.0,9068,1082,1.5
osq-5108727,osq-27449398,openscore_quartets,musicxml_mxl,ok,,4,4,0.0,5542,916,1.0
osq-5108729,osq-27571393,openscore_quartets,musicxml_mxl,ok,,4,4,0.0,3419,348,0.8
osq-5108863,osq-27975730,openscore_quartets,musicxml_mxl,ok,,4,4,0.0,6569,1312,1.5
osq-7369786,osq-28001095,openscore_quartets,musicxml_mxl,ok,,4,4,0.0,14502,2263,2.9
osq-13145872,osq-29218964,openscore_quartets,musicxml_mxl,ok,,4,4,0.0,12639,1244,2.5
osq-13145233,osq-30897104,openscore_quartets,musicxml_mxl,ok,,4,4,0.0,10512,1469,1.8
osq-5108851,osq-31320671,openscore_quartets,musicxml_mxl,fail,"MusicXMLImportException: In part (Violin 1), measure (150): found unknown MusicXML type: None",,,,,,1.0
osq-5116349,osq-34038344,openscore_quartets,musicxml_mxl,ok,,4,4,0.0,9465,1717,1.7
osq-14704487,osq-34642727,openscore_quartets,musicxml_mxl,ok,,4,4,0.0,8602,2093,1.7
osq-13166941,osq-34642829,openscore_quartets,musicxml_mxl,ok,,4,4,0.0,4285,920,0.9
osq-14761979,osq-35678303,openscore_quartets,musicxml_mxl,ok,,4,4,0.0,5449,1551,1.1
osq-5108458,osq-7070319,openscore_quartets,musicxml_mxl,ok,,4,4,0.0,1115,149,0.1
osq-5108458,osq-7082029,openscore_quartets,musicxml_mxl,ok,,4,4,0.0,1812,149,0.3
osq-5108458,osq-7095930,openscore_quartets,musicxml_mxl,ok,,4,4,0.0,3944,554,0.6
osq-5108531,osq-7108150,openscore_quartets,musicxml_mxl,ok,,4,4,0.0,12560,2209,2.5
osq-5108562,osq-7114183,openscore_quartets,musicxml_mxl,ok,,4,4,0.0,6355,1243,1.1
osq-5108563,osq-7123582,openscore_quartets,musicxml_mxl,ok,,4,4,0.0,8215,1615,1.6
osq-5108561,osq-7127785,openscore_quartets,musicxml_mxl,ok,,4,4,0.0,6829,1734,1.4
osq-5108558,osq-7158117,openscore_quartets,musicxml_mxl,fail,"MusicXMLImportException: In part (Violin 1), measure (102): found unknown MusicXML type: None",,,,,,0.3
osq-5108458,osq-7236909,openscore_quartets,musicxml_mxl,ok,,4,4,0.0,4464,469,0.8
osq-5108564,osq-7249986,openscore_quartets,musicxml_mxl,ok,,4,4,0.0,7256,1398,1.2
osq-5108692,osq-7267316,openscore_quartets,musicxml_mxl,fail,"MusicXMLImportException: In part (Violin 1), measure (88): found unknown MusicXML type: None",,,,,,0.4
osq-5108566,osq-7284122,openscore_quartets,musicxml_mxl,ok,,4,4,0.0,6584,1332,1.1
osq-5108579,osq-7295726,openscore_quartets,musicxml_mxl,ok,,4,4,0.0,11541,1372,2.8
osq-5108567,osq-7300376,openscore_quartets,musicxml_mxl,ok,,4,4,0.0,6795,1020,1.2
osq-5108532,osq-7302602,openscore_quartets,musicxml_mxl,ok,,4,4,0.0,13584,2062,3.0
osq-5108429,osq-7313978,openscore_quartets,musicxml_mxl,ok,,4,4,0.0,9250,1493,1.8
osq-5108430,osq-7330550,openscore_quartets,musicxml_mxl,ok,,4,4,0.0,10034,913,1.9
osq-5108582,osq-7354505,openscore_quartets,musicxml_mxl,ok,,4,4,0.0,17069,3291,5.1
osq-5108543,osq-7358579,openscore_quartets,musicxml_mxl,ok,,4,4,0.0,10165,2209,3.1
osq-5108666,osq-7358708,openscore_quartets,musicxml_mxl,ok,,4,4,0.0,6995,1297,1.8
osq-5108550,osq-7362818,openscore_quartets,musicxml_mxl,ok,,4,4,0.0,11330,2360,2.3
osq-5116350,osq-7383977,openscore_quartets,musicxml_mxl,ok,,4,4,0.0,11429,2237,2.0
osq-5108559,osq-7384409,openscore_quartets,musicxml_mxl,ok,,4,4,0.0,14815,1974,3.0
osq-5108909,osq-7397765,openscore_quartets,musicxml_mxl,ok,,4,4,0.0,20690,1903,4.7
osq-5108686,osq-7434431,openscore_quartets,musicxml_mxl,ok,,4,4,0.0,7099,1339,1.5
osq-5108519,osq-7483523,openscore_quartets,musicxml_mxl,ok,,4,4,0.0,14346,1872,2.8
osq-5108456,osq-7524617,openscore_quartets,musicxml_mxl,ok,,4,4,0.0,7783,887,1.7
osq-5108505,osq-7541288,openscore_quartets,musicxml_mxl,ok,,4,4,0.0,9831,971,1.8
osq-5108457,osq-7551068,openscore_quartets,musicxml_mxl,ok,,4,4,0.0,3433,436,0.6
osq-5108481,osq-7555331,openscore_quartets,musicxml_mxl,ok,,4,4,0.0,14993,5068,3.5
osq-5108504,osq-7556360,openscore_quartets,musicxml_mxl,ok,,4,4,0.0,9977,2075,2.0
osq-5150345,osq-7577795,openscore_quartets,musicxml_mxl,ok,,4,4,0.0,12158,1152,1.8
osq-5152019,osq-7588853,openscore_quartets,musicxml_mxl,ok,,4,4,0.0,11225,2038,1.9
osq-5152028,osq-7643891,openscore_quartets,musicxml_mxl,fail,AttributeError: 'NoneType' object has no attribute 'style',,,,,,0.1
osq-5162489,osq-7648382,openscore_quartets,musicxml_mxl,ok,,4,4,0.0,4097,394,0.6
osq-5178593,osq-8075304,openscore_quartets,musicxml_mxl,ok,,4,4,0.0,4969,825,1.0
osq-5178617,osq-8088531,openscore_quartets,musicxml_mxl,ok,,4,4,0.0,8021,1302,1.3
osq-5108605,osq-8437280,openscore_quartets,musicxml_mxl,ok,,4,4,0.0,2397,305,0.5
osq-5108602,osq-8437358,openscore_quartets,musicxml_mxl,ok,,4,4,0.0,3142,275,0.5
osq-5108603,osq-8438840,openscore_quartets,musicxml_mxl,ok,,4,4,0.0,2609,228,0.3
osq-5108604,osq-8438915,openscore_quartets,musicxml_mxl,ok,,4,4,0.0,1833,389,0.4
osq-5108606,osq-8438999,openscore_quartets,musicxml_mxl,ok,,4,4,0.0,2844,256,0.4
osq-5108580,osq-8454356,openscore_quartets,musicxml_mxl,ok,,4,4,0.0,7593,1049,0.9
osq-5178638,osq-8455808,openscore_quartets,musicxml_mxl,ok,,4,4,0.0,6740,1374,1.3
osq-5446197,osq-8461409,openscore_quartets,musicxml_mxl,ok,,4,4,0.0,3820,738,0.8
osq-5108574,osq-8482283,openscore_quartets,musicxml_mxl,ok,,4,4,0.0,12749,1481,2.9
osq-5178650,osq-8509238,openscore_quartets,musicxml_mxl,ok,,4,4,0.0,7679,1533,1.6
osq-5470754,osq-8556926,openscore_quartets,musicxml_mxl,ok,,4,4,0.0,5218,653,0.7
osq-5514680,osq-8623643,openscore_quartets,musicxml_mxl,ok,,4,4,0.0,16888,2244,3.2
osq-5108911,osq-8630159,openscore_quartets,musicxml_mxl,ok,,4,4,0.0,10921,1159,1.6
osq-5108549,osq-8661306,openscore_quartets,musicxml_mxl,ok,,4,4,0.0,16256,1492,3.3
osq-5530433,osq-8741475,openscore_quartets,musicxml_mxl,ok,,4,4,0.0,11198,1768,2.3
osq-5178725,osq-8796660,openscore_quartets,musicxml_mxl,ok,,4,4,0.0,6727,1463,0.9
osq-5470757,osq-8806134,openscore_quartets,musicxml_mxl,ok,,4,4,0.0,4014,899,0.7
osq-5470649,osq-8806746,openscore_quartets,musicxml_mxl,ok,,4,4,0.0,4488,693,0.8
osq-5446206,osq-8806881,openscore_quartets,musicxml_mxl,ok,,4,4,0.0,4115,988,0.8
osq-5178695,osq-8807040,openscore_quartets,musicxml_mxl,ok,,4,4,0.0,7399,1326,1.2
osq-5470739,osq-8807667,openscore_quartets,musicxml_mxl,ok,,4,4,0.0,5121,1137,0.9
osq-5108581,osq-8811375,openscore_quartets,musicxml_mxl,ok,,4,4,0.0,17874,4356,8.2
osq-5626515,osq-8812200,openscore_quartets,musicxml_mxl,ok,,4,4,0.0,5189,1532,1.4
osq-5152007,osq-8818128,openscore_quartets,musicxml_mxl,ok,,4,4,0.0,11005,1485,1.5
osq-5574612,osq-8823783,openscore_quartets,musicxml_mxl,ok,,4,4,0.0,19701,3647,3.8
osq-5108664,osq-8885439,openscore_quartets,musicxml_mxl,ok,,4,4,0.0,12427,2047,2.6
osq-5108542,osq-8928855,openscore_quartets,musicxml_mxl,ok,,4,4,0.0,12680,2213,3.0
osq-5108724,osq-8938822,openscore_quartets,musicxml_mxl,ok,,4,4,0.0,11760,2013,2.4
osq-5108850,osq-8940236,openscore_quartets,musicxml_mxl,ok,,4,4,0.0,16021,1537,2.9
osq-5108569,osq-9010547,openscore_quartets,musicxml_mxl,ok,,4,4,0.0,12448,2397,2.6
osq-5108846,osq-9071492,openscore_quartets,musicxml_mxl,ok,,4,4,0.0,10564,1851,1.9
osq-5683980,osq-9094235,openscore_quartets,musicxml_mxl,ok,,4,4,0.0,12633,1725,2.5
osq-5770845,osq-9137469,openscore_quartets,musicxml_mxl,ok,,4,4,0.0,14522,2114,3.2
osq-5769936,osq-9146376,openscore_quartets,musicxml_mxl,ok,,4,4,0.0,4754,816,1.0
osq-5108913,osq-9529900,openscore_quartets,musicxml_mxl,ok,,4,4,0.0,12186,1493,3.0
osq-5108858,osq-9608209,openscore_quartets,musicxml_mxl,ok,,4,4,0.0,13732,2003,3.3
osq-5108691,osq-9631717,openscore_quartets,musicxml_mxl,ok,,4,4,0.0,17014,4435,6.5
osq-5108663,osq-9790696,openscore_quartets,musicxml_mxl,ok,,4,4,0.0,10464,451,2.3
osq-5769894,osq-9961690,openscore_quartets,musicxml_mxl,ok,,4,4,0.0,5016,1181,0.9
s3-dv,s3-dv1,s3_symphonies,musicxml,ok,,23,23,0.0,15501,10261,4.6
s3-dv,s3-dv2,s3_symphonies,musicxml,ok,,25,24,0.04,3822,2861,1.2
s3-dv,s3-dv3,s3_symphonies,musicxml,ok,,19,19,0.0,13774,9615,3.9
s3-dv,s3-dv4,s3_symphonies,musicxml,ok,,23,23,0.0,14497,7599,2.7
s3-tc,s3-tc1,s3_symphonies,musicxml,ok,,21,18,0.143,15846,8333,3.3
s3-tc,s3-tc2,s3_symphonies,musicxml,ok,,18,17,0.056,8403,4956,2.4
s3-tc,s3-tc3,s3_symphonies,musicxml,ok,,30,29,0.033,31593,19902,5.6
s3-tc,s3-tc4,s3_symphonies,musicxml,ok,,25,24,0.04,5319,3878,2.0
