pair,label,work_A,work_B,hash,occ_A,occ_B,mov_A,windows_B,DF,E,E_laplace,intervals,rclass,uniform_rhythm
P07,1,musedata_mozart-bhl-qrtets-k464,dcml_abc-n05op18-5,15413499312176555783,10,1,1,5517,0.28901734104046245,1.0010652222653706,0.9312392585317947,-2 -2 -1 3 -2 -1 -2,0 0 0 0 0 0 0,1
P07,1,musedata_mozart-bhl-qrtets-k464,dcml_abc-n05op18-5,18162444463088026958,9,1,1,5517,0.10982658959537572,0.4468616394331171,0.45585138529528413,3 -2 -1 -2 3 -1 -2,0 0 0 0 0 0 0,1
P07,1,musedata_mozart-bhl-qrtets-k464,dcml_abc-n05op18-5,6221389253287533654,9,1,1,5517,0.1329479768786127,0.570730171503316,0.5274851744131145,-2 -1 -2 3 -1 -2 -2,0 0 0 0 0 0 0,1
P07,1,musedata_mozart-bhl-qrtets-k464,dcml_abc-n05op18-5,11795067275911018803,4,4,1|3,5517,0.6184971098265896,4.717612983261024,3.301666462067272,-2 -2 -1 -2 -2 -2 -1,0 0 0 0 0 0 0,1
P07,1,musedata_mozart-bhl-qrtets-k464,dcml_abc-n05op18-5,5294796973630264096,4,3,1|3,5517,0.5780346820809249,4.2674525779074886,2.956521841772272,-2 -1 -2 -2 -2 -1 -2,0 0 0 0 0 0 0,1
P07,1,musedata_mozart-bhl-qrtets-k464,dcml_abc-n05op18-5,5223179199669527562,2,2,1,5517,0.017341040462427744,0.1204969715801817,0.08465811441198134,-2 -1 -2 -2 -1 1 -3,0 0 0 0 0 0 0,1
P07,1,musedata_mozart-bhl-qrtets-k464,dcml_abc-n05op18-5,15252033465007485917,3,2,1,5517,0.13872832369942195,0.5490521474049571,0.547021662354341,-1 -2 -2 4 -2 -2 -1,0 0 0 0 0 0 0,1
P07,1,musedata_mozart-bhl-qrtets-k464,dcml_abc-n05op18-5,11257817376361186834,6,2,1|4,5517,0.19653179190751446,1.0304561305581528,0.4819000358835861,0 0 0 0 0 0 -12,0 0 0 0 0 0 0,1
P07,1,musedata_mozart-bhl-qrtets-k464,dcml_abc-n05op18-5,3718750081962240730,5,1,1|4,5517,0.12716763005780346,0.6233337176849332,0.2604865058830195,0 0 0 0 0 -12 0,0 0 0 0 0 0 0,1
P07,1,musedata_mozart-bhl-qrtets-k464,dcml_abc-n05op18-5,11005019458472308745,1,4,1,5517,0.04046242774566474,0.14567424673253535,0.10419460235320781,4 -9 5 -8 3 -7 4,0 0 0 0 0 0 0,1
P07,1,musedata_mozart-bhl-qrtets-k464,dcml_abc-n05op18-5,17398527596294382711,3,1,1,5517,0.005780346820809248,0.0010987811593006934,0.013024325294150976,-2 0 2 -2 -2 0 2,2 -2 0 0 2 -2 0,0
P07,1,musedata_mozart-bhl-qrtets-k464,dcml_abc-n05op18-5,13413741924548262342,3,3,1,5517,0.005780346820809248,0.0005091201192195194,0.013024325294150976,0 2 -2 -2 0 2 -2,-2 0 0 2 -2 0 0,0
P07,1,musedata_mozart-bhl-qrtets-k464,dcml_abc-n05op18-5,3513542399468383054,2,2,1,5517,0.005780346820809248,0.0009384301222354075,0.013024325294150976,2 -2 -2 0 2 -2 -1,0 0 2 -2 0 0 2,0
P07,1,musedata_mozart-bhl-qrtets-k464,dcml_abc-n05op18-5,2414809137041208113,1,1,1,5517,0.21965317919075145,0.669677608726543,0.5014365238248125,1 2 -2 -1 -2 -2 -1,0 0 0 0 0 0 0,1
P07,1,musedata_mozart-bhl-qrtets-k464,dcml_abc-n05op18-5,18157454576593647227,1,1,1,5517,0.011560693641618497,0.028483644390729083,0.019536487941226463,-2 -1 -2 -2 -1 -4 2,0 0 0 0 0 0 0,1
P07,1,musedata_mozart-bhl-qrtets-k464,dcml_abc-n05op18-5,17193782522073716148,1,1,1,5517,0.028901734104046242,0.11533848230983011,0.10419460235320781,-1 -2 -2 -1 -4 2 2,0 0 0 0 0 0 0,1
P07,1,musedata_mozart-bhl-qrtets-k464,dcml_abc-n05op18-5,1436965791861268427,1,1,1,5517,0.046242774566473986,0.17412163310162096,0.1497797408827362,-2 -2 -1 -4 2 2 1,0 0 0 0 0 0 0,1
P07,1,musedata_mozart-bhl-qrtets-k464,dcml_abc-n05op18-5,16782904012258293856,1,1,1,5517,0.06936416184971098,0.2517952502175319,0.24746218058886854,-2 -1 -4 2 2 1 2,0 0 0 0 0 0 0,1
P07,1,musedata_mozart-bhl-qrtets-k464,dcml_abc-n05op18-5,9046705951141195707,3,1,1,5517,0.10404624277456648,0.4788682716841178,0.3646811082362273,-2 -2 -1 -2 -2 2 -2,0 0 0 0 0 0 0,1
P07,1,musedata_mozart-bhl-qrtets-k464,dcml_abc-n05op18-5,10199980290063515041,2,1,1,5517,0.017341040462427744,0.026942002174554478,0.039072975882452926,-2 -2 -2 -1 3 -3 3,0 0 0 0 0 0 0,1
P07,1,musedata_mozart-bhl-qrtets-k464,dcml_abc-n05op18-5,8363835840572266054,2,2,1,5517,0.4393063583815029,3.3609818517411876,2.3704272035354776,0 0 0 0 0 0 -2,0 0 0 0 0 0 0,1
P07,1,musedata_mozart-bhl-qrtets-k464,dcml_abc-n05op18-5,3881706710549749229,1,1,1,5517,0.11560693641618497,0.4830675471914463,0.3125838070596234,-2 -1 1 -1 -2 -1 1,0 0 0 0 0 0 0,1
P07,1,musedata_mozart-bhl-qrtets-k464,dcml_abc-n05op18-5,14575587842950388051,1,4,1,5517,0.04046242774566474,0.05171082327155316,0.06512162647075488,-2 -1 -2 -3 1 2 2,0 0 0 0 0 0 0,1
P07,1,musedata_mozart-bhl-qrtets-k464,dcml_abc-n05op18-5,9145721126288521390,1,2,1,5517,0.017341040462427744,0.02008360037287542,0.03256081323537744,-1 -2 -3 1 2 2 3,0 0 0 0 0 0 0,1
P07,1,musedata_mozart-bhl-qrtets-k464,dcml_abc-n05op18-5,6181560136851867162,1,12,1,5517,0.23699421965317918,1.1252542291750964,0.7814595176490585,-1 -2 -2 -1 1 2 2,0 0 0 0 0 0 0,1
P07,1,musedata_mozart-bhl-qrtets-k464,dcml_abc-n05op18-5,10023436408967932570,1,1,1,5517,0.19653179190751446,1.0979321710084533,0.7033135658841527,-2 -2 -1 1 2 2 1,0 0 0 0 0 0 0,1
P07,1,musedata_mozart-bhl-qrtets-k464,dcml_abc-n05op18-5,3133499252750218760,1,1,1,5517,0.005780346820809248,0.0012218778707670714,0.013024325294150976,-1 -2 0 2 -2 -2 0,0 2 -2 0 0 2 -2,0
P07,1,musedata_mozart-bhl-qrtets-k464,dcml_abc-n05op18-5,3233632128978370427,1,2,1,5517,0.017341040462427744,0.05562165938798279,0.04558513852952841,-2 -1 -2 -2 -1 5 -2,0 0 0 0 0 0 0,1
P07,1,musedata_mozart-bhl-qrtets-k464,dcml_abc-n05op18-5,6844262950870320717,1,2,1,5517,0.023121387283236993,0.07600694204155684,0.052097301176603904,-1 -2 -2 -1 5 -2 -2,0 0 0 0 0 0 0,1
P07,1,musedata_mozart-bhl-qrtets-k464,dcml_abc-n05op18-5,5381740442922869156,3,3,1,5517,0.15028901734104047,0.6046857888653934,0.53399733706019,-2 -2 -1 5 -2 -2 -1,0 0 0 0 0 0 0,1
P07,1,musedata_mozart-bhl-qrtets-k464,dcml_abc-n05op18-5,5654059416772329186,2,3,1,5517,0.10982658959537572,0.3736500573163681,0.3190959697066989,-2 -1 5 -2 -2 -1 -2,0 0 0 0 0 0 0,1
P07,1,musedata_mozart-bhl-qrtets-k464,dcml_abc-n05op18-5,13329723287368371349,2,1,1,5517,0.08670520231213873,0.25594057619082056,0.25397434323594403,-1 -2 -2 -2 -1 5 -2,0 0 0 0 0 0 0,1
P07,1,musedata_mozart-bhl-qrtets-k464,dcml_abc-n05op18-5,12341390068907646,2,1,1,5517,0.08092485549132948,0.2637213803819363,0.266998668530095,-2 -2 -2 -1 5 -2 -2,0 0 0 0 0 0 0,1
P07,1,musedata_mozart-bhl-qrtets-k464,dcml_abc-n05op18-5,17848918134859229289,2,1,2,5517,0.4161849710982659,2.6232907536467303,1.8234055411811365,2 2 1 2 2 1 2,0 0 0 0 0 0 0,1
P07,1,musedata_mozart-bhl-qrtets-k464,dcml_abc-n05op18-5,6420015703652674026,2,2,2|4,5517,0.4393063583815029,3.9736398765636913,2.904424540595668,2 2 1 2 2 2 1,0 0 0 0 0 0 0,1
P07,1,musedata_mozart-bhl-qrtets-k464,dcml_abc-n05op18-5,6684035197061309914,2,1,2|3,5517,0.3872832369942196,2.6191335909407214,1.667113637651325,2 1 2 2 2 1 2,0 0 0 0 0 0 0,1
P07,1,musedata_mozart-bhl-qrtets-k464,dcml_abc-n05op18-5,8199713843492575879,1,1,2,5517,0.023121387283236993,0.03456613210329409,0.04558513852952841,-1 3 -2 4 -2 3 -3,0 0 0 0 0 0 0,1
P07,1,musedata_mozart-bhl-qrtets-k464,dcml_abc-n05op18-5,11505523353205452945,1,4,2,5517,0.18497109826589594,0.6664992164351564,0.4753878732365106,2 2 1 2 2 2 1,0 0 0 0 0 0 1,0
P07,1,musedata_mozart-bhl-qrtets-k464,dcml_abc-n05op18-5,10854024840505956090,1,8,2,5517,0.5144508670520231,4.3597170376575685,2.8262785888307618,-1 -2 -2 -2 -1 -2 -2,0 0 0 0 0 0 0,1
P07,1,musedata_mozart-bhl-qrtets-k464,dcml_abc-n05op18-5,5262033149367768574,1,4,2,5517,0.41040462427745666,2.7305836521046247,1.7647960773574574,-2 -2 -2 -1 -2 -2 -1,0 0 0 0 0 0 0,1
P07,1,musedata_mozart-bhl-qrtets-k464,dcml_abc-n05op18-5,11994326424673232939,1,1,3,5517,0.011560693641618497,0.017736378704201253,0.019536487941226463,-2 -2 -1 3 -2 -1 -2,-2 0 0 0 0 0 0,0
P07,1,musedata_mozart-bhl-qrtets-k464,dcml_abc-n05op18-5,113214136068456748,1,1,3,5517,0.30057803468208094,1.2417856960819227,0.9312392585317947,2 2 -2 -2 -1 -2 -2,0 0 0 0 0 0 0,1
P07,1,musedata_mozart-bhl-qrtets-k464,dcml_abc-n05op18-5,2541865746873384477,1,1,3,5517,0.26011560693641617,1.0838694611232376,0.7293622164724546,2 1 2 2 -2 -2 -1,0 0 0 0 0 0 0,1
P07,1,musedata_mozart-bhl-qrtets-k464,dcml_abc-n05op18-5,12047171225645131023,1,2,3,5517,0.5664739884393064,4.396984134582156,3.164911046478687,-1 -2 -2 -1 -2 -2 -2,0 0 0 0 0 0 0,1
P07,1,musedata_mozart-bhl-qrtets-k464,dcml_abc-n05op18-5,13417873853411728431,1,1,3,5517,0.3872832369942196,2.84594092912201,1.8234055411811365,1 2 2 2 1 2 2,0 0 0 0 0 0 0,1
P07,1,musedata_mozart-bhl-qrtets-k464,dcml_abc-n05op18-5,18416000846939060045,1,1,3,5517,0.017341040462427744,0.013612709285621074,0.026048650588301952,-3 -3 -4 -2 -3 -3 -4,-2 0 0 0 0 0 0,0
P07,1,musedata_mozart-bhl-qrtets-k464,dcml_abc-n05op18-5,14089761848084053328,1,1,3,5517,0.09826589595375723,0.38183609461805557,0.22792569264764206,-2 -1 -2 -2 -1 -2 -1,0 0 0 0 0 0 0,1
P07,1,musedata_mozart-bhl-qrtets-k464,dcml_abc-n05op18-5,16894242584491025384,1,1,3,5517,0.21965317919075145,0.46871744186228087,0.4753878732365106,3 -2 -1 -2 -2 -1 -2,0 0 0 0 0 0 0,1
P07,1,musedata_mozart-bhl-qrtets-k464,dcml_abc-n05op18-5,1030166465146315442,1,1,3,5517,0.023121387283236993,0.026009883183621293,0.039072975882452926,-2 -1 -2 -2 -1 -2 8,0 0 0 0 0 0 0,1
P07,1,musedata_mozart-bhl-qrtets-k464,dcml_abc-n05op18-5,12555508749129863252,1,2,3,5517,0.1329479768786127,0.4236350840099702,0.41026624676575574,-2 -2 -1 -2 -2 4 3,0 0 0 0 0 0 0,1
P07,1,musedata_mozart-bhl-qrtets-k464,dcml_abc-n05op18-5,8542224000424025574,1,1,3,5517,0.011560693641618497,0.039474920561534524,0.04558513852952841,1 0 -1 -2 2 0 -2,0 0 0 0 0 0 0,1
P07,1,musedata_mozart-bhl-qrtets-k464,dcml_abc-n05op18-5,12015270205976624152,1,2,4,5517,0.08670520231213873,0.2712494607952642,0.23443785529471756,-1 -4 0 0 0 0 0,0 0 0 0 0 0 0,1
P07,1,musedata_mozart-bhl-qrtets-k464,dcml_abc-n05op18-5,9052755783468000443,1,2,4,5517,0.2023121387283237,0.8689507063625954,0.520973011766039,-4 0 0 0 0 0 0,0 0 0 0 0 0 0,1
P07,1,musedata_mozart-bhl-qrtets-k464,dcml_abc-n05op18-5,11185099478490614731,367,37,4,5517,0.6473988439306358,291.7878874402639,148.06704210655536,0 0 0 0 0 0 0,0 0 0 0 0 0 0,1
P07,1,musedata_mozart-bhl-qrtets-k464,dcml_abc-n05op18-5,3976025524021761216,1,1,4,5517,0.15606936416184972,0.8772093181859517,0.5860946382367939,0 0 0 0 0 0 -5,0 0 0 0 0 0 0,1
P07,1,musedata_mozart-bhl-qrtets-k464,dcml_abc-n05op18-5,2900228450425205540,2,7,4,5517,0.3063583815028902,9.396908547392053,4.3501246482464255,1 -1 1 -1 1 -1 1,0 0 0 0 0 0 0,1
P07,1,musedata_mozart-bhl-qrtets-k464,dcml_abc-n05op18-5,15644909263887403394,1,1,4,5517,0.17341040462427745,0.7601840027266854,0.6577284273546242,-2 -1 -2 -1 1 2 1,0 0 0 0 0 0 0,1
P07,1,musedata_mozart-bhl-qrtets-k464,dcml_abc-n05op18-5,12749843927274164339,2,1,4,5517,0.30057803468208094,2.0195369739244144,1.26987171617972,2 2 2 1 2 2 1,0 0 0 0 0 0 0,1
P07,1,musedata_mozart-bhl-qrtets-k464,dcml_abc-n05op18-5,10563289245518599898,4,1,4,5517,0.12138728323699421,0.6001112945358101,0.25397434323594403,0 0 0 0 -12 0 0,0 0 0 0 0 0 0,1
P07,1,musedata_mozart-bhl-qrtets-k464,dcml_abc-n05op18-5,2450634473282517016,4,1,4,5517,0.23121387283236994,1.0150315885711492,0.5795824755897184,0 0 0 -12 0 0 0,0 0 0 0 0 0 0,1
P07,1,musedata_mozart-bhl-qrtets-k464,dcml_abc-n05op18-5,16035098681092423610,4,1,4,5517,0.12138728323699421,0.5567949070083035,0.24095001794179305,0 0 -12 0 0 0 0,0 0 0 0 0 0 0,1
P07,1,musedata_mozart-bhl-qrtets-k464,dcml_abc-n05op18-5,7154234861506525088,4,1,4,5517,0.12716763005780346,0.5796179402120302,0.24746218058886854,0 -12 0 0 0 0 0,0 0 0 0 0 0 0,1
P07,1,musedata_mozart-bhl-qrtets-k464,dcml_abc-n05op18-5,10608263603240126584,4,1,4,5517,0.24277456647398843,1.1068553690252991,0.5014365238248125,-12 0 0 0 0 0 0,0 0 0 0 0 0 0,1
P07,1,musedata_mozart-bhl-qrtets-k464,dcml_abc-n05op18-5,11979046856958451427,5,2,4,5517,0.13872832369942195,0.5180197693287052,0.24095001794179305,0 0 0 0 0 0 12,0 0 0 0 0 0 0,1
P07,1,musedata_mozart-bhl-qrtets-k464,dcml_abc-n05op18-5,10507894682042123572,5,2,4,5517,0.12716763005780346,0.6469159072888044,0.2214135300005666,0 0 0 0 0 12 0,0 0 0 0 0 0 0,1
P07,1,musedata_mozart-bhl-qrtets-k464,dcml_abc-n05op18-5,16671907075875328222,5,2,4,5517,0.1329479768786127,0.6541204295842392,0.22792569264764206,0 0 0 0 12 0 0,0 0 0 0 0 0 0,1
P07,1,musedata_mozart-bhl-qrtets-k464,dcml_abc-n05op18-5,12550786144049372745,5,1,4,5517,0.13872832369942195,0.6852265160038099,0.29304731911839693,0 0 0 12 0 0 0,0 0 0 0 0 0 0,1
P07,1,musedata_mozart-bhl-qrtets-k464,dcml_abc-n05op18-5,2630682921647085982,1,1,4,5517,0.3352601156069364,2.670615552160878,1.8494541917694385,0 0 0 0 0 0 0,0 0 0 0 0 0 2,0
P07,1,musedata_mozart-bhl-qrtets-k464,dcml_abc-n05op18-5,1845747142093016742,1,2,4,5517,0.03468208092485549,0.07719704016425728,0.07814595176490585,0 0 0 0 0 0 -12,0 0 0 0 0 0 2,0
P08,1,dcml_abc-n15op132,dcml-mendelssohn_quartets-op-13,13018535314588550983,2,1,1,8354,0.19591836734693877,0.9032732519927703,1.0967720639150402,2 1 -1 -2 -2 -1 1,0 0 0 0 0 0 0,1
P08,1,dcml_abc-n15op132,dcml-mendelssohn_quartets-op-13,4842745118461679178,1,1,1,8354,0.07755102040816327,0.17125543663383133,0.20681987490969325,-2 -1 1 -1 1 2 2,0 0 0 0 0 0 0,1
P08,1,dcml_abc-n15op132,dcml-mendelssohn_quartets-op-13,3272389519193942737,16,1,1|5,8354,0.22040816326530613,4.234989682289023,2.81400375255916,2 -2 2 -2 2 -2 2,0 0 0 0 0 0 0,1
P08,1,dcml_abc-n15op132,dcml-mendelssohn_quartets-op-13,316450414965223532,16,2,1|5,8354,0.23265306122448978,3.6834486588089397,2.66985656701604,-2 2 -2 2 -2 2 -2,0 0 0 0 0 0 0,1
P08,1,dcml_abc-n15op132,dcml-mendelssohn_quartets-op-13,11089555382084080366,68,14,1|4|5,8354,0.30612244897959184,7.185361198026111,7.006806671182941,-1 1 -1 1 -1 1 -1,0 0 0 0 0 0 0,1
P08,1,dcml_abc-n15op132,dcml-mendelssohn_quartets-op-13,2900228450425205540,63,17,1|5,8354,0.33877551020408164,7.183424876183045,6.649572341793471,1 -1 1 -1 1 -1 1,0 0 0 0 0 0 0,1
P08,1,dcml_abc-n15op132,dcml-mendelssohn_quartets-op-13,13459776584345461897,1,2,1,8354,0.09795918367346938,0.37551987855584934,0.438708825566016,-12 12 0 0 0 0 0,0 0 0 0 0 0 0,1
P08,1,dcml_abc-n15op132,dcml-mendelssohn_quartets-op-13,17925413280476743312,2,2,1|2,8354,0.35918367346938773,2.166305247947437,2.682391104889355,12 0 0 0 0 0 0,0 0 0 0 0 0 0,1
P08,1,dcml_abc-n15op132,dcml-mendelssohn_quartets-op-13,11185099478490614731,83,141,1|2|5,8354,0.7224489795918367,260.44669323507003,304.977840995621,0 0 0 0 0 0 0,0 0 0 0 0 0 0,1
P08,1,dcml_abc-n15op132,dcml-mendelssohn_quartets-op-13,1082045612886752309,1,2,1,8354,0.33877551020408164,1.544601008368606,1.8801806809972115,0 0 0 0 0 0 5,0 0 0 0 0 0 0,1
P08,1,dcml_abc-n15op132,dcml-mendelssohn_quartets-op-13,7497843149983779458,1,1,1,8354,0.024489795918367346,0.08406403151159798,0.10027630298651795,0 0 0 5 -5 0 0,0 0 0 0 0 0 0,1
P08,1,dcml_abc-n15op132,dcml-mendelssohn_quartets-op-13,6420015703652674026,4,1,1|3,8354,0.49795918367346936,4.346508790787297,4.618977206316482,2 2 1 2 2 2 1,0 0 0 0 0 0 0,1
P08,1,dcml_abc-n15op132,dcml-mendelssohn_quartets-op-13,6684035197061309914,1,1,1,8354,0.42448979591836733,2.5247793971010832,2.5883820708394945,2 1 2 2 2 1 2,0 0 0 0 0 0 0,1
P08,1,dcml_abc-n15op132,dcml-mendelssohn_quartets-op-13,10854024840505956090,2,1,1,8354,0.5836734693877551,4.129440535470628,5.120358721249072,-1 -2 -2 -2 -1 -2 -2,0 0 0 0 0 0 0,1
P08,1,dcml_abc-n15op132,dcml-mendelssohn_quartets-op-13,6221389253287533654,3,1,1,8354,0.13877551020408163,0.7407723856652222,0.9087539958153188,-2 -1 -2 3 -1 -2 -2,0 0 0 0 0 0 0,1
P08,1,dcml_abc-n15op132,dcml-mendelssohn_quartets-op-13,4372973975099255643,18,1,1|3|5,8354,0.21224489795918366,14.046996800186816,13.186333842727109,-12 12 -12 12 -12 12 -12,0 0 0 0 0 0 0,1
P08,1,dcml_abc-n15op132,dcml-mendelssohn_quartets-op-13,3875773135645209340,1,1,1,8354,0.0007208694607192157,0.0013653722362822408,0.006267268936657372,-2 0 -1 -2 -2 5 -1,0 0 0 0 0 0 0,1
P08,1,dcml_abc-n15op132,dcml-mendelssohn_quartets-op-13,3035178337832601001,1,3,1,8354,0.12244897959183673,1.0216753459086232,0.9087539958153188,-1 -2 -2 5 -1 -2 -2,0 0 0 0 0 0 0,1
P08,1,dcml_abc-n15op132,dcml-mendelssohn_quartets-op-13,15595496824933904010,3,2,2|5,8354,0.4530612244897959,3.610559375108816,4.268010145863671,0 0 -2 0 0 0 0,0 0 0 0 0 0 0,1
P08,1,dcml_abc-n15op132,dcml-mendelssohn_quartets-op-13,16161659831680223506,5,3,2|5,8354,0.45714285714285713,3.821790342499491,4.524968172266623,0 -2 0 0 0 0 0,0 0 0 0 0 0 0,1
P08,1,dcml_abc-n15op132,dcml-mendelssohn_quartets-op-13,3108513523302505712,2,3,2,8354,0.22448979591836735,0.5790987742128965,0.7144686587789404,0 0 0 0 0 -7 0,0 0 0 0 0 0 0,1
P08,1,dcml_abc-n15op132,dcml-mendelssohn_quartets-op-13,6555203061558586692,2,2,2,8354,0.27346938775510204,1.1310157371628844,1.366264628191307,0 0 0 0 0 0 -3,0 0 0 0 0 0 0,1
P08,1,dcml_abc-n15op132,dcml-mendelssohn_quartets-op-13,6787782814435139067,2,2,2,8354,0.2571428571428571,1.2417956043192677,1.247186518394817,0 0 0 0 0 -3 0,0 0 0 0 0 0 0,1
P08,1,dcml_abc-n15op132,dcml-mendelssohn_quartets-op-13,6936220342145915986,2,1,2,8354,0.24489795918367346,1.1408775829886293,1.165712022218271,0 0 0 0 -3 0 0,0 0 0 0 0 0 0,1
P08,1,dcml_abc-n15op132,dcml-mendelssohn_quartets-op-13,4068124447445488065,4,1,2|5,8354,0.3142857142857143,1.4443802538304984,1.585619040974315,0 0 5 0 0 0 0,0 0 0 0 0 0 0,1
P08,1,dcml_abc-n15op132,dcml-mendelssohn_quartets-op-13,9554831795633673372,5,2,2|5,8354,0.3142857142857143,1.4437517389011025,1.6044208477842872,0 5 0 0 0 0 0,0 0 0 0 0 0 0,1
P08,1,dcml_abc-n15op132,dcml-mendelssohn_quartets-op-13,13020225774748621817,4,3,2|5,8354,0.363265306122449,1.52933015430555,1.8425770673772672,5 0 0 0 0 0 0,0 0 0 0 0 0 0,1
P08,1,dcml_abc-n15op132,dcml-mendelssohn_quartets-op-13,1842591613875724,1,3,2,8354,0.2571428571428571,0.7035286603133462,0.8836849200686894,0 0 0 0 0 0 -7,0 0 0 0 0 0 0,1
P08,1,dcml_abc-n15op132,dcml-mendelssohn_quartets-op-13,1794322274251292721,1,3,2,8354,0.20408163265306123,0.5023113559473065,0.5953905489824504,0 0 0 0 -7 0 0,0 0 0 0 0 0 0,1
P08,1,dcml_abc-n15op132,dcml-mendelssohn_quartets-op-13,13030236077530698751,1,3,2,8354,0.27755102040816326,1.0138767007932377,1.21585017371153,0 0 0 -7 0 0 0,0 0 0 0 0 0 0,1
P08,1,dcml_abc-n15op132,dcml-mendelssohn_quartets-op-13,12133793991146326180,1,2,2,8354,0.20408163265306123,3.171961730265191,1.704697150770805,-1 1 2 -2 -1 1 2,0 0 0 0 0 0 0,1
P08,1,dcml_abc-n15op132,dcml-mendelssohn_quartets-op-13,11257817376361186834,1,1,2,8354,0.2612244897959184,1.1023204765941268,1.3850664350012791,0 0 0 0 0 0 -12,0 0 0 0 0 0 0,1
P08,1,dcml_abc-n15op132,dcml-mendelssohn_quartets-op-13,17088342778623933744,2,4,2,8354,0.5183673469387755,4.757676771065696,5.032616956135869,0 0 0 0 0 -2 0,0 0 0 0 0 0 0,1
P08,1,dcml_abc-n15op132,dcml-mendelssohn_quartets-op-13,16647158588708528080,2,3,2,8354,0.5102040816326531,4.0221135671513695,4.637779013126456,0 0 0 0 -2 0 0,0 0 0 0 0 0 0,1
P08,1,dcml_abc-n15op132,dcml-mendelssohn_quartets-op-13,10457360941286025917,2,5,2|4,8354,0.5469387755102041,6.310043588528107,7.614731758038706,0 0 0 -2 0 0 0,0 0 0 0 0 0 0,1
P08,1,dcml_abc-n15op132,dcml-mendelssohn_quartets-op-13,611779362569012107,2,2,2,8354,0.31020408163265306,1.6389118810353869,1.7611025712007216,0 0 0 0 5 0 0,0 0 0 0 0 0 0,1
P08,1,dcml_abc-n15op132,dcml-mendelssohn_quartets-op-13,8801578294649929429,3,5,2|5,8354,0.3877551020408163,2.2688726634034118,2.5570457261562076,0 0 0 5 0 0 0,0 0 0 0 0 0 0,1
P08,1,dcml_abc-n15op132,dcml-mendelssohn_quartets-op-13,3672818562819573664,1,1,2,8354,0.004081632653061225,0.008951425017682847,0.018801806809972114,-2 -1 1 1 1 -1 1,0 0 0 0 0 0 0,1
P08,1,dcml_abc-n15op132,dcml-mendelssohn_quartets-op-13,3968772331688480021,2,2,2|5,8354,0.4897959183673469,6.700039967264886,5.471325781701885,0 0 0 0 0 1 0,0 0 0 0 0 0 0,1
P08,1,dcml_abc-n15op132,dcml-mendelssohn_quartets-op-13,12136645170524575645,2,2,2|5,8354,0.46938775510204084,6.0698330534797895,5.176764141678989,0 0 0 0 1 0 0,0 0 0 0 0 0 0,1
P08,1,dcml_abc-n15op132,dcml-mendelssohn_quartets-op-13,13646608702198817197,1,2,2,8354,0.21224489795918366,0.8400317687518396,0.85861584432206,0 -3 0 0 0 0 0,0 0 0 0 0 0 0,1
P08,1,dcml_abc-n15op132,dcml-mendelssohn_quartets-op-13,9333681981848353177,3,1,2|5,8354,0.4857142857142857,4.249290877331275,5.264505906792192,0 0 0 0 0 0 -1,0 0 0 0 0 0 0,1
P08,1,dcml_abc-n15op132,dcml-mendelssohn_quartets-op-13,13980122199227878628,1,1,2,8354,0.12244897959183673,0.3903358146471241,0.48884697705927493,0 0 2 0 0 0 2,0 0 0 0 0 0 0,1
P08,1,dcml_abc-n15op132,dcml-mendelssohn_quartets-op-13,2112116260664215526,1,1,2,8354,0.12244897959183673,0.36281129366743886,0.45124336343933075,0 2 0 0 0 2 0,0 0 0 0 0 0 0,1
P08,1,dcml_abc-n15op132,dcml-mendelssohn_quartets-op-13,13871675983980651015,1,18,4,8354,0.04897959183673469,0.33600887649075134,0.4136397498193865,-2 2 -2 -1 -2 2 -2,0 0 0 0 0 0 0,1
P08,1,dcml_abc-n15op132,dcml-mendelssohn_quartets-op-13,3972001279421935252,1,8,4,8354,0.08979591836734693,0.5071120480283806,0.6329941626023946,2 -2 -1 -2 2 -2 -2,0 0 0 0 0 0 0,1
P08,1,dcml_abc-n15op132,dcml-mendelssohn_quartets-op-13,12863154568693281166,3,2,4,8354,0.13877551020408163,8.99815211230979,0.5013815149325898,-2 -1 -2 -1 -3 -1 -2,0 0 0 0 0 0 0,1
P08,1,dcml_abc-n15op132,dcml-mendelssohn_quartets-op-13,4073167892415760602,2,2,4,8354,0.10612244897959183,8.940200161926484,0.3133634468328686,-1 -2 -1 -3 -1 -2 -2,0 0 0 0 0 0 0,1
P08,1,dcml_abc-n15op132,dcml-mendelssohn_quartets-op-13,3095522951971963757,2,2,4,8354,0.11020408163265306,6.5651108260680004,0.31963071576952595,-2 -1 -3 -1 -2 -2 -1,0 0 0 0 0 0 0,1
P08,1,dcml_abc-n15op132,dcml-mendelssohn_quartets-op-13,13875199992483980376,2,1,4,8354,0.036734693877551024,0.6275021074020936,0.08774176511320321,-3 -1 -2 -2 -1 -2 -1,0 0 0 0 0 0 0,1
P08,1,dcml_abc-n15op132,dcml-mendelssohn_quartets-op-13,15599349567898961749,1,2,4,8354,0.08979591836734693,5.038609990060851,0.25695802640295223,-1 -2 -2 -1 -2 -1 -3,0 0 0 0 0 0 0,1
P08,1,dcml_abc-n15op132,dcml-mendelssohn_quartets-op-13,14901062546128711614,1,2,4,8354,0.11020408163265306,9.083780218870062,0.42617428769270127,-2 -2 -1 -2 -1 -3 -1,0 0 0 0 0 0 0,1
P08,1,dcml_abc-n15op132,dcml-mendelssohn_quartets-op-13,4665689126027435550,1,2,5,8354,0.036734693877551024,0.08147667351878574,0.10027630298651795,-3 0 0 0 2 0 0,0 0 0 0 0 0 0,1
P08,1,dcml_abc-n15op132,dcml-mendelssohn_quartets-op-13,9237600869306216538,3,5,5,8354,0.49795918367346936,5.631320736659976,5.809758304281384,0 0 0 2 0 0 0,0 0 0 0 0 0 0,1
P08,1,dcml_abc-n15op132,dcml-mendelssohn_quartets-op-13,13065781001223065661,1,4,5,8354,0.46122448979591835,4.946173225798161,4.111328422447236,0 0 0 0 0 0 1,0 0 0 0 0 0 0,1
P08,1,dcml_abc-n15op132,dcml-mendelssohn_quartets-op-13,17272697810308759568,1,3,5,8354,0.5387755102040817,8.785611164336373,8.391873106184219,0 0 0 1 0 0 0,0 0 0 0 0 0 0,1
P08,1,dcml_abc-n15op132,dcml-mendelssohn_quartets-op-13,7558105571455758811,1,2,5,8354,0.46122448979591835,6.710535572945311,5.170496872742332,0 0 1 0 0 0 0,0 0 0 0 0 0 0,1
P08,1,dcml_abc-n15op132,dcml-mendelssohn_quartets-op-13,17871468558726863493,1,3,5,8354,0.46938775510204084,6.872369674889886,5.546533008941774,0 1 0 0 0 0 0,0 0 0 0 0 0 0,1
P08,1,dcml_abc-n15op132,dcml-mendelssohn_quartets-op-13,10546099103484696246,4,1,5,8354,0.5102040816326531,4.939755688537322,5.8786982625846145,0 0 0 0 0 -1 0,0 0 0 0 0 0 0,1
P08,1,dcml_abc-n15op132,dcml-mendelssohn_quartets-op-13,4260993258630826241,5,1,5,8354,0.4897959183673469,4.50536599485013,5.33971313403208,0 0 0 0 -1 0 0,0 0 0 0 0 0 0,1
P08,1,dcml_abc-n15op132,dcml-mendelssohn_quartets-op-13,1141385019992909904,6,3,5,8354,0.5265306122448979,6.499744305390795,7.859155246568344,0 0 0 -1 0 0 0,0 0 0 0 0 0 0,1
P08,1,dcml_abc-n15op132,dcml-mendelssohn_quartets-op-13,12953824969103987807,2,4,5,8354,0.4163265306122449,3.24512584431828,3.967181236904116,-2 0 0 0 0 0 0,0 0 0 0 0 0 0,1
P08,1,dcml_abc-n15op132,dcml-mendelssohn_quartets-op-13,13841404174617843719,2,1,5,8354,0.42448979591836733,3.5073903715032055,4.199070187560438,0 0 -1 0 0 0 0,0 0 0 0 0 0 0,1
P08,1,dcml_abc-n15op132,dcml-mendelssohn_quartets-op-13,3745538766256814985,3,1,5,8354,0.4448979591836735,3.849135085042699,4.550037248013251,0 -1 0 0 0 0 0,0 0 0 0 0 0 0,1
P08,1,dcml_abc-n15op132,dcml-mendelssohn_quartets-op-13,2630682921647085982,1,12,5,8354,0.3836734693877551,2.2432150925903858,2.776400138939216,0 0 0 0 0 0 0,0 0 0 0 0 0 2,0
P08,1,dcml_abc-n15op132,dcml-mendelssohn_quartets-op-13,3917756118727609051,2,1,5,8354,0.04081632653061224,0.44739508149172236,0.17548353022640642,0 1 -1 1 -1 1 -1,0 0 0 0 0 0 0,1
P08,1,dcml_abc-n15op132,dcml-mendelssohn_quartets-op-13,6028873434464787862,1,1,5,8354,0.001845371339425829,0.0020748917650467856,0.006267268936657372,1 -1 1 -1 1 -1 2,0 0 0 0 0 0 0,1
P08,1,dcml_abc-n15op132,dcml-mendelssohn_quartets-op-13,12251963798234187538,1,1,5,8354,0.004081632653061225,0.007813084953186632,0.018801806809972114,-1 1 -1 1 -1 2 -2,0 0 0 0 0 0 0,1
P08,1,dcml_abc-n15op132,dcml-mendelssohn_quartets-op-13,4651477569656015510,1,1,5,8354,0.004081632653061225,0.007711059292487186,0.018801806809972114,1 -1 1 -1 2 -2 2,0 0 0 0 0 0 0,1
P08,1,dcml_abc-n15op132,dcml-mendelssohn_quartets-op-13,6420789239181468133,1,2,5,8354,0.24897959183673468,0.8179388644019041,0.9964957609285221,0 0 0 -4 0 0 0,0 0 0 0 0 0 0,1
P08,1,dcml_abc-n15op132,dcml-mendelssohn_quartets-op-13,11130442072034015534,2,2,5,8354,0.43673469387755104,4.1366526203921055,3.6538177900712476,0 0 0 0 0 2 0,0 0 0 0 0 0 0,1
P08,1,dcml_abc-n15op132,dcml-mendelssohn_quartets-op-13,16301350134076998786,2,2,5,8354,0.40816326530612246,3.7826319107391178,3.359256150048351,0 0 0 0 2 0 0,0 0 0 0 0 0 0,1
P08,1,dcml_abc-n15op132,dcml-mendelssohn_quartets-op-13,10952089253137447328,2,2,5,8354,0.363265306122449,3.3675047813365566,2.989487282785566,0 0 2 0 0 0 0,0 0 0 0 0 0 0,1
P08,1,dcml_abc-n15op132,dcml-mendelssohn_quartets-op-13,13680867810256627457,2,1,5,8354,0.37551020408163266,3.3732109180608862,3.133634468328686,0 2 0 0 0 0 0,0 0 0 0 0 0 0,1
P08,1,dcml_abc-n15op132,dcml-mendelssohn_quartets-op-13,14900027987342769807,1,3,5,8354,0.4122448979591837,2.6106344766318994,3.1273671993920282,0 0 0 0 0 0 2,0 0 0 0 0 0 0,1
P08,1,dcml_abc-n15op132,dcml-mendelssohn_quartets-op-13,8363835840572266054,1,4,5,8354,0.4857142857142857,3.84885050369525,4.430959138216761,0 0 0 0 0 0 -2,0 0 0 0 0 0 0,1
P08,1,dcml_abc-n15op132,dcml-mendelssohn_quartets-op-13,18019400104409326162,1,1,5,8354,0.24081632653061225,0.8296633998476289,1.0215648366751517,0 -2 0 0 0 -1 0,0 0 0 0 0 0 0,1
P08,1,dcml_abc-n15op132,dcml-mendelssohn_quartets-op-13,14152342435516896628,1,1,5,8354,0.00816326530612245,0.010308798574886608,0.018801806809972114,-1 0 1 0 0 0 -1,0 0 0 0 0 0 0,1
P08,1,dcml_abc-n15op132,dcml-mendelssohn_quartets-op-13,4008692101796764140,1,1,5,8354,5.230951622755638e-05,0.0001038303677439923,0.006267268936657372,0 1 0 1 0 0 1,0 0 0 0 0 0 0,1
P08,1,dcml_abc-n15op132,dcml-mendelssohn_quartets-op-13,16537012975549915360,1,1,5,8354,0.061224489795918366,0.135114478893734,0.15041445447977692,-2 0 -2 0 0 0 0,0 0 0 0 0 0 0,1
P08,1,dcml_abc-n15op132,dcml-mendelssohn_quartets-op-13,3683251225332378374,1,8,5,8354,0.2653061224489796,2.980028485265229,1.5918863099109724,-2 -2 -1 1 -1 -2 -2,0 0 0 0 0 0 0,1
P09,1,dcml_abc-n11op95,dcml-mendelssohn_quartets-op-13,3972001279421935252,8,8,1,8354,0.08979591836734693,0.5071120480283806,0.6329941626023946,2 -2 -1 -2 2 -2 -2,0 0 0 0 0 0 0,1
P09,1,dcml_abc-n11op95,dcml-mendelssohn_quartets-op-13,18312874603789108142,8,2,1,8354,0.1306122448979592,0.47053158053586713,0.5640542042991635,-2 -1 -2 2 -2 -2 -1,0 0 0 0 0 0 0,1
P09,1,dcml_abc-n11op95,dcml-mendelssohn_quartets-op-13,10094419097378017124,2,1,1,8354,0.06938775510204082,0.2784250024691188,0.31963071576952595,-2 2 -2 -2 2 -2 -1,0 0 0 0 0 0 0,1
P09,1,dcml_abc-n11op95,dcml-mendelssohn_quartets-op-13,4372973975099255643,63,1,1|2|4,8354,0.21224489795918366,14.046996800186816,13.186333842727109,-12 12 -12 12 -12 12 -12,0 0 0 0 0 0 0,1
P09,1,dcml_abc-n11op95,dcml-mendelssohn_quartets-op-13,6561773122753414140,12,2,1,8354,0.09795918367346938,0.7748785848154607,0.6392614315390519,2 1 -1 -2 2 1 -1,0 0 0 0 0 0 0,1
P09,1,dcml_abc-n11op95,dcml-mendelssohn_quartets-op-13,12133793991146326180,16,2,1,8354,0.20408163265306123,3.171961730265191,1.704697150770805,-1 1 2 -2 -1 1 2,0 0 0 0 0 0 0,1
P09,1,dcml_abc-n11op95,dcml-mendelssohn_quartets-op-13,16646503966893443731,8,1,1,8354,0.02857142857142857,0.1350320479472017,0.16921626128974904,1 2 -2 -1 1 2 -3,0 0 0 0 0 0 0,1
P09,1,dcml_abc-n11op95,dcml-mendelssohn_quartets-op-13,3272389519193942737,64,1,1,8354,0.22040816326530613,4.234989682289023,2.81400375255916,2 -2 2 -2 2 -2 2,0 0 0 0 0 0 0,1
P09,1,dcml_abc-n11op95,dcml-mendelssohn_quartets-op-13,316450414965223532,56,2,1,8354,0.23265306122448978,3.6834486588089397,2.66985656701604,-2 2 -2 2 -2 2 -2,0 0 0 0 0 0 0,1
P09,1,dcml_abc-n11op95,dcml-mendelssohn_quartets-op-13,6992780839467071644,4,1,1,8354,0.004081632653061225,0.0026379021187156165,0.012534537873314744,2 -2 2 -2 0 2 -2,0 0 0 2 -2 0 0,0
P09,1,dcml_abc-n11op95,dcml-mendelssohn_quartets-op-13,13184238562780131293,4,1,1,8354,0.004081632653061225,0.002544654759961098,0.012534537873314744,-2 2 -2 0 2 -2 2,0 0 2 -2 0 0 0,0
P09,1,dcml_abc-n11op95,dcml-mendelssohn_quartets-op-13,1489682704314560128,3,1,2,8354,0.0009543612412498066,0.0012000371677042764,0.006267268936657372,5 -5 -2 2 -3 3 -5,0 0 0 0 0 0 0,1
P09,1,dcml_abc-n11op95,dcml-mendelssohn_quartets-op-13,2900228450425205540,6,17,4,8354,0.33877551020408164,7.183424876183045,6.649572341793471,1 -1 1 -1 1 -1 1,0 0 0 0 0 0 0,1
P09,1,dcml_abc-n11op95,dcml-mendelssohn_quartets-op-13,11089555382084080366,4,14,4,8354,0.30612244897959184,7.185361198026111,7.006806671182941,-1 1 -1 1 -1 1 -1,0 0 0 0 0 0 0,1
P09,1,dcml_abc-n11op95,dcml-mendelssohn_quartets-op-13,959349278297229003,8,1,4,8354,0.13877551020408163,0.6330253375155848,0.7959431549554862,0 0 0 0 -12 12 0,0 0 0 0 0 0 0,1
P09,1,dcml_abc-n11op95,dcml-mendelssohn_quartets-op-13,1629514579637552002,8,1,4,8354,0.1346938775510204,0.600795501695081,0.7395377345255698,0 0 0 -12 12 0 0,0 0 0 0 0 0 0,1
P09,1,dcml_abc-n11op95,dcml-mendelssohn_quartets-op-13,7644950830005839466,8,1,4,8354,0.1306122448979592,0.5664128296769998,0.6956668519689683,0 0 -12 12 0 0 0,0 0 0 0 0 0 0,1
P09,1,dcml_abc-n11op95,dcml-mendelssohn_quartets-op-13,1555539108215067437,8,1,4,8354,0.12653061224489795,0.5415726076754276,0.6517959694123666,0 -12 12 0 0 0 0,0 0 0 0 0 0 0,1
P09,1,dcml_abc-n11op95,dcml-mendelssohn_quartets-op-13,10854024840505956090,2,1,4,8354,0.5836734693877551,4.129440535470628,5.120358721249072,-1 -2 -2 -2 -1 -2 -2,0 0 0 0 0 0 0,1
P09,1,dcml_abc-n11op95,dcml-mendelssohn_quartets-op-13,6420015703652674026,5,1,4,8354,0.49795918367346936,4.346508790787297,4.618977206316482,2 2 1 2 2 2 1,0 0 0 0 0 0 0,1
P09,1,dcml_abc-n11op95,dcml-mendelssohn_quartets-op-13,6684035197061309914,7,1,4,8354,0.42448979591836733,2.5247793971010832,2.5883820708394945,2 1 2 2 2 1 2,0 0 0 0 0 0 0,1
P09,1,dcml_abc-n11op95,dcml-mendelssohn_quartets-op-13,14551727128594777257,1,1,4,8354,0.05714285714285714,0.13673374187860646,0.16921626128974904,2 1 -1 1 2 2 1,0 0 0 0 0 0 0,1
P09,1,dcml_abc-n11op95,dcml-mendelssohn_quartets-op-13,9237600869306216538,7,5,4,8354,0.49795918367346936,5.631320736659976,5.809758304281384,0 0 0 2 0 0 0,0 0 0 0 0 0 0,1
P09,1,dcml_abc-n11op95,dcml-mendelssohn_quartets-op-13,10952089253137447328,5,2,4,8354,0.363265306122449,3.3675047813365566,2.989487282785566,0 0 2 0 0 0 0,0 0 0 0 0 0 0,1
P09,1,dcml_abc-n11op95,dcml-mendelssohn_quartets-op-13,13680867810256627457,5,1,4,8354,0.37551020408163266,3.3732109180608862,3.133634468328686,0 2 0 0 0 0 0,0 0 0 0 0 0 0,1
P09,1,dcml_abc-n11op95,dcml-mendelssohn_quartets-op-13,11185099478490614731,222,141,4,8354,0.7224489795918367,260.44669323507003,304.977840995621,0 0 0 0 0 0 0,0 0 0 0 0 0 0,1
P09,1,dcml_abc-n11op95,dcml-mendelssohn_quartets-op-13,1781669719148222935,2,1,4,8354,0.061224489795918366,0.09402227135167637,0.12534537873314744,0 0 0 0 0 0 6,0 0 0 0 0 0 0,1
P09,1,dcml_abc-n11op95,dcml-mendelssohn_quartets-op-13,4242703683425270923,3,1,4,8354,0.05714285714285714,0.11991650096039284,0.15041445447977692,0 0 0 0 0 6 0,0 0 0 0 0 0 0,1
P09,1,dcml_abc-n11op95,dcml-mendelssohn_quartets-op-13,12038957063837000556,3,1,4,8354,0.053061224489795916,0.12380369872813136,0.15041445447977692,0 0 0 0 6 0 0,0 0 0 0 0 0 0,1
P09,1,dcml_abc-n11op95,dcml-mendelssohn_quartets-op-13,399328360056517908,3,1,4,8354,0.09387755102040816,0.20672821595417107,0.25695802640295223,0 0 0 6 0 0 0,0 0 0 0 0 0 0,1
P09,1,dcml_abc-n11op95,dcml-mendelssohn_quartets-op-13,10608263603240126584,3,1,4,8354,0.30612244897959184,1.0975126138319722,1.3537300903179923,-12 0 0 0 0 0 0,0 0 0 0 0 0 0,1
P09,1,dcml_abc-n11op95,dcml-mendelssohn_quartets-op-13,6555203061558586692,2,2,4,8354,0.27346938775510204,1.1310157371628844,1.366264628191307,0 0 0 0 0 0 -3,0 0 0 0 0 0 0,1
P09,1,dcml_abc-n11op95,dcml-mendelssohn_quartets-op-13,6787782814435139067,2,2,4,8354,0.2571428571428571,1.2417956043192677,1.247186518394817,0 0 0 0 0 -3 0,0 0 0 0 0 0 0,1
P09,1,dcml_abc-n11op95,dcml-mendelssohn_quartets-op-13,6936220342145915986,3,1,4,8354,0.24489795918367346,1.1408775829886293,1.165712022218271,0 0 0 0 -3 0 0,0 0 0 0 0 0 0,1
P09,1,dcml_abc-n11op95,dcml-mendelssohn_quartets-op-13,14911049944244510654,3,5,4,8354,0.3020408163265306,2.023754391235808,2.318889506563228,0 0 0 -3 0 0 0,0 0 0 0 0 0 0,1
P09,1,dcml_abc-n11op95,dcml-mendelssohn_quartets-op-13,7558105571455758811,2,2,4,8354,0.46122448979591835,6.710535572945311,5.170496872742332,0 0 1 0 0 0 0,0 0 0 0 0 0 0,1
P09,1,dcml_abc-n11op95,dcml-mendelssohn_quartets-op-13,17871468558726863493,2,3,4,8354,0.46938775510204084,6.872369674889886,5.546533008941774,0 1 0 0 0 0 0,0 0 0 0 0 0 0,1
P09,1,dcml_abc-n11op95,dcml-mendelssohn_quartets-op-13,910468409114650560,2,3,4,8354,0.46938775510204084,4.0141472632745945,4.65031355099977,1 0 0 0 0 0 0,0 0 0 0 0 0 0,1
P09,1,dcml_abc-n11op95,dcml-mendelssohn_quartets-op-13,9333681981848353177,3,1,4,8354,0.4857142857142857,4.249290877331275,5.264505906792192,0 0 0 0 0 0 -1,0 0 0 0 0 0 0,1
P09,1,dcml_abc-n11op95,dcml-mendelssohn_quartets-op-13,1082045612886752309,3,2,4,8354,0.33877551020408164,1.544601008368606,1.8801806809972115,0 0 0 0 0 0 5,0 0 0 0 0 0 0,1
P09,1,dcml_abc-n11op95,dcml-mendelssohn_quartets-op-13,10457360941286025917,5,5,4,8354,0.5469387755102041,6.310043588528107,7.614731758038706,0 0 0 -2 0 0 0,0 0 0 0 0 0 0,1
P09,1,dcml_abc-n11op95,dcml-mendelssohn_quartets-op-13,14037939126132874456,1,1,4,8354,0.23265306122448978,0.8185450354094059,1.0152975677384941,0 0 -2 0 0 0 -1,0 0 0 0 0 0 0,1
P09,1,dcml_abc-n11op95,dcml-mendelssohn_quartets-op-13,18019400104409326162,1,1,4,8354,0.24081632653061225,0.8296633998476289,1.0215648366751517,0 -2 0 0 0 -1 0,0 0 0 0 0 0 0,1
P09,1,dcml_abc-n11op95,dcml-mendelssohn_quartets-op-13,7327670980718547572,1,1,4,8354,0.19183673469387755,0.7543062915180409,0.9150212647519762,-2 0 0 0 -1 0 0,0 0 0 0 0 0 0,1
P09,1,dcml_abc-n11op95,dcml-mendelssohn_quartets-op-13,1141385019992909904,5,3,4,8354,0.5265306122448979,6.499744305390795,7.859155246568344,0 0 0 -1 0 0 0,0 0 0 0 0 0 0,1
P09,1,dcml_abc-n11op95,dcml-mendelssohn_quartets-op-13,828940108759010231,2,2,4,8354,0.2163265306122449,0.8854318859666721,0.8899521890053468,0 0 -3 0 0 0 0,0 0 0 0 0 0 0,1
P09,1,dcml_abc-n11op95,dcml-mendelssohn_quartets-op-13,13646608702198817197,1,2,4,8354,0.21224489795918366,0.8400317687518396,0.85861584432206,0 -3 0 0 0 0 0,0 0 0 0 0 0 0,1
P09,1,dcml_abc-n11op95,dcml-mendelssohn_quartets-op-13,14900027987342769807,2,3,4,8354,0.4122448979591837,2.6106344766318994,3.1273671993920282,0 0 0 0 0 0 2,0 0 0 0 0 0 0,1
P09,1,dcml_abc-n11op95,dcml-mendelssohn_quartets-op-13,11130442072034015534,2,2,4,8354,0.43673469387755104,4.1366526203921055,3.6538177900712476,0 0 0 0 0 2 0,0 0 0 0 0 0 0,1
P09,1,dcml_abc-n11op95,dcml-mendelssohn_quartets-op-13,16301350134076998786,2,2,4,8354,0.40816326530612246,3.7826319107391178,3.359256150048351,0 0 0 0 2 0 0,0 0 0 0 0 0 0,1
P09,1,dcml_abc-n11op95,dcml-mendelssohn_quartets-op-13,13065781001223065661,1,4,4,8354,0.46122448979591835,4.946173225798161,4.111328422447236,0 0 0 0 0 0 1,0 0 0 0 0 0 0,1
P09,1,dcml_abc-n11op95,dcml-mendelssohn_quartets-op-13,3968772331688480021,1,2,4,8354,0.4897959183673469,6.700039967264886,5.471325781701885,0 0 0 0 0 1 0,0 0 0 0 0 0 0,1
P09,1,dcml_abc-n11op95,dcml-mendelssohn_quartets-op-13,12136645170524575645,1,2,4,8354,0.46938775510204084,6.0698330534797895,5.176764141678989,0 0 0 0 1 0 0,0 0 0 0 0 0 0,1
P09,1,dcml_abc-n11op95,dcml-mendelssohn_quartets-op-13,17272697810308759568,3,3,4,8354,0.5387755102040817,8.785611164336373,8.391873106184219,0 0 0 1 0 0 0,0 0 0 0 0 0 0,1
P09,1,dcml_abc-n11op95,dcml-mendelssohn_quartets-op-13,10546099103484696246,1,1,4,8354,0.5102040816326531,4.939755688537322,5.8786982625846145,0 0 0 0 0 -1 0,0 0 0 0 0 0 0,1
P09,1,dcml_abc-n11op95,dcml-mendelssohn_quartets-op-13,4260993258630826241,1,1,4,8354,0.4897959183673469,4.50536599485013,5.33971313403208,0 0 0 0 -1 0 0,0 0 0 0 0 0 0,1
P09,1,dcml_abc-n11op95,dcml-mendelssohn_quartets-op-13,13841404174617843719,1,1,4,8354,0.42448979591836733,3.5073903715032055,4.199070187560438,0 0 -1 0 0 0 0,0 0 0 0 0 0 0,1
P09,1,dcml_abc-n11op95,dcml-mendelssohn_quartets-op-13,3745538766256814985,1,1,4,8354,0.4448979591836735,3.849135085042699,4.550037248013251,0 -1 0 0 0 0 0,0 0 0 0 0 0 0,1
P09,1,dcml_abc-n11op95,dcml-mendelssohn_quartets-op-13,9050728763716188748,2,1,4,8354,0.4163265306122449,2.8635793166190524,3.509670604528128,-1 0 0 0 0 0 0,0 0 0 0 0 0 0,1
P09,1,dcml_abc-n11op95,dcml-mendelssohn_quartets-op-13,8350047934755293510,1,1,4,8354,0.19183673469387755,0.6249050708286429,0.7332704655889125,0 0 0 0 0 0 1,0 0 0 0 0 0 1,0
P09,1,dcml_abc-n11op95,dcml-mendelssohn_quartets-op-13,2630682921647085982,2,12,4,8354,0.3836734693877551,2.2432150925903858,2.776400138939216,0 0 0 0 0 0 0,0 0 0 0 0 0 2,0
P09,1,dcml_abc-n11op95,dcml-mendelssohn_quartets-op-13,8363835840572266054,2,4,4,8354,0.4857142857142857,3.84885050369525,4.430959138216761,0 0 0 0 0 0 -2,0 0 0 0 0 0 0,1
P09,1,dcml_abc-n11op95,dcml-mendelssohn_quartets-op-13,1088624732289193131,1,3,4,8354,0.02857142857142857,0.043670714633460304,0.05640542042991634,5 0 0 0 -3 0 0,0 0 0 0 0 0 0,1
P09,1,dcml_abc-n11op95,dcml-mendelssohn_quartets-op-13,6420789239181468133,2,2,4,8354,0.24897959183673468,0.8179388644019041,0.9964957609285221,0 0 0 -4 0 0 0,0 0 0 0 0 0 0,1
P09,1,dcml_abc-n11op95,dcml-mendelssohn_quartets-op-13,17088342778623933744,1,4,4,8354,0.5183673469387755,4.757676771065696,5.032616956135869,0 0 0 0 0 -2 0,0 0 0 0 0 0 0,1
P09,1,dcml_abc-n11op95,dcml-mendelssohn_quartets-op-13,16647158588708528080,1,3,4,8354,0.5102040816326531,4.0221135671513695,4.637779013126456,0 0 0 0 -2 0 0,0 0 0 0 0 0 0,1
P09,1,dcml_abc-n11op95,dcml-mendelssohn_quartets-op-13,5499761344156506484,1,1,4,8354,0.0163265306122449,0.03090890866885139,0.043870882556601605,0 0 -2 0 0 0 5,0 0 0 0 0 0 0,1
P09,1,dcml_abc-n11op95,dcml-mendelssohn_quartets-op-13,18109451028541964059,1,1,4,8354,0.012244897959183673,0.027147279148208043,0.03760361361994423,0 -2 0 0 0 5 0,0 0 0 0 0 0 0,1
P09,1,dcml_abc-n11op95,dcml-mendelssohn_quartets-op-13,3767183429349823909,1,2,4,8354,0.024489795918367346,0.05268754165466474,0.06267268936657372,-2 0 0 0 5 0 0,0 0 0 0 0 0 0,1
P09,1,dcml_abc-n11op95,dcml-mendelssohn_quartets-op-13,8801578294649929429,6,5,4,8354,0.3877551020408163,2.2688726634034118,2.5570457261562076,0 0 0 5 0 0 0,0 0 0 0 0 0 0,1
P09,1,dcml_abc-n11op95,dcml-mendelssohn_quartets-op-13,7372329311636653700,1,1,4,8354,0.46122448979591835,3.4772448673753003,4.042388464144005,0 0 0 0 0 0 0,0 0 0 0 0 0 1,0
P09,1,dcml_abc-n11op95,dcml-mendelssohn_quartets-op-13,15958706299856734845,2,2,4,8354,0.12653061224489795,4.131882986034036,0.6831323140956534,4 -4 4 -4 5 -5 5,0 0 0 0 0 0 0,1
P09,1,dcml_abc-n11op95,dcml-mendelssohn_quartets-op-13,1181461499213658554,2,2,4,8354,0.13877551020408163,4.508082614671505,0.777141348145514,-4 4 -4 5 -5 5 -5,0 0 0 0 0 0 0,1
P09,1,dcml_abc-n11op95,dcml-mendelssohn_quartets-op-13,17001997413025850070,2,1,4,8354,0.20816326530612245,4.296721092090692,3.277781653871805,5 -5 5 -5 5 -5 5,0 0 0 0 0 0 0,1
P09,1,dcml_abc-n11op95,dcml-mendelssohn_quartets-op-13,5907591147754429656,2,1,4,8354,0.22857142857142856,4.690133126812257,3.8042322445510246,-5 5 -5 5 -5 5 -5,0 0 0 0 0 0 0,1
P09,1,dcml_abc-n11op95,dcml-mendelssohn_quartets-op-13,7541200170940926280,2,2,4,8354,0.2857142857142857,0.7287004087511908,0.8899521890053468,-7 0 0 0 0 0 0,0 0 0 0 0 0 0,1
P09,1,dcml_abc-n11op95,dcml-mendelssohn_quartets-op-13,9554831795633673372,3,2,4,8354,0.3142857142857143,1.4437517389011025,1.6044208477842872,0 5 0 0 0 0 0,0 0 0 0 0 0 0,1
P09,1,dcml_abc-n11op95,dcml-mendelssohn_quartets-op-13,13020225774748621817,3,3,4,8354,0.363265306122449,1.52933015430555,1.8425770673772672,5 0 0 0 0 0 0,0 0 0 0 0 0 0,1
P09,1,dcml_abc-n11op95,dcml-mendelssohn_quartets-op-13,17925413280476743312,1,2,4,8354,0.35918367346938773,2.166305247947437,2.682391104889355,12 0 0 0 0 0 0,0 0 0 0 0 0 0,1
P09,1,dcml_abc-n11op95,dcml-mendelssohn_quartets-op-13,16762446751818653069,2,2,4,8354,0.3346938775510204,1.7222568402705323,1.855111605250582,0 0 0 0 0 5 0,0 0 0 0 0 0 0,1
P09,1,dcml_abc-n11op95,dcml-mendelssohn_quartets-op-13,611779362569012107,2,2,4,8354,0.31020408163265306,1.6389118810353869,1.7611025712007216,0 0 0 0 5 0 0,0 0 0 0 0 0 0,1
P09,1,dcml_abc-n11op95,dcml-mendelssohn_quartets-op-13,4068124447445488065,2,1,4,8354,0.3142857142857143,1.4443802538304984,1.585619040974315,0 0 5 0 0 0 0,0 0 0 0 0 0 0,1
P09,1,dcml_abc-n11op95,dcml-mendelssohn_quartets-op-13,1842591613875724,1,3,4,8354,0.2571428571428571,0.7035286603133462,0.8836849200686894,0 0 0 0 0 0 -7,0 0 0 0 0 0 0,1
P09,1,dcml_abc-n11op95,dcml-mendelssohn_quartets-op-13,3108513523302505712,1,3,4,8354,0.22448979591836735,0.5790987742128965,0.7144686587789404,0 0 0 0 0 -7 0,0 0 0 0 0 0 0,1
P09,1,dcml_abc-n11op95,dcml-mendelssohn_quartets-op-13,1794322274251292721,1,3,4,8354,0.20408163265306123,0.5023113559473065,0.5953905489824504,0 0 0 0 -7 0 0,0 0 0 0 0 0 0,1
P09,1,dcml_abc-n11op95,dcml-mendelssohn_quartets-op-13,13030236077530698751,1,3,4,8354,0.27755102040816326,1.0138767007932377,1.21585017371153,0 0 0 -7 0 0 0,0 0 0 0 0 0 0,1
P09,1,dcml_abc-n11op95,dcml-mendelssohn_quartets-op-13,15439915843993837696,1,2,4,8354,0.20408163265306123,0.6009391792257692,0.6893995830323109,0 0 -7 0 0 0 0,0 0 0 0 0 0 0,1
P09,1,dcml_abc-n11op95,dcml-mendelssohn_quartets-op-13,9142878482043776675,1,2,4,8354,0.23265306122448978,0.638560644449944,0.7270031966522551,0 -7 0 0 0 0 0,0 0 0 0 0 0 0,1
P09,1,dcml_abc-n11op95,dcml-mendelssohn_quartets-op-13,11257817376361186834,1,1,4,8354,0.2612244897959184,1.1023204765941268,1.3850664350012791,0 0 0 0 0 0 -12,0 0 0 0 0 0 0,1
P09,1,dcml_abc-n11op95,dcml-mendelssohn_quartets-op-13,14581121746789897757,1,1,4,8354,0.21224489795918366,0.5417481357083219,0.6329941626023946,0 0 0 0 0 0 5,0 0 0 0 0 0 1,0
P10,1,dcml_abc-n10op74,dcml-mendelssohn_quartets-op-12,11185099478490614731,382,31,1|2|3|4,8461,0.7224489795918367,321.07682497655173,308.8840690284833,0 0 0 0 0 0 0,0 0 0 0 0 0 0,1
P10,1,dcml_abc-n10op74,dcml-mendelssohn_quartets-op-12,8363835840572266054,20,1,1|3|4,8461,0.4857142857142857,5.528859675930932,4.487711906685662,0 0 0 0 0 0 -2,0 0 0 0 0 0 0,1
P10,1,dcml_abc-n10op74,dcml-mendelssohn_quartets-op-12,17088342778623933744,17,2,1|4,8461,0.5183673469387755,5.989305762728122,5.097075899672682,0 0 0 0 0 -2 0,0 0 0 0 0 0 0,1
P10,1,dcml_abc-n10op74,dcml-mendelssohn_quartets-op-12,16647158588708528080,20,1,1|4,8461,0.5102040816326531,5.4089302862479185,4.697180779274951,0 0 0 0 -2 0 0,0 0 0 0 0 0 0,1
P10,1,dcml_abc-n10op74,dcml-mendelssohn_quartets-op-12,10457360941286025917,21,1,1|4,8461,0.5469387755102041,8.330922413765437,7.712263036241979,0 0 0 -2 0 0 0,0 0 0 0 0 0 0,1
P10,1,dcml_abc-n10op74,dcml-mendelssohn_quartets-op-12,1141385019992909904,15,1,1|4,8461,0.5265306122448979,7.521718046308736,7.959817158392957,0 0 0 -1 0 0 0,0 0 0 0 0 0 0,1
P10,1,dcml_abc-n10op74,dcml-mendelssohn_quartets-op-12,9237600869306216538,9,3,1|4,8461,0.49795918367346936,6.8649272989365695,5.884171057280917,0 0 0 2 0 0 0,0 0 0 0 0 0 0,1
P10,1,dcml_abc-n10op74,dcml-mendelssohn_quartets-op-12,17272697810308759568,11,4,1|3|4,8461,0.5387755102040817,8.095956777788295,8.499358193850213,0 0 0 1 0 0 0,0 0 0 0 0 0 0,1
P10,1,dcml_abc-n10op74,dcml-mendelssohn_quartets-op-12,8121389055376424656,12,4,1|3,8461,0.1836734693877551,0.6893288744571267,0.8061377823890793,2 2 1 2 2 -2 -2,0 0 0 0 0 0 0,1
P10,1,dcml_abc-n10op74,dcml-mendelssohn_quartets-op-12,2541865746873384477,13,4,1|3,8461,0.2816326530612245,1.5419947306860073,1.1171673204762045,2 1 2 2 -2 -2 -1,0 0 0 0 0 0 0,1
P10,1,dcml_abc-n10op74,dcml-mendelssohn_quartets-op-12,12076769863553509064,3,6,1,8461,0.08163265306122448,0.279712746314094,0.2792918301190511,1 2 2 -2 -2 -1 1,0 0 0 0 0 0 0,1
P10,1,dcml_abc-n10op74,dcml-mendelssohn_quartets-op-12,11049965738397213133,3,5,1,8461,0.061224489795918366,0.16655579127186387,0.20312133099567353,2 2 -2 -2 -1 1 2,0 0 0 0 0 0 0,1
P10,1,dcml_abc-n10op74,dcml-mendelssohn_quartets-op-12,11629645975092450283,3,1,1,8461,0.06938775510204082,0.29846910530782367,0.37450495402327305,2 -2 -2 -1 1 2 2,0 0 0 0 0 0 0,1
P10,1,dcml_abc-n10op74,dcml-mendelssohn_quartets-op-12,15595496824933904010,17,1,1|4,8461,0.4530612244897959,4.595182085576772,4.322675825251678,0 0 -2 0 0 0 0,0 0 0 0 0 0 0,1
P10,1,dcml_abc-n10op74,dcml-mendelssohn_quartets-op-12,16161659831680223506,16,1,1|4,8461,0.45714285714285713,5.172117948914262,4.582925030589884,0 -2 0 0 0 0 0,0 0 0 0 0 0 0,1
P10,1,dcml_abc-n10op74,dcml-mendelssohn_quartets-op-12,10546099103484696246,13,1,1|3|4,8461,0.5102040816326531,5.074929160403701,5.9539940148106805,0 0 0 0 0 -1 0,0 0 0 0 0 0 0,1
P10,1,dcml_abc-n10op74,dcml-mendelssohn_quartets-op-12,4260993258630826241,7,1,1|4,8461,0.4897959183673469,4.79277753177613,5.408105437759807,0 0 0 0 -1 0 0,0 0 0 0 0 0 0,1
P10,1,dcml_abc-n10op74,dcml-mendelssohn_quartets-op-12,13065781001223065661,7,3,1|3|4,8461,0.46122448979591835,5.124179870750712,4.163987285411308,0 0 0 0 0 0 1,0 0 0 0 0 0 0,1
P10,1,dcml_abc-n10op74,dcml-mendelssohn_quartets-op-12,3968772331688480021,11,5,1|3|4,8461,0.4897959183673469,5.523828024351063,5.5414038112257185,0 0 0 0 0 1 0,0 0 0 0 0 0 0,1
P10,1,dcml_abc-n10op74,dcml-mendelssohn_quartets-op-12,13680867810256627457,6,3,1|4,8461,0.37551020408163266,2.933850833847401,3.173770796807399,0 2 0 0 0 0 0,0 0 0 0 0 0 0,1
P10,1,dcml_abc-n10op74,dcml-mendelssohn_quartets-op-12,6787782814435139067,3,1,1|4,8461,0.2571428571428571,1.7936076255308953,1.263160777129345,0 0 0 0 0 -3 0,0 0 0 0 0 0 0,1
P10,1,dcml_abc-n10op74,dcml-mendelssohn_quartets-op-12,6936220342145915986,3,1,1|4,8461,0.24489795918367346,1.5068136506308225,1.1806427364123524,0 0 0 0 -3 0 0,0 0 0 0 0 0 0,1
P10,1,dcml_abc-n10op74,dcml-mendelssohn_quartets-op-12,4422853768691058313,12,2,1,8461,8.641950896018595e-06,2.1976561837220486e-05,0.006347541593614798,9 9 -9 9 -9 -9 9,0 0 0 0 0 0 0,1
P10,1,dcml_abc-n10op74,dcml-mendelssohn_quartets-op-12,11552312096894373298,1,3,1,8461,0.053061224489795916,0.16612554626351467,0.15868853984036996,3 5 4 3 5 4 3,0 0 0 0 0 0 0,1
P10,1,dcml_abc-n10op74,dcml-mendelssohn_quartets-op-12,11130442072034015534,7,3,1|3|4,8461,0.43673469387755104,3.982699636047834,3.7006167490774273,0 0 0 0 0 2 0,0 0 0 0 0 0 0,1
P10,1,dcml_abc-n10op74,dcml-mendelssohn_quartets-op-12,16301350134076998786,5,3,1|4,8461,0.40816326530612246,3.8717185657226456,3.4022822941775317,0 0 0 0 2 0 0,0 0 0 0 0 0 0,1
P10,1,dcml_abc-n10op74,dcml-mendelssohn_quartets-op-12,6420015703652674026,3,2,1,8461,0.49795918367346936,4.094763568406279,4.678138154494105,2 2 1 2 2 2 1,0 0 0 0 0 0 0,1
P10,1,dcml_abc-n10op74,dcml-mendelssohn_quartets-op-12,6684035197061309914,2,1,1,8461,0.42448979591836733,2.5658951271537984,2.6215346781629116,2 1 2 2 2 1 2,0 0 0 0 0 0 0,1
P10,1,dcml_abc-n10op74,dcml-mendelssohn_quartets-op-12,15598532769223452241,5,1,1|3,8461,0.17142857142857143,1.0319019412121686,0.7807476160146202,0 0 0 0 0 0 3,0 0 0 0 0 0 0,1
P10,1,dcml_abc-n10op74,dcml-mendelssohn_quartets-op-12,14138638990137700506,5,2,1|3,8461,0.2163265306122449,0.7425292983084052,0.8632656567316125,0 0 0 0 0 3 0,0 0 0 0 0 0 0,1
P10,1,dcml_abc-n10op74,dcml-mendelssohn_quartets-op-12,498167810775000135,8,2,1|3,8461,0.2,0.6754430135158359,0.8124853239826941,0 0 0 0 3 0 0,0 0 0 0 0 0 0,1
P10,1,dcml_abc-n10op74,dcml-mendelssohn_quartets-op-12,18104957683447062627,11,2,1|3,8461,0.2612244897959184,1.298540210457162,1.5868853984036995,0 0 0 3 0 0 0,0 0 0 0 0 0 0,1
P10,1,dcml_abc-n10op74,dcml-mendelssohn_quartets-op-12,1081586595632079195,10,2,1|3,8461,0.20408163265306123,0.6197113914041245,0.7490099080465461,0 0 3 0 0 0 0,0 0 0 0 0 0 0,1
P10,1,dcml_abc-n10op74,dcml-mendelssohn_quartets-op-12,1378205947967098981,10,2,1|3,8461,0.19591836734693877,0.6352267023139967,0.7363148248593165,0 3 0 0 0 0 0,0 0 0 0 0 0 0,1
P10,1,dcml_abc-n10op74,dcml-mendelssohn_quartets-op-12,316450414965223532,4,3,1,8461,0.23265306122448978,3.2614580181138773,2.7040527188799035,-2 2 -2 2 -2 2 -2,0 0 0 0 0 0 0,1
P10,1,dcml_abc-n10op74,dcml-mendelssohn_quartets-op-12,11089555382084080366,1,3,1,8461,0.30612244897959184,13.103189500002216,7.096551501661344,-1 1 -1 1 -1 1 -1,0 0 0 0 0 0 0,1
P10,1,dcml_abc-n10op74,dcml-mendelssohn_quartets-op-12,2900228450425205540,7,4,1,8461,0.33877551020408164,13.604324520680324,6.7347416308253,1 -1 1 -1 1 -1 1,0 0 0 0 0 0 0,1
P10,1,dcml_abc-n10op74,dcml-mendelssohn_quartets-op-12,5357819783654894817,3,1,1,8461,0.1346938775510204,0.3778472813467994,0.46971807792749504,-2 -2 -1 1 2 2 -2,0 0 0 0 0 0 0,1
P10,1,dcml_abc-n10op74,dcml-mendelssohn_quartets-op-12,1562816202402369557,3,1,1,8461,0.13877551020408163,0.3980799428962575,0.48241316111472465,-2 -1 1 2 2 -2 -2,0 0 0 0 0 0 0,1
P10,1,dcml_abc-n10op74,dcml-mendelssohn_quartets-op-12,3693028719606665077,7,2,1|3,8461,0.16326530612244897,0.5348397530226622,0.5903213682061762,-1 1 2 2 -2 -2 -1,0 0 0 0 0 0 0,1
P10,1,dcml_abc-n10op74,dcml-mendelssohn_quartets-op-12,5741528493099820526,3,1,1,8461,0.012244897959183673,0.060222060415950095,0.07617049912337757,-1 1 3 -3 -1 1 3,0 0 0 0 0 0 0,1
P10,1,dcml_abc-n10op74,dcml-mendelssohn_quartets-op-12,16026675016263847861,2,1,1,8461,0.00816326530612245,0.04394241965445036,0.05712787434253318,1 3 -3 -1 1 3 -3,0 0 0 0 0 0 0,1
P10,1,dcml_abc-n10op74,dcml-mendelssohn_quartets-op-12,10993359332990276905,2,1,1,8461,0.00816326530612245,0.040614247074798826,0.05712787434253318,3 -3 -1 1 3 -3 -1,0 0 0 0 0 0 0,1
P10,1,dcml_abc-n10op74,dcml-mendelssohn_quartets-op-12,16252643505604147558,2,1,1,8461,0.012244897959183673,0.04364602010386211,0.06347541593614799,-3 -1 1 3 -3 -1 1,0 0 0 0 0 0 0,1
P10,1,dcml_abc-n10op74,dcml-mendelssohn_quartets-op-12,12136645170524575645,8,4,1|3|4,8461,0.46938775510204084,5.248139492209801,5.243069356325823,0 0 0 0 1 0 0,0 0 0 0 0 0 0,1
P10,1,dcml_abc-n10op74,dcml-mendelssohn_quartets-op-12,10952089253137447328,5,3,1|4,8461,0.363265306122449,3.3639250832394767,3.0277773401542585,0 0 2 0 0 0 0,0 0 0 0 0 0 0,1
P10,1,dcml_abc-n10op74,dcml-mendelssohn_quartets-op-12,3879359630756863047,2,1,1,8461,0.0019623817908499953,0.00273131362513028,0.006347541593614798,0 4 0 -2 0 3 0,0 0 0 0 0 0 0,1
P10,1,dcml_abc-n10op74,dcml-mendelssohn_quartets-op-12,11675401675895475018,2,1,1,8461,0.012244897959183673,0.04807117135121161,0.06347541593614799,0 3 0 -1 0 3 0,0 0 0 0 0 0 0,1
P10,1,dcml_abc-n10op74,dcml-mendelssohn_quartets-op-12,6132551908047415281,1,1,1,8461,0.061224489795918366,0.11668349183714603,0.13329837346591075,-2 4 0 0 0 0 0,0 0 0 0 0 0 0,1
P10,1,dcml_abc-n10op74,dcml-mendelssohn_quartets-op-12,7372329311636653700,1,1,1,8461,0.46122448979591835,3.832726497359727,4.094164327881544,0 0 0 0 0 0 0,0 0 0 0 0 0 1,0
P10,1,dcml_abc-n10op74,dcml-mendelssohn_quartets-op-12,4145122777141550446,1,1,1,8461,0.004081632653061225,0.0033853701172493647,0.012695083187229596,-3 -4 -2 -3 -3 -4 0,0 0 0 0 0 0 0,1
P10,1,dcml_abc-n10op74,dcml-mendelssohn_quartets-op-12,18389617087881204502,2,1,2|4,8461,0.19591836734693877,6.314930802571345,1.2441181523485003,0 -2 0 -1 0 -2 0,0 0 0 0 0 0 0,1
P10,1,dcml_abc-n10op74,dcml-mendelssohn_quartets-op-12,12047171225645131023,16,2,2|3|4,8461,0.563265306122449,4.125701223150654,5.1288136076407564,-1 -2 -2 -1 -2 -2 -2,0 0 0 0 0 0 0,1
P10,1,dcml_abc-n10op74,dcml-mendelssohn_quartets-op-12,11795067275911018803,26,2,2|3|4,8461,0.6326530612244898,4.473114346829374,5.496971020070415,-2 -2 -1 -2 -2 -2 -1,0 0 0 0 0 0 0,1
P10,1,dcml_abc-n10op74,dcml-mendelssohn_quartets-op-12,17060307537400064785,1,3,2,8461,0.11836734693877551,1.1498999654209237,1.2948984850974188,9 -9 9 -9 9 -9 9,0 0 0 0 0 0 0,1
P10,1,dcml_abc-n10op74,dcml-mendelssohn_quartets-op-12,382715690739267080,1,5,2,8461,0.11428571428571428,1.1734772063083436,1.3393312762527223,-9 9 -9 9 -9 9 -9,0 0 0 0 0 0 0,1
P10,1,dcml_abc-n10op74,dcml-mendelssohn_quartets-op-12,9795125921638784917,1,2,2,8461,0.053061224489795916,0.11866397494680547,0.14599345665314034,9 -9 9 -9 9 -9 7,0 0 0 0 0 0 0,1
P10,1,dcml_abc-n10op74,dcml-mendelssohn_quartets-op-12,16563587750834009785,1,2,2,8461,0.0326530612244898,0.0623386961368168,0.07617049912337757,-9 9 -9 9 -9 7 -7,0 0 0 0 0 0 0,1
P10,1,dcml_abc-n10op74,dcml-mendelssohn_quartets-op-12,1253589005539741584,3,2,2,8461,0.08571428571428572,0.4257252086494808,0.5268459522700283,5 -5 5 -5 5 -5 4,0 0 0 0 0 0 0,1
P10,1,dcml_abc-n10op74,dcml-mendelssohn_quartets-op-12,14613143281438703219,3,2,2,8461,0.08571428571428572,0.45141765603831774,0.5522361186444874,-5 5 -5 5 -5 4 -4,0 0 0 0 0 0 0,1
P10,1,dcml_abc-n10op74,dcml-mendelssohn_quartets-op-12,3339168943384866310,1,2,2,8461,0.09387755102040816,0.4195685669686129,0.5204984106764134,3 -3 3 -5 5 -5 5,0 0 0 0 0 0 0,1
P10,1,dcml_abc-n10op74,dcml-mendelssohn_quartets-op-12,8124958835119619570,1,6,2,8461,0.036734693877551024,0.10467386486559076,0.13964591505952556,5 -3 3 -5 5 -3 3,0 0 0 0 0 0 0,1
P10,1,dcml_abc-n10op74,dcml-mendelssohn_quartets-op-12,2393067315940617803,1,2,2,8461,0.08571428571428572,0.28670660418976857,0.3554623292424287,-7 7 -7 5 -5 5 -5,0 0 0 0 0 0 0,1
P10,1,dcml_abc-n10op74,dcml-mendelssohn_quartets-op-12,7024005394730165563,1,1,2,8461,0.053061224489795916,0.21526749007662535,0.2602492053382067,7 -7 5 -5 5 -5 5,0 0 0 0 0 0 0,1
P10,1,dcml_abc-n10op74,dcml-mendelssohn_quartets-op-12,16334020651357888246,1,1,2,8461,0.053061224489795916,0.1618369059030967,0.19677378940205872,-7 5 -5 5 -5 5 -5,0 0 0 0 0 0 0,1
P10,1,dcml_abc-n10op74,dcml-mendelssohn_quartets-op-12,17134696777513059609,1,5,2,8461,0.10612244897959183,0.7127789277497584,0.875960739918842,5 -5 5 -5 4 -4 4,0 0 0 0 0 0 0,1
P10,1,dcml_abc-n10op74,dcml-mendelssohn_quartets-op-12,7621707888257351215,1,6,2,8461,0.12653061224489795,0.7384219136714417,0.9140459894805308,-5 5 -5 4 -4 4 -4,0 0 0 0 0 0 0,1
P10,1,dcml_abc-n10op74,dcml-mendelssohn_quartets-op-12,15833254150857389022,1,1,2,8461,0.11836734693877551,0.5651631353740514,0.6855344921103982,-5 4 -4 4 -4 4 -4,0 0 0 0 0 0 0,1
P10,1,dcml_abc-n10op74,dcml-mendelssohn_quartets-op-12,12431054008214181808,1,27,2,8461,0.30612244897959184,6.255126498656799,7.712263036241979,-3 3 -3 3 -3 3 -3,0 0 0 0 0 0 0,1
P10,1,dcml_abc-n10op74,dcml-mendelssohn_quartets-op-12,10803418882132551059,1,24,2,8461,0.31020408163265306,6.698821397082057,8.277194238073697,3 -3 3 -3 3 -3 3,0 0 0 0 0 0 0,1
P10,1,dcml_abc-n10op74,dcml-mendelssohn_quartets-op-12,13931486959881547316,2,2,2,8461,0.11428571428571428,0.5854543435406404,0.723619741672087,-3 3 -3 3 -3 3 -5,0 0 0 0 0 0 0,1
P10,1,dcml_abc-n10op74,dcml-mendelssohn_quartets-op-12,9087658888719138928,1,2,2,8461,0.0653061224489796,0.28036143940854547,0.3427672460551991,3 -3 3 -3 3 -5 5,0 0 0 0 0 0 0,1
P10,1,dcml_abc-n10op74,dcml-mendelssohn_quartets-op-12,17001997413025850070,1,3,2,8461,0.20816326530612245,3.398609922318193,3.319764253460539,5 -5 5 -5 5 -5 5,0 0 0 0 0 0 0,1
P10,1,dcml_abc-n10op74,dcml-mendelssohn_quartets-op-12,5907591147754429656,1,3,2,8461,0.22857142857142856,3.7202092091333485,3.8529577473241825,-5 5 -5 5 -5 5 -5,0 0 0 0 0 0 0,1
P10,1,dcml_abc-n10op74,dcml-mendelssohn_quartets-op-12,5543640397582114569,1,1,2,8461,0.0163265306122449,0.06222229370863858,0.08251804071699237,3 -5 5 -5 5 -3 3,0 0 0 0 0 0 0,1
P10,1,dcml_abc-n10op74,dcml-mendelssohn_quartets-op-12,14562821186855661718,1,3,2,8461,0.05714285714285714,0.9965541969675581,0.3554623292424287,0 0 0 0 0 0 0,2 -2 0 0 2 -2 0,0
P10,1,dcml_abc-n10op74,dcml-mendelssohn_quartets-op-12,9426163385979962224,1,11,2,8461,0.09795918367346938,2.4612601534478946,0.7172722000784721,0 0 0 0 0 0 0,-2 0 0 2 -2 0 0,0
P10,1,dcml_abc-n10op74,dcml-mendelssohn_quartets-op-12,14901062546128711614,5,19,3,8461,0.11020408163265306,1.2124966642923163,0.43163282836580624,-2 -2 -1 -2 -1 -3 -1,0 0 0 0 0 0 0,1
P10,1,dcml_abc-n10op74,dcml-mendelssohn_quartets-op-12,12863154568693281166,7,19,3,8461,0.13877551020408163,1.3969687417550631,0.5078033274891839,-2 -1 -2 -1 -3 -1 -2,0 0 0 0 0 0 0,1
P10,1,dcml_abc-n10op74,dcml-mendelssohn_quartets-op-12,4073167892415760602,7,20,3,8461,0.10612244897959183,1.053224814600166,0.3173770796807399,-1 -2 -1 -3 -1 -2 -2,0 0 0 0 0 0 0,1
P10,1,dcml_abc-n10op74,dcml-mendelssohn_quartets-op-12,3095522951971963757,7,14,3,8461,0.11020408163265306,1.0735547738824067,0.3237246212743547,-2 -1 -3 -1 -2 -2 -1,0 0 0 0 0 0 0,1
P10,1,dcml_abc-n10op74,dcml-mendelssohn_quartets-op-12,6049272433761665207,7,9,3,8461,0.053061224489795916,0.2113379673124236,0.10790820709145156,-1 -3 -1 -2 -2 -1 -2,0 0 0 0 0 0 0,1
P10,1,dcml_abc-n10op74,dcml-mendelssohn_quartets-op-12,6556635590909545536,7,2,3,8461,0.10204081632653061,0.28736397359354654,0.3046819964935103,-1 -2 -2 -1 -2 -1 3,0 0 0 0 0 0 0,1
P10,1,dcml_abc-n10op74,dcml-mendelssohn_quartets-op-12,8497036986905952572,2,2,3,8461,0.3673469387755102,1.2862348075172114,1.5170624408739366,2 1 -1 -2 -2 -1 -2,0 0 0 0 0 0 0,1
P10,1,dcml_abc-n10op74,dcml-mendelssohn_quartets-op-12,15599349567898961749,2,9,3,8461,0.08979591836734693,1.0520511645458908,0.2602492053382067,-1 -2 -2 -1 -2 -1 -3,0 0 0 0 0 0 0,1
P10,1,dcml_abc-n10op74,dcml-mendelssohn_quartets-op-12,8567195616101491589,20,1,3,8461,0.08979591836734693,0.4284721472743762,0.5204984106764134,2 2 1 -1 -2 -2 2,0 0 0 0 0 0 0,1
P10,1,dcml_abc-n10op74,dcml-mendelssohn_quartets-op-12,10323195860879393548,14,1,3,8461,0.06938775510204082,0.43487210457026176,0.5268459522700283,2 1 -1 -2 -2 2 2,0 0 0 0 0 0 0,1
P10,1,dcml_abc-n10op74,dcml-mendelssohn_quartets-op-12,6929236332577483342,15,1,3|4,8461,0.08979591836734693,0.556432003238664,0.6474492425487094,1 -1 -2 -2 2 2 1,0 0 0 0 0 0 0,1
P10,1,dcml_abc-n10op74,dcml-mendelssohn_quartets-op-12,2329109472373865160,10,1,3,8461,0.08163265306122448,0.7762585811017617,0.6220590761742502,-1 -2 -2 2 2 1 -1,0 0 0 0 0 0 0,1
P10,1,dcml_abc-n10op74,dcml-mendelssohn_quartets-op-12,2547897247391739802,10,1,3,8461,0.06938775510204082,0.514515149077733,0.6030164513934058,-2 -2 2 2 1 -1 -2,0 0 0 0 0 0 0,1
P10,1,dcml_abc-n10op74,dcml-mendelssohn_quartets-op-12,4068124447445488065,6,1,3|4,8461,0.3142857142857143,1.9778261144213272,1.6059280231845439,0 0 5 0 0 0 0,0 0 0 0 0 0 0,1
P10,1,dcml_abc-n10op74,dcml-mendelssohn_quartets-op-12,9554831795633673372,4,1,3|4,8461,0.3142857142857143,2.2747334222508377,1.6249706479653883,0 5 0 0 0 0 0,0 0 0 0 0 0 0,1
P10,1,dcml_abc-n10op74,dcml-mendelssohn_quartets-op-12,16993391057309483250,4,5,3,8461,0.24081632653061225,2.9918986761515094,1.5234099824675515,-1 -2 -2 2 -2 -2 -1,0 0 0 0 0 0 0,1
P10,1,dcml_abc-n10op74,dcml-mendelssohn_quartets-op-12,7558105571455758811,7,6,3|4,8461,0.46122448979591835,5.1472035411332335,5.236721814732209,0 0 1 0 0 0 0,0 0 0 0 0 0 0,1
P10,1,dcml_abc-n10op74,dcml-mendelssohn_quartets-op-12,17871468558726863493,8,6,3|4,8461,0.46938775510204084,5.870143053880615,5.617574310349096,0 1 0 0 0 0 0,0 0 0 0 0 0 0,1
P10,1,dcml_abc-n10op74,dcml-mendelssohn_quartets-op-12,13319998364802337106,4,1,4,8461,0.0163265306122449,1.732642960079597,0.21581641418290312,2 -2 -2 -2 2 -2 -1,0 0 0 0 0 0 0,1
P10,1,dcml_abc-n10op74,dcml-mendelssohn_quartets-op-12,7790417052674498062,1,1,4,8461,0.0163265306122449,0.060448988706952624,0.07617049912337757,-2 -1 3 -2 -1 3 -2,0 1 -1 0 1 -1 0,0
P10,1,dcml_abc-n10op74,dcml-mendelssohn_quartets-op-12,7558686048701115286,1,1,4,8461,0.00816326530612245,0.017350360160426265,0.02539016637445919,-1 3 -2 -1 3 -2 -1,1 -1 0 1 -1 0 1,0
P10,1,dcml_abc-n10op74,dcml-mendelssohn_quartets-op-12,1710557472844074855,1,1,4,8461,0.08571428571428572,0.40556736765004137,0.48876070270833943,2 1 2 -2 -1 -2 -1,0 0 0 0 0 0 0,1
P10,1,dcml_abc-n10op74,dcml-mendelssohn_quartets-op-12,338492175657507967,1,21,4,8461,0.1346938775510204,1.1125336424857775,0.6093639929870206,1 2 -2 -1 -2 -1 1,0 0 0 0 0 0 0,1
P10,1,dcml_abc-n10op74,dcml-mendelssohn_quartets-op-12,14911049944244510654,2,1,4,8461,0.3020408163265306,3.861510903792388,2.3485903896374754,0 0 0 -3 0 0 0,0 0 0 0 0 0 0,1
P10,1,dcml_abc-n10op74,dcml-mendelssohn_quartets-op-12,828940108759010231,2,1,4,8461,0.2163265306122449,1.6308492606806886,0.9013509062933013,0 0 -3 0 0 0 0,0 0 0 0 0 0 0,1
P10,1,dcml_abc-n10op74,dcml-mendelssohn_quartets-op-12,13646608702198817197,2,1,4,8461,0.21224489795918366,1.533134561123708,0.8696131983252273,0 -3 0 0 0 0 0,0 0 0 0 0 0 0,1
P10,1,dcml_abc-n10op74,dcml-mendelssohn_quartets-op-12,2506583179437784118,2,1,4,8461,0.09387755102040816,0.34240390881318666,0.42528528677219146,1 0 0 0 0 0 1,0 0 0 0 0 0 0,1
P10,1,dcml_abc-n10op74,dcml-mendelssohn_quartets-op-12,13841404174617843719,5,1,4,8461,0.42448979591836733,3.786129072848894,4.252852867721914,0 0 -1 0 0 0 0,0 0 0 0 0 0 0,1
P10,1,dcml_abc-n10op74,dcml-mendelssohn_quartets-op-12,3745538766256814985,5,1,4,8461,0.4448979591836735,4.273677585538716,4.608315196964343,0 -1 0 0 0 0 0,0 0 0 0 0 0 0,1
P10,1,dcml_abc-n10op74,dcml-mendelssohn_quartets-op-12,10346232583724882929,1,1,4,8461,0.00018215226373135057,0.00023466580565505933,0.006347541593614798,-5 5 0 -5 5 0 -3,0 0 0 0 0 0 0,1
P10,1,dcml_abc-n10op74,dcml-mendelssohn_quartets-op-12,2508145193081689883,1,1,4,8461,0.00025646992865732525,0.00030526536836167876,0.006347541593614798,5 0 -5 5 0 -3 3,0 0 0 0 0 0 0,1
P10,1,dcml_abc-n10op74,dcml-mendelssohn_quartets-op-12,16762446751818653069,1,1,4,8461,0.3346938775510204,2.421158260598214,1.8788723117099801,0 0 0 0 0 5 0,0 0 0 0 0 0 0,1
P10,1,dcml_abc-n10op74,dcml-mendelssohn_quartets-op-12,611779362569012107,1,1,4,8461,0.31020408163265306,2.330371282980553,1.7836591878057584,0 0 0 0 5 0 0,0 0 0 0 0 0 0,1
P10,1,dcml_abc-n10op74,dcml-mendelssohn_quartets-op-12,8801578294649929429,3,1,4,8461,0.3877551020408163,4.261826983715646,2.5897969701948376,0 0 0 5 0 0 0,0 0 0 0 0 0 0,1
P10,1,dcml_abc-n10op74,dcml-mendelssohn_quartets-op-12,18271378905220080345,1,1,4,8461,0.02857142857142857,0.04548827203114011,0.05078033274891838,0 0 0 0 1 0 2,0 0 0 0 0 0 0,1
P10,1,dcml_abc-n10op74,dcml-mendelssohn_quartets-op-12,6848917457588063579,1,4,4,8461,0.19183673469387755,3.5335703149711346,1.6503608143398474,2 -2 -2 -1 1 -1 -2,0 0 0 0 0 0 0,1
P10,1,dcml_abc-n10op74,dcml-mendelssohn_quartets-op-12,3683251225332378374,1,4,4,8461,0.2653061224489796,4.901856876548747,1.6122755647781586,-2 -2 -1 1 -1 -2 -2,0 0 0 0 0 0 0,1
P10,1,dcml_abc-n10op74,dcml-mendelssohn_quartets-op-12,1685958941708539587,1,1,4,8461,0.02040816326530612,0.08671955525764252,0.11425574868506636,2 2 -4 5 2 2 -4,0 0 0 0 0 0 0,1
P10,1,dcml_abc-n10op74,dcml-mendelssohn_quartets-op-12,8430865466140809056,1,1,4,8461,0.23673469387755103,0.828479842313325,1.0283017381655972,0 0 0 0 0 -5 0,0 0 0 0 0 0 0,1
P10,1,dcml_abc-n10op74,dcml-mendelssohn_quartets-op-12,210814488821974768,1,1,4,8461,0.22040816326530613,0.7468182913680593,0.9013509062933013,0 0 0 0 -5 0 0,0 0 0 0 0 0 0,1
P10,1,dcml_abc-n10op74,dcml-mendelssohn_quartets-op-12,9126116104904292170,1,1,4,8461,0.2693877551020408,1.1059276882546805,1.3583739010335667,0 0 0 -5 0 0 0,0 0 0 0 0 0 0,1
P10,1,dcml_abc-n10op74,dcml-mendelssohn_quartets-op-12,4731085182623728736,1,1,4,8461,0.17959183673469387,0.525057394069675,0.6220590761742502,0 0 -5 0 0 0 0,0 0 0 0 0 0 0,1
P10,1,dcml_abc-n10op74,dcml-mendelssohn_quartets-op-12,6940484270261211288,1,1,4,8461,0.17959183673469387,0.5357399593427039,0.6157115345806353,0 -5 0 0 0 0 0,0 0 0 0 0 0 0,1
N07,0,kern-humdrum-haydn-quartets-op64n5,dcml_abc-n05op18-5,6420015703652674026,3,2,1,5517,0.4968152866242038,4.061638136406888,3.1228347123959184,2 2 1 2 2 2 1,0 0 0 0 0 0 0,1
N07,0,kern-humdrum-haydn-quartets-op64n5,dcml_abc-n05op18-5,4512380572118599069,1,1,1,5517,0.05732484076433121,0.13398202119073552,0.10789064265475343,8 -7 7 -5 5 -3 3,0 0 0 0 0 0 0,1
N07,0,kern-humdrum-haydn-quartets-op64n5,dcml_abc-n05op18-5,2900228450425205540,1,7,1,5517,0.34394904458598724,9.036374522294683,4.0878565716967685,1 -1 1 -1 1 -1 1,0 0 0 0 0 0 0,1
N07,0,kern-humdrum-haydn-quartets-op64n5,dcml_abc-n05op18-5,7520863936754906557,3,3,1|3,5517,0.535031847133758,3.2080765100681323,2.301667043301406,-2 -2 -1 -2 -2 -1 -2,0 0 0 0 0 0 0,1
N07,0,kern-humdrum-haydn-quartets-op64n5,dcml_abc-n05op18-5,3899367330220855951,5,2,1|2|3,5517,0.554140127388535,4.045219456804605,3.0269319189250266,-2 -1 -2 -2 -1 -2 -2,0 0 0 0 0 0 0,1
N07,0,kern-humdrum-haydn-quartets-op64n5,dcml_abc-n05op18-5,5955324738335656656,2,2,1|3,5517,0.19745222929936307,0.6287364988604848,0.38960509847549846,-1 -2 -2 -1 -2 -2 -1,0 0 0 0 0 0 0,1
N07,0,kern-humdrum-haydn-quartets-op64n5,dcml_abc-n05op18-5,12186691239476540358,1,2,1,5517,0.36942675159235666,1.7852035698783126,1.3186634102247639,-2 -2 -1 -2 -2 -1 1,0 0 0 0 0 0 0,1
N07,0,kern-humdrum-haydn-quartets-op64n5,dcml_abc-n05op18-5,15871599022083143617,1,1,1,5517,0.33121019108280253,1.5449423998888372,1.132851747874911,-2 -1 -2 -2 -1 1 2,0 0 0 0 0 0 0,1
N07,0,kern-humdrum-haydn-quartets-op64n5,dcml_abc-n05op18-5,6181560136851867162,1,12,1,5517,0.3057324840764331,1.0824147603995828,0.7612284231752047,-1 -2 -2 -1 1 2 2,0 0 0 0 0 0 0,1
N07,0,kern-humdrum-haydn-quartets-op64n5,dcml_abc-n05op18-5,10023436408967932570,1,1,1,5517,0.2611464968152866,1.0566082484951522,0.6773134788881743,-2 -2 -1 1 2 2 1,0 0 0 0 0 0 0,1
N07,0,kern-humdrum-haydn-quartets-op64n5,dcml_abc-n05op18-5,12047171225645131023,1,2,1,5517,0.5286624203821656,4.328714140596354,3.1947618074990873,-1 -2 -2 -1 -2 -2 -2,0 0 0 0 0 0 0,1
N07,0,kern-humdrum-haydn-quartets-op64n5,dcml_abc-n05op18-5,11795067275911018803,2,4,1|2,5517,0.6178343949044586,4.715613368312621,3.4165370174005254,-2 -2 -1 -2 -2 -2 -1,0 0 0 0 0 0 0,1
N07,0,kern-humdrum-haydn-quartets-op64n5,dcml_abc-n05op18-5,5294796973630264096,4,3,1|2|3,5517,0.5605095541401274,4.283261766949239,3.086871164844334,-2 -1 -2 -2 -2 -1 -2,0 0 0 0 0 0 0,1
N07,0,kern-humdrum-haydn-quartets-op64n5,dcml_abc-n05op18-5,11505523353205452945,6,4,2,5517,0.21656050955414013,0.6889222899557265,0.5274653640899056,2 2 1 2 2 2 1,0 0 0 0 0 0 1,0
N07,0,kern-humdrum-haydn-quartets-op64n5,dcml_abc-n05op18-5,1208141489128332371,4,4,2,5517,0.03821656050955414,0.2395278604864413,0.13786026561440715,2 1 2 2 2 1 0,0 0 0 0 0 1 0,0
N07,0,kern-humdrum-haydn-quartets-op64n5,dcml_abc-n05op18-5,9046705951141195707,1,1,2,5517,0.17197452229299362,0.5867804165311742,0.5094835903141134,-2 -2 -1 -2 -2 2 -2,0 0 0 0 0 0 0,1
N07,0,kern-humdrum-haydn-quartets-op64n5,dcml_abc-n05op18-5,17848918134859229289,1,1,2,5517,0.43312101910828027,2.745372296721324,2.049922210440315,2 2 1 2 2 1 2,0 0 0 0 0 0 0,1
N07,0,kern-humdrum-haydn-quartets-op64n5,dcml_abc-n05op18-5,6684035197061309914,1,1,2,5517,0.43312101910828027,2.56729962047941,1.6543231873728856,2 1 2 2 2 1 2,0 0 0 0 0 0 0,1
N07,0,kern-humdrum-haydn-quartets-op64n5,dcml_abc-n05op18-5,10483971880188220474,2,1,3,5517,0.08280254777070063,0.38052823946240916,0.4075868722512907,4 -2 -2 -1 3 -2 -1,0 0 0 0 0 0 0,1
N07,0,kern-humdrum-haydn-quartets-op64n5,dcml_abc-n05op18-5,15413499312176555783,2,1,3,5517,0.2929936305732484,0.8800564770376816,0.8091798199106507,-2 -2 -1 3 -2 -1 -2,0 0 0 0 0 0 0,1
N07,0,kern-humdrum-haydn-quartets-op64n5,dcml_abc-n05op18-5,5905128018874418363,2,1,3,5517,0.07643312101910828,0.5793317477613642,0.6233681575607976,-2 -1 3 -2 -1 -2 3,0 0 0 0 0 0 0,1
N07,0,kern-humdrum-haydn-quartets-op64n5,dcml_abc-n05op18-5,15557526846551589699,2,1,3,5517,0.08280254777070063,0.5784605312819112,0.6353560067446591,-1 3 -2 -1 -2 3 -1,0 0 0 0 0 0 0,1
N07,0,kern-humdrum-haydn-quartets-op64n5,dcml_abc-n05op18-5,18162444463088026958,2,1,3,5517,0.08917197452229299,0.6918708945082613,0.7852041215429276,3 -2 -1 -2 3 -1 -2,0 0 0 0 0 0 0,1
N07,0,kern-humdrum-haydn-quartets-op64n5,dcml_abc-n05op18-5,6221389253287533654,1,1,3,5517,0.12738853503184713,0.49738851492142633,0.46752611817059814,-2 -1 -2 3 -1 -2 -2,0 0 0 0 0 0 0,1
N07,0,kern-humdrum-haydn-quartets-op64n5,dcml_abc-n05op18-5,15144976422103681682,1,1,3,5517,0.050955414012738856,0.3022148332120224,0.353641550923914,-1 -2 3 -1 -2 -2 4,0 0 0 0 0 0 0,1
N07,0,kern-humdrum-haydn-quartets-op64n5,dcml_abc-n05op18-5,14386894536413595378,1,1,3,5517,0.050955414012738856,0.29340797224937115,0.353641550923914,-2 3 -1 -2 -2 4 -2,0 0 0 0 0 0 0,1
N07,0,kern-humdrum-haydn-quartets-op64n5,dcml_abc-n05op18-5,1705643921305697457,1,1,3,5517,0.07006369426751592,0.32319178034823565,0.3716233246997062,3 -1 -2 -2 4 -2 -2,0 0 0 0 0 0 0,1
N07,0,kern-humdrum-haydn-quartets-op64n5,dcml_abc-n05op18-5,15252033465007485917,1,2,3,5517,0.1337579617834395,0.32519873296374857,0.29370230500460653,-1 -2 -2 4 -2 -2 -1,0 0 0 0 0 0 0,1
N07,0,kern-humdrum-haydn-quartets-op64n5,dcml_abc-n05op18-5,13874229951914403671,1,1,3,5517,0.05732484076433121,0.30385182043413866,0.33565977714812173,-2 -2 4 -2 -2 -1 3,0 0 0 0 0 0 0,1
N07,0,kern-humdrum-haydn-quartets-op64n5,dcml_abc-n05op18-5,15647340985972388467,1,1,3,5517,0.07006369426751592,0.31431669928955236,0.353641550923914,-2 4 -2 -2 -1 3 -2,0 0 0 0 0 0 0,1
N07,0,kern-humdrum-haydn-quartets-op64n5,dcml_abc-n05op18-5,11746081147967396524,1,1,3,5517,0.006369426751592357,0.006831467324386737,0.011987849183861492,2 -2 3 -1 3 -2 4,0 0 0 0 0 0 0,1
N07,0,kern-humdrum-haydn-quartets-op64n5,dcml_abc-n05op18-5,1888990398842352709,2,2,3,5517,0.1910828025477707,0.6662397864952418,0.4915018165383211,-2 3 -1 3 -2 4 -2,0 0 0 0 0 0 0,1
N07,0,kern-humdrum-haydn-quartets-op64n5,dcml_abc-n05op18-5,12527236368839559642,2,1,3,5517,0.18471337579617833,0.479996225466879,0.41957472143515223,3 -1 3 -2 4 -2 3,0 0 0 0 0 0 0,1
N07,0,kern-humdrum-haydn-quartets-op64n5,dcml_abc-n05op18-5,11185099478490614731,38,37,3,5517,0.6942675159235668,321.93851226800257,191.00839497105707,0 0 0 0 0 0 0,0 0 0 0 0 0 0,1
N07,0,kern-humdrum-haydn-quartets-op64n5,dcml_abc-n05op18-5,14900027987342769807,2,1,3,5517,0.39490445859872614,2.794824439095213,1.9120619448259077,0 0 0 0 0 0 2,0 0 0 0 0 0 0,1
N07,0,kern-humdrum-haydn-quartets-op64n5,dcml_abc-n05op18-5,7542971521745673439,2,1,3,5517,0.0004178023547304996,0.0013399742820270788,0.005993924591930746,2 2 -4 4 1 2 2,0 0 0 0 0 0 0,1
N07,0,kern-humdrum-haydn-quartets-op64n5,dcml_abc-n05op18-5,2414809137041208113,1,1,3,5517,0.25477707006369427,0.666205089452439,0.5154775149060441,1 2 -2 -1 -2 -2 -1,0 0 0 0 0 0 0,1
N07,0,kern-humdrum-haydn-quartets-op64n5,dcml_abc-n05op18-5,8084882224980567156,1,1,3,5517,0.03184713375796178,0.023160829650843692,0.03596354755158447,-2 -2 -1 -2 2 3 -3,0 0 0 0 0 0 0,1
N07,0,kern-humdrum-haydn-quartets-op64n5,dcml_abc-n05op18-5,3693028719606665077,1,1,3,5517,0.16560509554140126,0.48679821245695615,0.4435504198028752,-1 1 2 2 -2 -2 -1,0 0 0 0 0 0 0,1
N07,0,kern-humdrum-haydn-quartets-op64n5,dcml_abc-n05op18-5,2541865746873384477,1,1,3,5517,0.28662420382165604,1.053122683387771,0.7192709510316895,2 1 2 2 -2 -2 -1,0 0 0 0 0 0 0,1
N07,0,kern-humdrum-haydn-quartets-op64n5,dcml_abc-n05op18-5,12462387980836270037,1,1,3,5517,0.03821656050955414,0.10750666646565218,0.05993924591930745,-1 -2 -2 -1 1 1 1,0 0 0 0 0 0 0,1
N07,0,kern-humdrum-haydn-quartets-op64n5,dcml_abc-n05op18-5,2630682921647085982,1,1,3,5517,0.3630573248407643,2.4094499059490246,1.5883900168616476,0 0 0 0 0 0 0,0 0 0 0 0 0 2,0
N08,0,osq-13145872,dcml-mendelssohn_quartets-op-13,15413499312176555783,4,4,1,8354,0.27526132404181186,1.2718948236894783,1.1116273264503858,-2 -2 -1 3 -2 -1 -2,0 0 0 0 0 0 0,1
N08,0,osq-13145872,dcml-mendelssohn_quartets-op-13,18273483237094356140,5,3,1,8354,0.17073170731707318,0.3670272990031394,0.3877769743431578,-2 -1 3 -2 -1 -2 -2,0 0 0 0 0 0 0,1
N08,0,osq-13145872,dcml-mendelssohn_quartets-op-13,17730878601861874426,4,1,1,8354,0.25435540069686413,0.7379078219848973,0.9220474723270642,2 1 -1 -2 -2 -2 -1,0 0 0 0 0 0 0,1
N08,0,osq-13145872,dcml-mendelssohn_quartets-op-13,15930223645744150289,2,1,1,8354,0.017421602787456445,0.018245917703882078,0.025851798289543856,2 -4 5 -1 -2 -2 -1,0 0 0 0 0 0 0,1
N08,0,osq-13145872,dcml-mendelssohn_quartets-op-13,12170970960305964037,2,1,1,8354,0.010452961672473868,0.012253203012823939,0.017234532193029235,-4 5 -1 -2 -2 -1 -2,0 0 0 0 0 0 0,1
N08,0,osq-13145872,dcml-mendelssohn_quartets-op-13,2787149026572063272,2,1,1,8354,0.017421602787456445,0.0830011481790111,0.0473949635308304,5 -1 -2 -2 -1 -2 -1,0 0 0 0 0 0 0,1
N08,0,osq-13145872,dcml-mendelssohn_quartets-op-13,15599349567898961749,1,2,1,8354,0.11498257839721254,5.061052473304225,0.2886784142332397,-1 -2 -2 -1 -2 -1 -3,0 0 0 0 0 0 0,1
N08,0,osq-13145872,dcml-mendelssohn_quartets-op-13,17128347903687913042,1,1,1,8354,0.00010978387093151038,0.00013621044053996318,0.004308633048257309,0 0 -7 0 0 0 0,-1 0 1 -1 0 1 -1,0
N08,0,osq-13145872,dcml-mendelssohn_quartets-op-13,3816799969374521848,1,1,1,8354,0.0001511847668975213,0.000144340802987132,0.004308633048257309,0 -7 0 0 0 0 0,0 1 -1 0 1 -1 0,0
N08,0,osq-13145872,dcml-mendelssohn_quartets-op-13,5134379870925659695,19,38,1,8354,0.03484320557491289,0.49958007097075424,0.6118258928525379,0 0 0 0 0 0 0,-1 0 1 -1 0 1 -1,0
N08,0,osq-13145872,dcml-mendelssohn_quartets-op-13,11006582663172660467,19,47,1,8354,0.05574912891986063,0.5944592570193274,0.7410848843002572,0 0 0 0 0 0 0,0 1 -1 0 1 -1 0,0
N08,0,osq-13145872,dcml-mendelssohn_quartets-op-13,13643329061527266664,10,35,1,8354,0.03832752613240418,0.4330605230442367,0.529961864935649,0 0 0 0 0 0 0,1 -1 0 1 -1 0 1,0
N08,0,osq-13145872,dcml-mendelssohn_quartets-op-13,11089555382084080366,7,14,1,8354,0.37282229965156793,8.987196997639211,9.431597742635251,-1 1 -1 1 -1 1 -1,0 0 0 0 0 0 0,1
N08,0,osq-13145872,dcml-mendelssohn_quartets-op-13,2900228450425205540,6,17,1,8354,0.397212543554007,9.244713948194137,9.40143731129745,1 -1 1 -1 1 -1 1,0 0 0 0 0 0 0,1
N08,0,osq-13145872,dcml-mendelssohn_quartets-op-13,4763881553092047481,2,1,1,8354,0.07317073170731707,0.16348767064568961,0.1981971202198362,1 2 2 -2 2 1 2,0 0 0 0 0 0 0,1
N08,0,osq-13145872,dcml-mendelssohn_quartets-op-13,13018535314588550983,1,1,1,8354,0.20905923344947736,0.6716458293094749,0.8186402791688887,2 1 -1 -2 -2 -1 1,0 0 0 0 0 0 0,1
N08,0,osq-13145872,dcml-mendelssohn_quartets-op-13,972956247325315192,1,1,1,8354,0.07317073170731707,0.15626859080447908,0.1852712210750643,1 -1 -2 -2 -1 1 -1,0 0 0 0 0 0 0,1
N08,0,osq-13145872,dcml-mendelssohn_quartets-op-13,14901062546128711614,3,2,1,8354,0.13937282229965156,9.066833206585718,0.40932013958444435,-2 -2 -1 -2 -1 -3 -1,0 0 0 0 0 0 0,1
N08,0,osq-13145872,dcml-mendelssohn_quartets-op-13,12863154568693281166,3,2,1,8354,0.17073170731707318,9.031181861456163,0.5471963971286782,-2 -1 -2 -1 -3 -1 -2,0 0 0 0 0 0 0,1
N08,0,osq-13145872,dcml-mendelssohn_quartets-op-13,4073167892415760602,3,2,1,8354,0.14982578397212543,9.064576051603805,0.4696410022600467,-1 -2 -1 -3 -1 -2 -2,0 0 0 0 0 0 0,1
N08,0,osq-13145872,dcml-mendelssohn_quartets-op-13,3095522951971963757,3,2,1,8354,0.156794425087108,6.74551248452631,0.5515050301769355,-2 -1 -3 -1 -2 -2 -1,0 0 0 0 0 0 0,1
N08,0,osq-13145872,dcml-mendelssohn_quartets-op-13,7937263872185984800,31,1,1,8354,0.05574912891986063,1.4619793008538033,1.8053172472198125,0 0 0 0 0 0 0,-2 2 -2 2 -2 2 -2,0
N08,0,osq-13145872,dcml-mendelssohn_quartets-op-13,3623835571081258914,1,1,1,8354,0.00048613937514915584,0.0009018431801322717,0.004308633048257309,-3 2 1 -1 1 2 2,0 0 0 0 0 0 0,1
N08,0,osq-13145872,dcml-mendelssohn_quartets-op-13,626761501608362706,2,5,1,8354,0.13588850174216027,0.40739974148660774,0.49980143359784784,2 1 -1 1 2 2 -2,0 0 0 0 0 0 0,1
N08,0,osq-13145872,dcml-mendelssohn_quartets-op-13,17190648980672454829,1,1,1,8354,0.10104529616724739,0.5044341906005905,0.3231474786192982,-2 -2 -1 1 -1 1 2,0 0 0 0 0 0 0,1
N08,0,osq-13145872,dcml-mendelssohn_quartets-op-13,4842745118461679178,1,1,1,8354,0.08013937282229965,0.16175584701919332,0.1938884871715789,-2 -1 1 -1 1 2 2,0 0 0 0 0 0 0,1
N08,0,osq-13145872,dcml-mendelssohn_quartets-op-13,4747106937950523936,1,1,1,8354,0.0627177700348432,0.11132049939264185,0.12925899144771927,-1 1 -1 1 2 2 -2,0 0 0 0 0 0 0,1
N08,0,osq-13145872,dcml-mendelssohn_quartets-op-13,2826674324874215252,1,1,1,8354,0.17073170731707318,1.3699116044307702,0.6247517919973098,-2 -2 -1 -2 2 1 -1,0 0 0 0 0 0 0,1
N08,0,osq-13145872,dcml-mendelssohn_quartets-op-13,2329109472373865160,1,1,1,8354,0.07317073170731707,0.49723597694314864,0.3705424421501286,-1 -2 -2 2 2 1 -1,0 0 0 0 0 0 0,1
N08,0,osq-13145872,dcml-mendelssohn_quartets-op-13,17321015360523316140,1,1,1,8354,0.024390243902439025,0.12265345466902913,0.08617266096514618,2 -2 2 1 -1 -2 2,0 0 0 0 0 0 0,1
N08,0,osq-13145872,dcml-mendelssohn_quartets-op-13,18418316345597966962,1,2,1,8354,0.013937282229965157,0.044157016230543494,0.06032086267560233,0 0 0 0 0 0 0,1 -1 0 1 -1 0 2,0
N08,0,osq-13145872,dcml-mendelssohn_quartets-op-13,15499093996335842870,1,1,1,8354,9.410099572706154e-05,9.129381824629496e-05,0.004308633048257309,3 0 0 0 0 0 0,-1 0 1 -1 0 1 -1,0
N08,0,osq-13145872,dcml-mendelssohn_quartets-op-13,6198021031540768740,4,2,1,8354,0.0006811869656777453,0.0005368380907212729,0.004308633048257309,0 0 0 0 0 0 2,1 -1 0 1 -1 0 1,0
N08,0,osq-13145872,dcml-mendelssohn_quartets-op-13,12424426970994268548,1,1,1,8354,8.034880784507706e-06,7.820251505879589e-06,0.004308633048257309,-12 0 0 0 0 0 0,-1 0 1 -1 0 1 -1,0
N08,0,osq-13145872,dcml-mendelssohn_quartets-op-13,16213807403835389635,11,1,1,8354,0.020905923344947737,0.037985399569403486,0.05170359657908771,0 0 0 0 0 0 0,2 -2 2 -2 2 -2 1,0
N08,0,osq-13145872,dcml-mendelssohn_quartets-op-13,7928179109983220597,1,3,1,8354,0.20905923344947736,0.49082355789841414,0.5730481954182222,-1 3 -2 -1 -2 -2 -1,0 0 0 0 0 0 0,1
N08,0,osq-13145872,dcml-mendelssohn_quartets-op-13,203137684502244350,4,1,1,8354,0.041811846689895474,0.9173779005124273,0.15080215668900582,2 2 -2 2 1 -1 1,0 0 0 0 0 0 0,1
N08,0,osq-13145872,dcml-mendelssohn_quartets-op-13,213159341881831956,1,4,1,8354,0.003484320557491289,0.0017119856981242256,0.008617266096514618,0 0 0 0 0 2 0,-1 0 1 -1 0 1 -1,0
N08,0,osq-13145872,dcml-mendelssohn_quartets-op-13,8490211150906952987,1,4,1,8354,0.003484320557491289,0.002528841748602532,0.008617266096514618,0 0 0 0 2 0 0,0 1 -1 0 1 -1 0,0
N08,0,osq-13145872,dcml-mendelssohn_quartets-op-13,14392848642928946295,1,4,1,8354,7.994870146939649e-05,7.563358688342073e-05,0.004308633048257309,0 0 0 2 0 0 0,1 -1 0 1 -1 0 1,0
N08,0,osq-13145872,dcml-mendelssohn_quartets-op-13,2843515189605523132,1,4,1,8354,0.00012774466261144981,0.0001222816768049818,0.004308633048257309,0 0 2 0 0 0 0,-1 0 1 -1 0 1 -1,0
N08,0,osq-13145872,dcml-mendelssohn_quartets-op-13,2716834662716510481,3,4,1,8354,0.00022131850873184997,0.00021625144465857397,0.004308633048257309,0 2 0 0 0 0 0,0 1 -1 0 1 -1 0,0
N08,0,osq-13145872,dcml-mendelssohn_quartets-op-13,14114945053263080574,1,1,1,8354,1.2375870493470154e-06,1.1916471615037888e-06,0.004308633048257309,0 0 1 -5 0 0 0,-1 0 1 -1 0 1 -1,0
N08,0,osq-13145872,dcml-mendelssohn_quartets-op-13,7541962196041433763,1,1,1,8354,3.6855557117887866e-05,3.5059694827544064e-05,0.004308633048257309,0 1 -5 0 0 0 0,0 1 -1 0 1 -1 0,0
N08,0,osq-13145872,dcml-mendelssohn_quartets-op-13,11369011645442580820,1,1,1,8354,9.46471828574386e-304,8.895016533299013e-304,0.004308633048257309,1 -5 0 0 0 0 0,1 -1 0 1 -1 0 1,0
N08,0,osq-13145872,dcml-mendelssohn_quartets-op-13,11185099478490614731,6,141,1,8354,0.7665505226480837,297.0266722321518,356.6729523677883,0 0 0 0 0 0 0,0 0 0 0 0 0 0,1
N08,0,osq-13145872,dcml-mendelssohn_quartets-op-13,7562466769819906925,2,5,1,8354,0.003484320557491289,0.025206752845022093,0.038777697434315785,0 0 0 0 0 -2 0,-1 0 1 -1 0 1 -1,0
N08,0,osq-13145872,dcml-mendelssohn_quartets-op-13,206786847053612678,2,6,1,8354,0.003484320557491289,0.02579541826764707,0.038777697434315785,0 0 0 0 -2 0 0,0 1 -1 0 1 -1 0,0
N08,0,osq-13145872,dcml-mendelssohn_quartets-op-13,7528386488512378946,1,1,1,8354,0.20905923344947736,0.5222021581217144,0.5945913606595086,-2 -2 -1 -2 2 1 2,0 0 0 0 0 0 0,1
N08,0,osq-13145872,dcml-mendelssohn_quartets-op-13,5308148981117544079,1,2,1,8354,0.16376306620209058,0.46296440102184305,0.5084186996943625,-2 -1 -2 2 1 2 2,0 0 0 0 0 0 0,1
N08,0,osq-13145872,dcml-mendelssohn_quartets-op-13,5146287333929180456,1,2,1,8354,8.294455305608974e-06,1.0456763846780042e-05,0.004308633048257309,-2 0 0 0 0 0 -2,1 -1 0 1 -1 0 1,0
N08,0,osq-13145872,dcml-mendelssohn_quartets-op-13,2908949517142933444,1,1,1,8354,0.010452961672473868,0.008098544921997986,0.017234532193029235,0 0 0 0 0 0 -8,0 0 0 0 0 0 -1,0
N09,0,osq-5116346,dcml-mendelssohn_quartets-op-13,11089555382084080366,60,14,1,8354,0.3687707641196013,8.795494934319196,9.178770587221251,-1 1 -1 1 -1 1 -1,0 0 0 0 0 0 0,1
N09,0,osq-5116346,dcml-mendelssohn_quartets-op-13,2900228450425205540,63,17,1,8354,0.3920265780730897,8.92306725034299,8.984596506927456,1 -1 1 -1 1 -1 1,0 0 0 0 0 0 0,1
N09,0,osq-5116346,dcml-mendelssohn_quartets-op-13,4372973975099255643,32,1,1,8354,0.30564784053156147,26.21649601842676,28.903620910399223,-12 12 -12 12 -12 12 -12,0 0 0 0 0 0 0,1
N09,0,osq-5116346,dcml-mendelssohn_quartets-op-13,16293394464708577048,4,2,1,8354,0.10299003322259136,0.3162859049730728,0.27103465374342167,2 2 1 2 -2 -1 1,0 0 0 0 0 0 0,1
N09,0,osq-5116346,dcml-mendelssohn_quartets-op-13,10854024840505956090,6,1,1,8354,0.6245847176079734,3.91776391427765,4.935257874133947,-1 -2 -2 -2 -1 -2 -2,0 0 0 0 0 0 0,1
N09,0,osq-5116346,dcml-mendelssohn_quartets-op-13,14901062546128711614,1,2,1,8354,0.1362126245847176,9.05322691022751,0.39239345392704333,-2 -2 -1 -2 -1 -3 -1,0 0 0 0 0 0 0,1
N09,0,osq-5116346,dcml-mendelssohn_quartets-op-13,12863154568693281166,1,2,1,8354,0.16279069767441862,9.010818577638705,0.5218428407895731,-2 -1 -2 -1 -3 -1 -2,0 0 0 0 0 0 0,1
N09,0,osq-5116346,dcml-mendelssohn_quartets-op-13,4073167892415760602,1,2,1,8354,0.14285714285714285,9.051952024040244,0.45307285401885417,-1 -2 -1 -3 -1 -2 -2,0 0 0 0 0 0 0,1
N09,0,osq-5116346,dcml-mendelssohn_quartets-op-13,3095522951971963757,1,2,1,8354,0.14950166112956811,6.729557786881171,0.5299334274684812,-2 -1 -3 -1 -2 -2 -1,0 0 0 0 0 0 0,1
N09,0,osq-5116346,dcml-mendelssohn_quartets-op-13,14634532403201449344,8,2,1,8354,0.026578073089700997,0.1084263008059161,0.13753997354143788,5 3 -8 5 3 -8 5,0 0 0 0 0 0 0,1
N09,0,osq-5116346,dcml-mendelssohn_quartets-op-13,7585762882120579726,8,1,1,8354,0.026578073089700997,0.1086185784209963,0.13753997354143788,3 -8 5 3 -8 5 3,0 0 0 0 0 0 0,1
N09,0,osq-5116346,dcml-mendelssohn_quartets-op-13,7212653687301527653,6,1,1,8354,0.019933554817275746,0.08760770613083915,0.10922292016525947,-8 5 3 -8 5 3 -8,0 0 0 0 0 0 0,1
N09,0,osq-5116346,dcml-mendelssohn_quartets-op-13,13067875479117609932,12,9,1,8354,0.2026578073089701,1.0401931025437583,1.2742674019280273,0 -2 0 -2 0 -1 0,0 0 0 0 0 0 0,1
N09,0,osq-5116346,dcml-mendelssohn_quartets-op-13,6684035197061309914,4,1,1,8354,0.47840531561461797,2.5389679877485984,2.65371243068186,2 1 2 2 2 1 2,0 0 0 0 0 0 0,1
N09,0,osq-5116346,dcml-mendelssohn_quartets-op-13,6420015703652674026,7,1,1,8354,0.5481727574750831,4.0025759956162865,4.243512713087304,2 2 1 2 2 2 1,0 0 0 0 0 0 0,1
N09,0,osq-5116346,dcml-mendelssohn_quartets-op-13,10910201689617804573,3,13,1,8354,0.15614617940199335,0.6516853117730631,0.7807416145146325,-2 0 -2 0 -1 0 -2,0 0 0 0 0 0 0,1
N09,0,osq-5116346,dcml-mendelssohn_quartets-op-13,16256421738897448820,3,1,1,8354,0.009966777408637873,0.10175544977215055,0.06472469343126487,3 -2 -1 -2 5 -2 -1,0 0 0 0 0 0 0,1
N09,0,osq-5116346,dcml-mendelssohn_quartets-op-13,6763743115521841650,3,1,1,8354,0.059800664451827246,0.5621541343545537,0.3114875871379622,-2 -1 -2 5 -2 -1 -2,0 0 0 0 0 0 0,1
N09,0,osq-5116346,dcml-mendelssohn_quartets-op-13,6221389253287533654,3,1,1,8354,0.13953488372093023,0.5373614111267592,0.6715186943493731,-2 -1 -2 3 -1 -2 -2,0 0 0 0 0 0 0,1
N09,0,osq-5116346,dcml-mendelssohn_quartets-op-13,7132967939899933378,10,1,1,8354,0.026578073089700997,0.05340615830332492,0.06876998677071894,-2 0 -2 0 -1 0 -1,0 0 0 0 0 0 0,1
N09,0,osq-5116346,dcml-mendelssohn_quartets-op-13,13128099310159204204,2,2,1,8354,0.0664451827242525,0.6088516838608389,0.14563056022034598,2 1 2 1 2 2 2,0 0 0 0 0 0 0,1
N09,0,osq-5116346,dcml-mendelssohn_quartets-op-13,5929491243499017015,4,2,1,8354,0.09966777408637874,0.8903897681967158,0.23867230702778924,1 2 1 2 2 2 2,0 0 0 0 0 0 0,1
N09,0,osq-5116346,dcml-mendelssohn_quartets-op-13,1061128108776812769,5,5,1,8354,0.1760797342192691,0.9219092588746395,0.4894804940739406,2 1 2 2 2 2 1,0 0 0 0 0 0 0,1
N09,0,osq-5116346,dcml-mendelssohn_quartets-op-13,1210160495967618032,1,5,1,8354,0.11627906976744186,0.9679076169266113,0.3478952271930487,1 2 2 2 2 1 2,0 0 0 0 0 0 0,1
N09,0,osq-5116346,dcml-mendelssohn_quartets-op-13,3360626415820149982,1,3,1,8354,0.12292358803986711,0.919819577868642,0.3276687604957785,2 2 2 2 1 2 1,0 0 0 0 0 0 0,1
N09,0,osq-5116346,dcml-mendelssohn_quartets-op-13,3991070840084856933,8,21,1,8354,0.1461794019933555,1.103845330023067,0.6027487075786542,1 -1 1 2 1 -1 1,0 0 0 0 0 0 0,1
N09,0,osq-5116346,dcml-mendelssohn_quartets-op-13,10417658005341870802,4,1,1,8354,0.0032716421581342066,0.0031255006152758735,0.004045293339454054,-1 0 -2 -1 1 3 -1,0 0 0 0 0 0 0,1
N09,0,osq-5116346,dcml-mendelssohn_quartets-op-13,7764500186156647199,1,1,1,8354,0.03986710963455149,0.07396150754871647,0.08495116012853515,2 -2 -2 2 -2 -1 -2,0 0 0 0 0 0 0,1
N09,0,osq-5116346,dcml-mendelssohn_quartets-op-13,2329109472373865160,16,1,1,8354,0.07308970099667775,0.5085476021793327,0.38430286724813517,-1 -2 -2 2 2 1 -1,0 0 0 0 0 0 0,1
N09,0,osq-5116346,dcml-mendelssohn_quartets-op-13,5156008558820677494,6,3,1,8354,0.08637873754152824,0.9812443440680351,0.21844584033051895,-1 1 -1 1 2 1 -1,0 0 0 0 0 0 0,1
N09,0,osq-5116346,dcml-mendelssohn_quartets-op-13,11185099478490614731,911,141,1,8354,0.760797342192691,284.8168295048739,340.66224270210483,0 0 0 0 0 0 0,0 0 0 0 0 0 0,1
N09,0,osq-5116346,dcml-mendelssohn_quartets-op-13,17435683611440750906,4,1,1,8354,0.132890365448505,0.2807310456333578,0.36003110721141085,0 0 0 0 0 0 -2,0 0 0 0 0 0 2,0
N09,0,osq-5116346,dcml-mendelssohn_quartets-op-13,10608263603240126584,2,1,1,8354,0.3222591362126246,1.14853305651748,1.4441697221850975,-12 0 0 0 0 0 0,0 0 0 0 0 0 0,1
N09,0,osq-5116346,dcml-mendelssohn_quartets-op-13,8363835840572266054,14,4,1,8354,0.4883720930232558,3.455264503214439,3.9967498193806064,0 0 0 0 0 0 -2,0 0 0 0 0 0 0,1
N09,0,osq-5116346,dcml-mendelssohn_quartets-op-13,17088342778623933744,12,4,1,8354,0.5249169435215947,4.2365273794447775,4.44982267339946,0 0 0 0 0 -2 0,0 0 0 0 0 0 0,1
N09,0,osq-5116346,dcml-mendelssohn_quartets-op-13,16647158588708528080,12,3,1,8354,0.5149501661129569,3.4834530507157577,4.049338632793509,0 0 0 0 -2 0 0,0 0 0 0 0 0 0,1
N09,0,osq-5116346,dcml-mendelssohn_quartets-op-13,10457360941286025917,13,5,1,8354,0.5415282392026578,5.176994691930644,6.3106576095483256,0 0 0 -2 0 0 0,0 0 0 0 0 0 0,1
N09,0,osq-5116346,dcml-mendelssohn_quartets-op-13,15595496824933904010,13,2,1,8354,0.4584717607973422,3.1654856470412045,3.7783039790500874,0 0 -2 0 0 0 0,0 0 0 0 0 0 0,1
N09,0,osq-5116346,dcml-mendelssohn_quartets-op-13,16161659831680223506,13,3,1,8354,0.46511627906976744,3.4261605219650906,4.0978821528669584,0 -2 0 0 0 0 0,0 0 0 0 0 0 0,1
N09,0,osq-5116346,dcml-mendelssohn_quartets-op-13,12953824969103987807,14,4,1,8354,0.42524916943521596,2.86860863576731,3.5598581387195685,-2 0 0 0 0 0 0,0 0 0 0 0 0 0,1
N09,0,osq-5116346,dcml-mendelssohn_quartets-op-13,14900027987342769807,4,3,1,8354,0.4418604651162791,2.5425468048113036,3.086558818003444,0 0 0 0 0 0 2,0 0 0 0 0 0 0,1
N09,0,osq-5116346,dcml-mendelssohn_quartets-op-13,11130442072034015534,3,2,1,8354,0.4684385382059801,3.9662697978260613,3.495133445288303,0 0 0 0 0 2 0,0 0 0 0 0 0 0,1
N09,0,osq-5116346,dcml-mendelssohn_quartets-op-13,16301350134076998786,3,2,1,8354,0.44518272425249167,3.5580746675348753,3.1391476314163467,0 0 0 0 2 0 0,0 0 0 0 0 0 0,1
N09,0,osq-5116346,dcml-mendelssohn_quartets-op-13,9237600869306216538,3,5,1,8354,0.5116279069767442,5.142032027593634,5.2912436880059035,0 0 0 2 0 0 0,0 0 0 0 0 0 0,1
N09,0,osq-5116346,dcml-mendelssohn_quartets-op-13,10952089253137447328,2,2,1,8354,0.4019933554817276,3.2627447349820757,2.9085659110674658,0 0 2 0 0 0 0,0 0 0 0 0 0 0,1
N09,0,osq-5116346,dcml-mendelssohn_quartets-op-13,13680867810256627457,2,1,1,8354,0.4119601328903654,3.2977012546057467,3.090604111342898,0 2 0 0 0 0 0,0 0 0 0 0 0 0,1
N09,0,osq-5116346,dcml-mendelssohn_quartets-op-13,9333681981848353177,11,1,1,8354,0.4950166112956811,3.855800082902146,4.846261420665957,0 0 0 0 0 0 -1,0 0 0 0 0 0 0,1
N09,0,osq-5116346,dcml-mendelssohn_quartets-op-13,10546099103484696246,14,1,1,8354,0.521594684385382,4.3650301511849765,5.242700167932456,0 0 0 0 0 -1 0,0 0 0 0 0 0 0,1
N09,0,osq-5116346,dcml-mendelssohn_quartets-op-13,3745538766256814985,10,1,1,8354,0.4584717607973422,3.4579464561369053,4.13024449958259,0 -1 0 0 0 0 0,0 0 0 0 0 0 0,1
N09,0,osq-5116346,dcml-mendelssohn_quartets-op-13,9050728763716188748,10,1,1,8354,0.43521594684385384,2.770002241816744,3.4506352185543085,-1 0 0 0 0 0 0,0 0 0 0 0 0 0,1
N09,0,osq-5116346,dcml-mendelssohn_quartets-op-13,1781669719148222935,2,1,1,8354,0.08637873754152824,0.14065509611380922,0.18203820027543247,0 0 0 0 0 0 6,0 0 0 0 0 0 0,1
N09,0,osq-5116346,dcml-mendelssohn_quartets-op-13,4242703683425270923,2,1,1,8354,0.09302325581395349,0.175648611903637,0.22249113366997303,0 0 0 0 0 6 0,0 0 0 0 0 0 0,1
N09,0,osq-5116346,dcml-mendelssohn_quartets-op-13,12038957063837000556,2,1,1,8354,0.08637873754152824,0.1759375492584027,0.21844584033051895,0 0 0 0 6 0 0,0 0 0 0 0 0 0,1
N09,0,osq-5116346,dcml-mendelssohn_quartets-op-13,399328360056517908,2,1,1,8354,0.11960132890365449,0.2394855748102008,0.295306413780146,0 0 0 6 0 0 0,0 0 0 0 0 0 0,1
N09,0,osq-5116346,dcml-mendelssohn_quartets-op-13,17272697810308759568,9,3,1,8354,0.5581395348837209,7.883730193096629,7.386705637843105,0 0 0 1 0 0 0,0 0 0 0 0 0 0,1
N09,0,osq-5116346,dcml-mendelssohn_quartets-op-13,7558105571455758811,8,2,1,8354,0.4850498338870432,6.208858144196727,4.635906167014347,0 0 1 0 0 0 0,0 0 0 0 0 0 0,1
N09,0,osq-5116346,dcml-mendelssohn_quartets-op-13,17871468558726863493,8,3,1,8354,0.49169435215946844,6.383589877470846,5.02829962094139,0 1 0 0 0 0 0,0 0 0 0 0 0 0,1
N09,0,osq-5116346,dcml-mendelssohn_quartets-op-13,910468409114650560,8,3,1,8354,0.4883720930232558,3.8175557248605525,4.482185020115092,1 0 0 0 0 0 0,0 0 0 0 0 0 0,1
N09,0,osq-5116346,dcml-mendelssohn_quartets-op-13,2630682921647085982,13,12,1,8354,0.3953488372093023,2.157603538582205,2.7103465374342166,0 0 0 0 0 0 0,0 0 0 0 0 0 2,0
N09,0,osq-5116346,dcml-mendelssohn_quartets-op-13,4260993258630826241,9,1,1,8354,0.4983388704318937,3.979454732696764,4.773446140555785,0 0 0 0 -1 0 0,0 0 0 0 0 0 0,1
N09,0,osq-5116346,dcml-mendelssohn_quartets-op-13,1141385019992909904,10,3,1,8354,0.5282392026578073,6.0024166386696916,7.358388584466925,0 0 0 -1 0 0 0,0 0 0 0 0 0 0,1
N09,0,osq-5116346,dcml-mendelssohn_quartets-op-13,13841404174617843719,8,1,1,8354,0.4418604651162791,3.2038006999860693,3.8834816058758928,0 0 -1 0 0 0 0,0 0 0 0 0 0 0,1
N09,0,osq-5116346,dcml-mendelssohn_quartets-op-13,13065781001223065661,7,4,1,8354,0.4883720930232558,4.926220874241974,4.150470966279861,0 0 0 0 0 0 1,0 0 0 0 0 0 0,1
N09,0,osq-5116346,dcml-mendelssohn_quartets-op-13,3968772331688480021,7,2,1,8354,0.5149501661129569,6.255119537382341,4.9918919808863045,0 0 0 0 0 1 0,0 0 0 0 0 0 0,1
N09,0,osq-5116346,dcml-mendelssohn_quartets-op-13,12136645170524575645,7,2,1,8354,0.4983388704318937,5.664923962894315,4.753219673858514,0 0 0 0 1 0 0,0 0 0 0 0 0 0,1
N09,0,osq-5116346,dcml-mendelssohn_quartets-op-13,3662360072331964329,1,1,1,8354,0.14950166112956811,0.3232812110546571,0.4126199206243136,0 0 0 0 0 0 7,0 0 0 0 0 0 0,1
N09,0,osq-5116346,dcml-mendelssohn_quartets-op-13,3853789598840055323,1,1,1,8354,0.15946843853820597,0.34179317846512525,0.42475580064267576,0 0 0 0 0 7 0,0 0 0 0 0 0 0,1
N09,0,osq-5116346,dcml-mendelssohn_quartets-op-13,12007584009221941140,1,1,1,8354,0.15282392026578073,0.3356345723328996,0.4045293339454055,0 0 0 0 7 0 0,0 0 0 0 0 0 0,1
N09,0,osq-5116346,dcml-mendelssohn_quartets-op-13,10882297707066375667,1,1,1,8354,0.1893687707641196,0.46063859955821446,0.5663410675235676,0 0 0 7 0 0 0,0 0 0 0 0 0 0,1
N09,0,osq-5116346,dcml-mendelssohn_quartets-op-13,3199035216507635917,2,6,1,8354,0.132890365448505,0.900885194750956,1.1165009616893191,0 -1 0 1 0 -1 0,0 0 0 0 0 0 0,1
N09,0,osq-5116346,dcml-mendelssohn_quartets-op-13,4782972742586727461,1,5,1,8354,0.07973421926910298,0.5687576090833792,0.7038810410650056,-1 0 1 0 -1 0 1,0 0 0 0 0 0 0,1
N09,0,osq-5116346,dcml-mendelssohn_quartets-op-13,6026279702752042838,1,4,1,8354,0.12956810631229235,0.9687274039888432,1.2054974151573083,0 1 0 -1 0 1 0,0 0 0 0 0 0 0,1
N09,0,osq-5116346,dcml-mendelssohn_quartets-op-13,10105603707808299964,1,7,1,8354,0.09302325581395349,0.561627363448332,0.6998357477255516,1 0 -1 0 1 0 -1,0 0 0 0 0 0 0,1
N09,0,osq-5116346,dcml-mendelssohn_quartets-op-13,15598532769223452241,4,1,1,8354,0.20930232558139536,1.0835018478751797,0.885919241340438,0 0 0 0 0 0 3,0 0 0 0 0 0 0,1
N09,0,osq-5116346,dcml-mendelssohn_quartets-op-13,1082045612886752309,4,2,1,8354,0.36212624584717606,1.4539481800187828,1.7920649493781464,0 0 0 0 0 0 5,0 0 0 0 0 0 0,1
N09,0,osq-5116346,dcml-mendelssohn_quartets-op-13,16762446751818653069,4,2,1,8354,0.3588039867109635,1.5957894024079382,1.7273402559468816,0 0 0 0 0 5 0,0 0 0 0 0 0 0,1
N09,0,osq-5116346,dcml-mendelssohn_quartets-op-13,611779362569012107,4,2,1,8354,0.33554817275747506,1.5054359359779488,1.6302532157999843,0 0 0 0 5 0 0,0 0 0 0 0 0 0,1
N09,0,osq-5116346,dcml-mendelssohn_quartets-op-13,8801578294649929429,4,5,1,8354,0.39867109634551495,2.02636961264228,2.297726616809903,0 0 0 5 0 0 0,0 0 0 0 0 0 0,1
N09,0,osq-5116346,dcml-mendelssohn_quartets-op-13,4068124447445488065,4,1,1,8354,0.33554817275747506,1.4184274750928203,1.5978908690843516,0 0 5 0 0 0 0,0 0 0 0 0 0 0,1
N09,0,osq-5116346,dcml-mendelssohn_quartets-op-13,9554831795633673372,4,2,1,8354,0.33222591362126247,1.3746340062130138,1.5736191090476273,0 5 0 0 0 0 0,0 0 0 0 0 0 0,1
N09,0,osq-5116346,dcml-mendelssohn_quartets-op-13,13020225774748621817,4,3,1,8354,0.38205980066445183,1.468226663594902,1.8042008293965086,5 0 0 0 0 0 0,0 0 0 0 0 0 0,1
N09,0,osq-5116346,dcml-mendelssohn_quartets-op-13,6555203061558586692,3,2,1,8354,0.3122923588039867,1.186714825331331,1.4563056022034597,0 0 0 0 0 0 -3,0 0 0 0 0 0 0,1
N09,0,osq-5116346,dcml-mendelssohn_quartets-op-13,6787782814435139067,3,2,1,8354,0.2956810631229236,1.4698110899648102,1.553392642350357,0 0 0 0 0 -3 0,0 0 0 0 0 0 0,1
N09,0,osq-5116346,dcml-mendelssohn_quartets-op-13,6936220342145915986,3,1,1,8354,0.27906976744186046,1.2373891993321275,1.310675041983114,0 0 0 0 -3 0 0,0 0 0 0 0 0 0,1
N09,0,osq-5116346,dcml-mendelssohn_quartets-op-13,14911049944244510654,3,5,1,8354,0.33554817275747506,1.98503905891408,2.3058172034888114,0 0 0 -3 0 0 0,0 0 0 0 0 0 0,1
N09,0,osq-5116346,dcml-mendelssohn_quartets-op-13,828940108759010231,3,2,1,8354,0.2558139534883721,0.9612389017679256,1.015368628202968,0 0 -3 0 0 0 0,0 0 0 0 0 0 0,1
N09,0,osq-5116346,dcml-mendelssohn_quartets-op-13,13646608702198817197,3,2,1,8354,0.24916943521594684,0.9062077547339704,0.9627798147900651,0 -3 0 0 0 0 0,0 0 0 0 0 0 0,1
N09,0,osq-5116346,dcml-mendelssohn_quartets-op-13,17925413280476743312,2,2,1,8354,0.4019933554817276,2.361083792679553,2.9773358978381843,12 0 0 0 0 0 0,0 0 0 0 0 0 0,1
N09,0,osq-5116346,dcml-mendelssohn_quartets-op-13,1961121527290964284,1,2,1,8354,0.2026578073089701,1.032358867974703,0.5380240141473893,2 2 1 2 1 2 2,0 0 0 0 0 0 0,1
N09,0,osq-5116346,dcml-mendelssohn_quartets-op-13,14581121746789897757,1,1,1,8354,0.2059800664451827,0.47622571605085556,0.5582504808446596,0 0 0 0 0 0 5,0 0 0 0 0 0 1,0
N09,0,osq-5116346,dcml-mendelssohn_quartets-op-13,2971087177904393756,1,1,1,8354,0.0033222591362126247,0.011136095591649058,0.008090586678908109,1 2 1 2 2 2 2,-2 0 0 0 0 0 0,0
N09,0,osq-5116346,dcml-mendelssohn_quartets-op-13,12555508749129863252,2,1,1,8354,0.12292358803986711,0.30335952387057014,0.3802575739086812,-2 -2 -1 -2 -2 4 3,0 0 0 0 0 0 0,1
N09,0,osq-5116346,dcml-mendelssohn_quartets-op-13,14971639722545730323,2,1,1,8354,0.029900332225913623,0.043174226601881346,0.05258881341290271,3 -1 -2 -2 -2 -1 -2,0 0 0 0 0 0 0,1
N10,0,osq-5108909,dcml-mendelssohn_quartets-op-12,11185099478490614731,129,31,1,8461,0.7665505226480837,358.1253289619849,361.2413035652211,0 0 0 0 0 0 0,0 0 0 0 0 0 0,1
N10,0,osq-5108909,dcml-mendelssohn_quartets-op-12,11130442072034015534,2,3,1,8461,0.47038327526132406,3.9239780820091,3.687427084869859,0 0 0 0 0 2 0,0 0 0 0 0 0 0,1
N10,0,osq-5108909,dcml-mendelssohn_quartets-op-12,18389617087881204502,2,1,1,8461,0.21254355400696864,6.438065616031623,1.4356964626298032,0 -2 0 -1 0 -2 0,0 0 0 0 0 0 0,1
N10,0,osq-5108909,dcml-mendelssohn_quartets-op-12,17642563101928328498,2,9,1,8461,0.07317073170731707,0.2953826192676447,0.18328039948465571,3 -1 -2 -2 -1 -2 -1,0 0 0 0 0 0 0,1
N10,0,osq-5108909,dcml-mendelssohn_quartets-op-12,15599349567898961749,2,9,1,8461,0.11498257839721254,1.0747810964015518,0.29237587536837933,-1 -2 -2 -1 -2 -1 -3,0 0 0 0 0 0 0,1
N10,0,osq-5108909,dcml-mendelssohn_quartets-op-12,14901062546128711614,2,19,1,8461,0.13937282229965156,1.1953325906823287,0.41456280835814985,-2 -2 -1 -2 -1 -3 -1,0 0 0 0 0 0 0,1
N10,0,osq-5108909,dcml-mendelssohn_quartets-op-12,12863154568693281166,4,19,1,8461,0.17073170731707318,1.430421543709512,0.554205017489316,-2 -1 -2 -1 -3 -1 -2,0 0 0 0 0 0 0,1
N10,0,osq-5108909,dcml-mendelssohn_quartets-op-12,4073167892415760602,2,20,1,8461,0.14982578397212543,1.1791937399724206,0.4756562748530351,-1 -2 -1 -3 -1 -2 -2,0 0 0 0 0 0 0,1
N10,0,osq-5108909,dcml-mendelssohn_quartets-op-12,3095522951971963757,2,14,1,8461,0.156794425087108,1.2562670592805112,0.558568836524665,-2 -1 -3 -1 -2 -2 -1,0 0 0 0 0 0 0,1
N10,0,osq-5108909,dcml-mendelssohn_quartets-op-12,15413499312176555783,2,1,1,8461,0.27526132404181186,2.573134175037951,1.1258653111200279,-2 -2 -1 3 -2 -1 -2,0 0 0 0 0 0 0,1
N10,0,osq-5108909,dcml-mendelssohn_quartets-op-12,10680526987173331367,2,1,1,8461,0.003484320557491289,0.1636211552605011,0.008727638070697891,3 -2 -1 -2 -1 -3 -1,0 0 0 0 0 0 0,1
N10,0,osq-5108909,dcml-mendelssohn_quartets-op-12,8363835840572266054,5,1,1,8461,0.49477351916376305,5.308924392522133,4.280906473677316,0 0 0 0 0 0 -2,0 0 0 0 0 0 0,1
N10,0,osq-5108909,dcml-mendelssohn_quartets-op-12,17088342778623933744,3,2,1,8461,0.5296167247386759,5.670630694174041,4.774018024671746,0 0 0 0 0 -2 0,0 0 0 0 0 0 0,1
N10,0,osq-5108909,dcml-mendelssohn_quartets-op-12,9125101788233606367,1,1,1,8461,9.644842268250666e-10,9.807615907473757e-07,0.004363819035348946,-2 2 1 1 -2 2 1,0 0 2 -2 0 0 2,0
N10,0,osq-5108909,dcml-mendelssohn_quartets-op-12,9127752725036164905,2,4,1,8461,0.05574912891986063,0.11318260560912938,0.13091457106046836,2 1 4 -2 -2 -1 -2,0 0 0 0 0 0 0,1
N10,0,osq-5108909,dcml-mendelssohn_quartets-op-12,4372973975099255643,90,8,1,8461,0.2926829268292683,23.30835412072384,29.17649407034305,-12 12 -12 12 -12 12 -12,0 0 0 0 0 0 0,1
N10,0,osq-5108909,dcml-mendelssohn_quartets-op-12,2325445932050422067,91,7,1,8461,0.3170731707317073,21.184881941108873,26.728391591512292,12 -12 12 -12 12 -12 12,0 0 0 0 0 0 0,1
N10,0,osq-5108909,dcml-mendelssohn_quartets-op-12,13065781001223065661,2,3,1,8461,0.49477351916376305,5.273658145580139,4.424912501843831,0 0 0 0 0 0 1,0 0 0 0 0 0 0,1
N10,0,osq-5108909,dcml-mendelssohn_quartets-op-12,3291422765762953031,2,2,1,8461,0.08013937282229965,0.5620398722372025,0.2836482372976815,0 0 0 0 0 1 -1,0 0 0 0 0 0 0,1
N10,0,osq-5108909,dcml-mendelssohn_quartets-op-12,18104957683447062627,6,2,1,8461,0.2926829268292683,1.3906698976826486,1.7367999760688804,0 0 0 3 0 0 0,0 0 0 0 0 0 0,1
N10,0,osq-5108909,dcml-mendelssohn_quartets-op-12,1081586595632079195,4,2,1,8461,0.24390243902439024,0.7751221752261238,0.960040187776768,0 0 3 0 0 0 0,0 0 0 0 0 0 0,1
N10,0,osq-5108909,dcml-mendelssohn_quartets-op-12,1378205947967098981,4,2,1,8461,0.23344947735191637,0.8399334457610156,1.0211336542716534,0 3 0 0 0 0 0,0 0 0 0 0 0 0,1
N10,0,osq-5108909,dcml-mendelssohn_quartets-op-12,15598532769223452241,2,1,1,8461,0.20209059233449478,1.1199322842663353,0.9033105403172318,0 0 0 0 0 0 3,0 0 0 0 0 0 0,1
N10,0,osq-5108909,dcml-mendelssohn_quartets-op-12,14138638990137700506,2,2,1,8461,0.24390243902439024,0.8766212646529152,1.042952749448398,0 0 0 0 0 3 0,0 0 0 0 0 0 0,1
N10,0,osq-5108909,dcml-mendelssohn_quartets-op-12,498167810775000135,2,2,1,8461,0.23693379790940766,0.813169848401541,1.0036783781302574,0 0 0 0 3 0 0,0 0 0 0 0 0 0,1
N10,0,osq-5108909,dcml-mendelssohn_quartets-op-12,16762446751818653069,2,1,1,8461,0.3693379790940767,2.3437905655665263,1.8153487187051613,0 0 0 0 0 5 0,0 0 0 0 0 0 0,1
N10,0,osq-5108909,dcml-mendelssohn_quartets-op-12,611779362569012107,3,1,1,8461,0.34494773519163763,2.252430928562302,1.7237085189628336,0 0 0 0 5 0 0,0 0 0 0 0 0 0,1
N10,0,osq-5108909,dcml-mendelssohn_quartets-op-12,8801578294649929429,4,1,1,8461,0.397212543554007,4.0899682754724305,2.4219195646186646,0 0 0 5 0 0 0,0 0 0 0 0 0 0,1
N10,0,osq-5108909,dcml-mendelssohn_quartets-op-12,4068124447445488065,3,1,1,8461,0.34494773519163763,2.0103431520202935,1.6931617857153909,0 0 5 0 0 0 0,0 0 0 0 0 0 0,1
N10,0,osq-5108909,dcml-mendelssohn_quartets-op-12,9554831795633673372,3,1,1,8461,0.33797909407665505,2.2640615773714,1.6713426905386464,0 5 0 0 0 0 0,0 0 0 0 0 0 0,1
N10,0,osq-5108909,dcml-mendelssohn_quartets-op-12,16647158588708528080,2,1,1,8461,0.519163763066202,5.07760230968276,4.376910492454993,0 0 0 0 -2 0 0,0 0 0 0 0 0 0,1
N10,0,osq-5108909,dcml-mendelssohn_quartets-op-12,10457360941286025917,1,1,1,8461,0.5470383275261324,7.481812247751407,6.777010961896913,0 0 0 -2 0 0 0,0 0 0 0 0 0 0,1
N10,0,osq-5108909,dcml-mendelssohn_quartets-op-12,9237600869306216538,3,3,1,8461,0.5121951219512195,6.596029169733817,5.6511456507768845,0 0 0 2 0 0 0,0 0 0 0 0 0 0,1
N10,0,osq-5108909,dcml-mendelssohn_quartets-op-12,17272697810308759568,2,4,1,8461,0.5644599303135889,7.46080532995052,7.841782806522056,0 0 0 1 0 0 0,0 0 0 0 0 0 0,1
N10,0,osq-5108909,dcml-mendelssohn_quartets-op-12,8430865466140809056,1,1,1,8461,0.24738675958188153,0.78788820386447,0.9949507400595596,0 0 0 0 0 -5 0,0 0 0 0 0 0 0,1
N10,0,osq-5108909,dcml-mendelssohn_quartets-op-12,210814488821974768,1,1,1,8461,0.2264808362369338,0.6942806774345891,0.8596723499637422,0 0 0 0 -5 0 0,0 0 0 0 0 0 0,1
N10,0,osq-5108909,dcml-mendelssohn_quartets-op-12,9126116104904292170,3,1,1,8461,0.2613240418118467,1.043021581865012,1.3047818915693346,0 0 0 -5 0 0 0,0 0 0 0 0 0 0,1
N10,0,osq-5108909,dcml-mendelssohn_quartets-op-12,14911049944244510654,1,1,1,8461,0.34146341463414637,3.9311529879032316,2.474285393042852,0 0 0 -3 0 0 0,0 0 0 0 0 0 0,1
N10,0,osq-5108909,dcml-mendelssohn_quartets-op-12,10546099103484696246,2,1,1,8461,0.5331010452961672,4.650355217545579,5.515867260681068,0 0 0 0 0 -1 0,0 0 0 0 0 0 0,1
N10,0,osq-5108909,dcml-mendelssohn_quartets-op-12,4260993258630826241,2,1,1,8461,0.5087108013937283,4.4225433503681355,5.044574804863381,0 0 0 0 -1 0 0,0 0 0 0 0 0 0,1
N10,0,osq-5108909,dcml-mendelssohn_quartets-op-12,1141385019992909904,1,1,1,8461,0.5331010452961672,7.294036980279449,7.811236073274613,0 0 0 -1 0 0 0,0 0 0 0 0 0 0,1
N10,0,osq-5108909,dcml-mendelssohn_quartets-op-12,13841404174617843719,1,1,1,8461,0.44947735191637633,3.632557351224051,4.132536626475451,0 0 -1 0 0 0 0,0 0 0 0 0 0 0,1
N10,0,osq-5108909,dcml-mendelssohn_quartets-op-12,3745538766256814985,1,1,1,8461,0.46689895470383275,4.04788060221795,4.403093406667086,0 -1 0 0 0 0 0,0 0 0 0 0 0 0,1
N10,0,osq-5108909,dcml-mendelssohn_quartets-op-12,1776099169143211250,1,1,1,8461,0.006968641114982578,0.006092636629259354,0.013091457106046837,5 0 0 0 0 0 -5,0 0 0 0 0 0 0,1
N10,0,osq-5108909,dcml-mendelssohn_quartets-op-12,11629645975092450283,20,1,1,8461,0.09059233449477352,0.22538047228904784,0.2836482372976815,2 -2 -2 -1 1 2 2,0 0 0 0 0 0 0,1
N10,0,osq-5108909,dcml-mendelssohn_quartets-op-12,12133793991146326180,11,4,1,8461,0.24041811846689895,1.9770789106260596,1.5578833956195737,-1 1 2 -2 -1 1 2,0 0 0 0 0 0 0,1
N10,0,osq-5108909,dcml-mendelssohn_quartets-op-12,8303241195277097304,10,12,1,8461,0.13240418118466898,0.3142773223843569,0.36656079896931143,1 2 -2 -1 1 2 2,0 0 0 0 0 0 0,1
N10,0,osq-5108909,dcml-mendelssohn_quartets-op-12,17667999086679755809,10,12,1,8461,0.11846689895470383,0.3793907457938512,0.4582009987116393,2 -2 -1 1 2 2 1,0 0 0 0 0 0 0,1
N10,0,osq-5108909,dcml-mendelssohn_quartets-op-12,3917756118727609051,4,1,1,8461,0.041811846689895474,0.3174593612938457,0.19200803755535362,0 1 -1 1 -1 1 -1,0 0 0 0 0 0 0,1
N10,0,osq-5108909,dcml-mendelssohn_quartets-op-12,625573486217328618,15,6,1,8461,0.041811846689895474,0.1118663352692253,0.1047316568483747,1 2 -2 -1 1 2 1,0 0 0 0 0 0 0,1
N10,0,osq-5108909,dcml-mendelssohn_quartets-op-12,14331870404421360012,15,6,1,8461,0.041811846689895474,0.09206318250545222,0.10036783781302575,2 -2 -1 1 2 1 2,0 0 0 0 0 0 0,1
N10,0,osq-5108909,dcml-mendelssohn_quartets-op-12,16770575908656918336,15,6,1,8461,0.0627177700348432,0.12536320449119928,0.15709748527256207,-2 -1 1 2 1 2 -2,0 0 0 0 0 0 0,1
N10,0,osq-5108909,dcml-mendelssohn_quartets-op-12,16282620910039379307,15,6,1,8461,0.08013937282229965,0.1983833485627465,0.2487376850148899,-1 1 2 1 2 -2 -1,0 0 0 0 0 0 0,1
N10,0,osq-5108909,dcml-mendelssohn_quartets-op-12,17393558348682315572,13,7,1,8461,0.020905923344947737,0.07279746924367175,0.06545728553023418,1 2 1 2 -2 -1 1,0 0 0 0 0 0 0,1
N10,0,osq-5108909,dcml-mendelssohn_quartets-op-12,10890104756148967441,6,6,1,8461,0.010452961672473868,0.013937445595747998,0.017455276141395783,4 1 2 -2 -1 1 2,0 0 0 0 0 0 0,1
N10,0,osq-5108909,dcml-mendelssohn_quartets-op-12,12047171225645131023,4,2,1,8461,0.6236933797909407,3.9955842927817673,5.053302442934079,-1 -2 -2 -1 -2 -2 -2,0 0 0 0 0 0 0,1
N10,0,osq-5108909,dcml-mendelssohn_quartets-op-12,11795067275911018803,6,2,1,8461,0.6933797909407665,4.388162613215515,5.4853205274336245,-2 -2 -1 -2 -2 -2 -1,0 0 0 0 0 0 0,1
N10,0,osq-5108909,dcml-mendelssohn_quartets-op-12,6763743115521841650,8,1,1,8461,0.059233449477351915,0.3876202499820979,0.30983115150977514,-2 -1 -2 5 -2 -1 -2,0 0 0 0 0 0 0,1
N10,0,osq-5108909,dcml-mendelssohn_quartets-op-12,18071319995956544703,3,1,1,8461,0.017421602787456445,0.08480163161140865,0.11345929491907258,0 4 -4 0 5 -5 0,0 0 0 0 0 0 0,1
N10,0,osq-5108909,dcml-mendelssohn_quartets-op-12,11089555382084080366,2,3,1,8461,0.37282229965156793,14.92810363700562,9.552399868378842,-1 1 -1 1 -1 1 -1,0 0 0 0 0 0 0,1
N10,0,osq-5108909,dcml-mendelssohn_quartets-op-12,2900228450425205540,1,4,1,8461,0.397212543554007,15.692015068715497,9.5218531351314,1 -1 1 -1 1 -1 1,0 0 0 0 0 0 0,1
N10,0,osq-5108909,dcml-mendelssohn_quartets-op-12,5114008679704466123,2,1,1,8461,1.4816496048658103e-06,2.068660333221578e-06,0.004363819035348946,0 0 1 -5 0 0 0,0 0 2 -2 0 0 2,0
N10,0,osq-5108909,dcml-mendelssohn_quartets-op-12,739294117062429732,1,1,1,8461,0.003484320557491289,0.007169649730792503,0.013091457106046837,0 -1 1 2 -2 -1 1,-2 0 0 0 0 0 0,0
N10,0,osq-5108909,dcml-mendelssohn_quartets-op-12,4472855244347464053,1,1,1,8461,0.0011230856940724657,0.0022741094233434457,0.004363819035348946,-2 0 0 0 0 0 0,0 0 0 2 -2 0 0,0
N10,0,osq-5108909,dcml-mendelssohn_quartets-op-12,17023554669062520923,1,1,1,8461,0.17770034843205576,0.5246889925602283,0.637117579160946,0 0 4 0 0 0 0,0 0 0 0 0 0 0,1
N10,0,osq-5108909,dcml-mendelssohn_quartets-op-12,4518025025873027112,1,1,1,8461,0.17770034843205576,0.5853603235130987,0.7113025027618781,0 4 0 0 0 0 0,0 0 0 0 0 0 0,1
N10,0,osq-5108909,dcml-mendelssohn_quartets-op-12,13352487303376917718,1,1,1,8461,0.0975609756097561,0.3323111942101928,0.2967396944037283,1 0 0 0 0 0 0,-2 0 0 0 0 0 0,0
N10,0,osq-5108909,dcml-mendelssohn_quartets-op-12,7372329311636653700,1,1,1,8461,0.47038327526132406,3.6698800338719146,3.9536200460261446,0 0 0 0 0 0 0,0 0 0 0 0 0 1,0
N10,0,osq-5108909,dcml-mendelssohn_quartets-op-12,16898579524005420827,7,27,1,8461,0.32752613240418116,1.0625849579551887,1.1738673205088663,-2 -1 1 2 -2 -1 -2,0 0 0 0 0 0 0,1
N10,0,osq-5108909,dcml-mendelssohn_quartets-op-12,13831747800214706784,9,20,1,8461,0.11498257839721254,0.9649178553452886,0.25310150405023885,-1 1 2 -2 -1 -2 -1,0 0 0 0 0 0 0,1
N10,0,osq-5108909,dcml-mendelssohn_quartets-op-12,338492175657507967,9,21,1,8461,0.156794425087108,0.9407936944537424,0.401471351252103,1 2 -2 -1 -2 -1 1,0 0 0 0 0 0 0,1
N10,0,osq-5108909,dcml-mendelssohn_quartets-op-12,11809939375355998636,8,22,1,8461,0.14634146341463414,0.301056424490322,0.36656079896931143,2 -2 -1 -2 -1 1 2,0 0 0 0 0 0 0,1
N10,0,osq-5108909,dcml-mendelssohn_quartets-op-12,15644909263887403394,8,1,1,8461,0.2229965156794425,0.5083425769111221,0.6283899410902483,-2 -1 -2 -1 1 2 1,0 0 0 0 0 0 0,1
N10,0,osq-5108909,dcml-mendelssohn_quartets-op-12,9588130304029996307,8,1,1,8461,0.17073170731707318,0.37213890228580204,0.4582009987116393,-1 -2 -1 1 2 1 2,0 0 0 0 0 0 0,1
N10,0,osq-5108909,dcml-mendelssohn_quartets-op-12,5938230372011870089,7,1,1,8461,0.13240418118466898,0.29646119096736256,0.34037788475721775,-2 -1 1 2 1 2 2,0 0 0 0 0 0 0,1
N10,0,osq-5108909,dcml-mendelssohn_quartets-op-12,3360626415820149982,2,2,1,8461,0.1254355400696864,1.5771370980663955,0.3491055228279156,2 2 2 2 1 2 1,0 0 0 0 0 0 0,1
N10,0,osq-5108909,dcml-mendelssohn_quartets-op-12,17459408586816276130,2,12,1,8461,0.11149825783972125,0.40394220173422574,0.3054673324744262,2 1 2 -2 -1 1 2,0 0 0 0 0 0 0,1
N10,0,osq-5108909,dcml-mendelssohn_quartets-op-12,4885158711967450239,2,12,1,8461,0.14634146341463414,0.3427143301071531,0.38837989414605617,-2 -1 1 2 2 1 -1,0 0 0 0 0 0 0,1
N10,0,osq-5108909,dcml-mendelssohn_quartets-op-12,15651185993562832126,2,12,1,8461,0.17421602787456447,0.38602892792697835,0.4669286367823372,-1 1 2 2 1 -1 -2,0 0 0 0 0 0 0,1
N10,0,osq-5108909,dcml-mendelssohn_quartets-op-12,10065334718466605234,5,12,1,8461,0.32752613240418116,1.0513086983651747,1.2960542534986368,-2 -2 -1 1 2 -2 -1,0 0 0 0 0 0 0,1
N10,0,osq-5108909,dcml-mendelssohn_quartets-op-12,9426163385979962224,11,11,1,8461,0.08710801393728224,2.190371779235069,0.405835170287452,0 0 0 0 0 0 0,-2 0 0 2 -2 0 0,0
N10,0,osq-5108909,dcml-mendelssohn_quartets-op-12,1288348818902500639,1,1,1,8461,2.300887418446385e-05,0.00016926470182134501,0.004363819035348946,-2 -1 -2 0 0 0 0,0 0 2 -2 0 0 2,0
N10,0,osq-5108909,dcml-mendelssohn_quartets-op-12,6166731258421678906,10,9,1,8461,0.08013937282229965,1.957591420042452,0.3054673324744262,0 0 0 0 0 0 0,0 0 2 -2 0 0 2,0
N10,0,osq-5108909,dcml-mendelssohn_quartets-op-12,7130133608813639814,8,3,1,8461,0.04878048780487805,1.1357601994531674,0.18764421852000468,0 0 0 0 0 0 0,0 2 -2 0 0 2 -2,0
N10,0,osq-5108909,dcml-mendelssohn_quartets-op-12,14562821186855661718,8,3,1,8461,0.03832752613240418,0.8407127328724123,0.1745527614139578,0 0 0 0 0 0 0,2 -2 0 0 2 -2 0,0
N10,0,osq-5108909,dcml-mendelssohn_quartets-op-12,227317259699106619,1,1,1,8461,0.22996515679442509,1.4892012291805614,0.8814914451404869,0 0 0 0 0 0 0,-2 0 0 0 0 0 0,0
